Distance_m,X_m,Y_m,Z_m,Curvature_1/m,Speed_kph,gLat_g,gLong_g,mu_Longitudinal,mu_Lateral,mu_Combined,NormalLoad_per_Tyre_N,LongForce_per_Tyre_N,LatForce_per_Tyre_N,DrivingPhase
0.0,-267.7320452,-848.6222413,0.0,-0.018369673809204172,114.6227391955406,0.0,0.0,0.0,0.0,0.0,674.4375,0.0,0.0,Cruise
7.068792917075575,-274.7653538,-849.3296333,0.0,-0.018369673809204172,114.6227391955406,-1.8983181551509996,0.0,0.0,1.8983181551509998,1.8983181551509998,674.4375,0.0,-1280.2969507646524,Cornering
10.93301011707556,-278.629571,-849.3296333,0.0,-0.005586861630047595,106.23229020191648,-0.4959147148997253,-1.8859360465398807,1.885936046539881,0.4959147148997253,1.9500477368753186,674.4375,-1271.945992388241,-334.46348053018346,Combined
13.881048201184583,-281.5770754,-849.2735409,0.0,-0.02547075360501631,97.34207368335285,-1.8983180331258411,-2.4143394480659275,2.4143394480659275,1.8983180331258414,3.0712613573869043,674.4375,-1628.321061504964,-1280.2968684663097,Combined
16.986350393405683,-284.668072,-848.9758133,0.0,-0.005359987111561399,97.5203065398353,-0.40094043016307984,0.043985334199968605,0.04398533419996861,0.4009404301630799,0.4033459286568274,674.4375,29.66535883449133,-270.4092613681122,Cornering
20.128435812128064,-287.7902007,-848.6222413,0.0,-0.0317645579602332,87.16659519739581,-1.8983180267764352,-2.393371728692831,2.3933717286928315,1.8983180267764352,3.054805977879854,674.4375,-1614.1796452702715,-1280.296864184032,Combined
23.34610436663712,-290.9347719,-847.9402861,0.0,-0.002482394081379311,91.65086081122546,-0.16400980598841242,0.980067369839691,0.9800673698396911,0.16400980598841242,0.9936957612291836,674.4375,660.9941867462567,-110.6143635263099,Acceleration
29.50364935866942,-296.9368402,-846.5653183,0.0,0.013017601436505146,76.76971562122417,0.6034437940629834,-1.6007367106149855,1.6007367106149857,0.6034437940629834,1.7107023204823253,674.4375,-1079.5968652653944,406.9851238583534,Combined
32.09763231868256,-299.4941893,-846.130907,0.0,0.05562333487246968,65.87080605619639,1.898318019073667,-2.3569742835888547,2.356974283588855,1.8983180190736673,3.026373915272032,674.4375,-1589.6318433879585,1280.2968589889965,Combined
35.58811931868253,-302.9846763,-846.130907,0.0,0.06283057216430864,61.97777532865943,1.8983180288179105,-0.5607815486013779,0.560781548601378,1.8983180288179105,1.9794158945979183,674.4375,-378.21210568484184,1280.2968655608795,Combined
40.3897984216746,-307.6285458,-847.3518076,0.0,0.015536256938380398,71.33780175112788,0.6218875052744328,1.0220233880827303,1.0220233880827303,0.6218875052744328,1.1963594255091405,674.4375,689.2908988000464,419.42425433852526,Combined
44.909171213310024,-311.9049178,-848.8137833,0.0,-0.03777071182522952,79.04138244882753,-1.8560523261620152,1.008087406906627,1.0080874069066272,1.8560523261620154,2.112148303840229,674.4375,679.8919504955884,-1251.7912907258942,Combined
49.203516685077744,-316.1417029,-849.5145365,0.0,-0.05113800966008408,68.69886865482435,-1.898318071417962,-1.3993422838597445,1.3993422838597445,1.898318071417962,2.3583405877162473,674.4375,-943.7689115706564,-1280.2968942919517,Combined
54.5169133061577,-321.4386103,-849.0962595,0.0,-0.06339101198000716,60.007191525815344,-1.7953961045228055,-0.8279923831608156,0.8279923831608157,1.7953961045228057,1.9771238096558326,674.4375,-558.4291129180226,-1210.8824602440998,Combined
57.20661430605499,-323.9833641,-848.2252144,0.0,-0.12027176691449003,44.79604229417696,-1.8983180375241637,-2.3309271560551426,2.3309271560551426,1.898318037524164,3.0061325284200144,674.4375,-1572.0646838119403,-1280.2968714327033,Combined
61.08706134006727,-326.9170733,-845.6852893,0.0,-0.22700617980721727,32.60638476644609,-1.8983180158801245,-0.9562254943797103,0.9562254943797104,1.8983180158801245,2.1255536891635494,674.4375,-644.9143318657159,-1280.2968568351514,Combined
64.49816690121335,-327.3248679,-842.2986472,0.0,0.008749489205123516,46.725486858227406,0.15025065059437712,1.2913846353272593,1.2913846353272593,0.15025065059437712,1.3000959712126456,674.4375,870.9582249885285,101.33467316024522,Acceleration
68.28481855379296,-327.8956708,-838.5552644,0.0,0.09793077888541434,49.64344260501364,1.8983180673824183,0.29204943908480513,0.29204943908480513,1.8983180673824183,1.920652066309843,674.4375,196.96909357275825,1280.2968915702297,Combined
71.63272836524364,-329.4781139,-835.6049468,0.0,0.196392372133163,35.055743493864206,1.8983180263729933,-1.4514038784290861,1.4514038784290861,1.8983180263729935,2.3895992441352276,674.4375,-978.8812032580169,1280.2968639119358,Combined
73.0012533395591,-330.5851222,-834.8003393,0.0,2.6473070127223835e-09,40.99360379192569,3.4991495144783224e-08,1.297683356722266,1.297683356722266,3.4991495144783224e-08,1.2976833567222665,674.4375,875.2063188993734,2.3599576506709737e-05,Acceleration
75.18416249801618,-332.3508909,-833.5169246,0.0,-0.0007733699759087722,48.48399952340792,-0.014299148464898291,1.2074785879718328,1.2074785879718328,0.014299148464898291,1.2075632513691663,674.4375,814.368840175253,-9.643881942794842,Acceleration
79.2535393521992,-335.636841,-831.116433,0.0,-1.7614905274954245e-09,58.85559670916101,-4.7993435332604085e-08,1.0759043994270503,1.0759043994270503,4.7993435332604085e-08,1.0759043994270514,674.4375,725.6302733885813,-3.236857254213317e-05,Acceleration
85.20321164311758,-340.4410965,-827.6067707,0.0,2.042636488696555e-09,70.82745007481452,8.059726228983232e-08,1.0262367059018025,1.0262367059018025,8.059726228983232e-08,1.0262367059018056,674.4375,692.132518336647,5.4357816085598785e-05,Acceleration
90.7242295760822,-344.8992212,-824.3499681,0.0,-8.57241040284428e-10,80.20521635880571,-4.337446940199846e-08,1.0088977008330797,1.00889770083308,4.3374469401998464e-08,1.0088977008330808,674.4375,680.4384431056103,-2.925336870731034e-05,Acceleration
102.14421504996741,-354.1206582,-817.6134135,0.0,-2.3521259649551627e-10,96.52253987641028,-1.723630021445458e-08,0.9930797626458451,0.9930797626458452,1.723630021445458e-08,0.9930797626458454,674.4375,669.7702324194572,-1.1624807225886211e-05,Acceleration
114.18119407644325,-363.8403066,-810.5128995,0.0,2.9867580751808684e-09,82.41871841620518,1.5957973952148037e-07,-0.8245666776822211,0.824566677682221,1.5957973952148037e-07,0.8245666776822365,674.4375,-556.118688679303,0.00010762656057351842,Braking
119.43308966772688,-368.0811198,-807.41485,0.0,-0.06602364611447759,60.46050138957341,-1.8983180804196997,-2.3493409842743453,2.3493409842743453,1.8983180804196997,3.020432848920744,674.4375,-1584.4836600815288,-1280.2969003630612,Combined
123.62357678350355,-370.5636674,-804.038885,0.0,-0.14885048973664392,40.26672946765214,-1.8983180305392462,-1.9089555996020815,1.9089555996020815,1.8983180305392462,2.692159509821538,674.4375,-1287.4712422066289,-1280.2968667218129,Combined
125.68126140893644,-370.9408277,-802.0160612,0.0,-0.35963801228010794,25.905304169269243,-1.898318025713853,-1.8163067970673825,1.8163067970673827,1.8983180257138532,2.6272764810395035,674.4375,-1224.985415447133,-1280.2968634673869,Combined
128.9490041958988,-368.9584879,-799.4182791,0.0,-0.18091980897391408,36.5240081229896,-1.898318031586978,0.7978260171378629,0.7978260171378629,1.898318031586978,2.059159465090143,674.4375,538.0837844334175,-1280.2968674284425,Combined
131.51812621490072,-366.6100741,-798.3764823,0.0,-0.017748215217414362,46.73130963642728,-0.3048572880519951,1.300870874847281,1.300870874847281,0.3048572880519951,1.336114889934375,674.4375,877.3561006548131,-205.60718721056745,Combined
135.19772920239956,-363.1690945,-797.0729726,0.0,4.1068649228136706e-11,56.68325605318506,1.0378772414774706e-09,1.0999799625573432,1.0999799625573434,1.0378772414774706e-09,1.0999799625573434,674.4375,741.8677359972683,6.999833320489615e-07,Acceleration
142.95703390372364,-355.9129831,-794.3242171,0.0,1.1695314849542533e-09,71.58890538378748,4.714431750669684e-08,0.9690730177178047,0.9690730177178049,4.714431750669684e-08,0.969073017717806,674.4375,653.579183387052,3.179589563842285e-05,Acceleration
148.6768416124706,-350.5641067,-792.2979591,0.0,0.138769056300781,41.7037573990662,1.8983181366037654,-2.3279398880995896,2.3279398880995896,1.8983181366037656,3.0038168836272163,674.4375,-1570.049958280167,1280.2969382557021,Combined
152.47282662070998,-348.4353469,-789.155049,0.0,0.22625833733818135,32.66022667679251,1.8983180258810877,-0.6967422943933977,0.6967422943933977,1.898318025881088,2.02214271310945,674.4375,-469.9091311749472,1280.2968635801763,Combined
156.54533814355563,-349.187473,-785.1525927,0.0,0.08038151119816325,49.031904179377115,1.5199863125317563,1.2915376742149387,1.291537674214939,1.5199863125317563,1.994599697733964,674.4375,871.0614401533378,1025.1357686581364,Combined
163.15459824465506,-352.9265332,-779.7026617,0.0,-0.00010890298101592229,64.837435296284,-0.003600952678771783,1.0709249766668434,1.0709249766668434,0.003600952678771783,1.0709310306966895,674.4375,722.2719639507442,-2.4286175222891444,Acceleration
174.79326293796723,-359.5013419,-770.0989954,0.0,6.297424824937701e-10,84.95002881993773,3.574506112127144e-08,1.01797329203614,1.01797329203614,3.5745061121271444e-08,1.0179732920361406,674.4375,686.5593621476241,2.410780965997751e-05,Acceleration
185.53771148019098,-365.5709982,-761.2331933,0.0,-3.525047580044677e-10,99.52757311580042,-2.7464886152349174e-08,0.984328091261053,0.9843280912610531,2.7464886152349177e-08,0.9843280912610535,674.4375,663.8677770498765,-1.8523349154374997e-05,Acceleration
196.65693705050924,-371.8523701,-752.0581432,0.0,1.3156444625819463e-10,112.26689588890751,1.3042713751480184e-08,0.9542944773400034,0.9542944773400035,1.3042713751480184e-08,0.9542944773400036,674.4375,643.6119815609986,8.796495255763917e-06,Acceleration
207.23995469141667,-377.8308323,-743.3255461,0.0,-0.0006667971641403236,89.74989658582474,-0.04224619982073088,-1.6903804491743568,1.6903804491743566,0.04224619982073088,1.690908277923493,674.4375,-1140.0559641900302,-28.49242139159418,Braking
213.93264600326484,-381.5797365,-737.7813749,0.0,4.4410712220091166e-09,63.6355346696153,1.4145331313630813e-07,-2.3537413195748877,2.3537413195748877,1.4145331313630813e-07,2.353741319574892,674.4375,-1587.4514112207883,9.540141887836882e-05,Braking
215.84213635554215,-382.6493356,-736.1995686,0.0,0.08285706420126053,53.970534598101686,1.8983180282225316,-2.341046948891617,2.3410469488916172,1.8983180282225316,3.013986090410742,674.4375,-1578.88985159309,1280.2968651593337,Combined
218.79083972501272,-384.7528657,-734.1331677,0.0,0.12868436334345879,43.307050010456656,1.8983180283869814,-1.3834925776739344,1.3834925776739344,1.8983180283869814,2.3489706361250886,674.4375,-933.0792753549641,1280.2968652702448,Combined
220.94788575030594,-386.6907221,-733.1857712,0.0,0.008719045844231658,50.08937572278506,0.17206248474819894,1.154902927271199,1.154902927271199,0.17206248474819894,1.167649891909946,674.4375,778.9098430114693,116.04539205736342,Acceleration
222.77808356089415,-388.348666,-732.4106286,0.0,-1.2644084634308468e-08,54.799370513519435,-2.986513791993799e-07,1.0615666954479352,1.0615666954479352,2.986513791993799e-07,1.0615666954479772,674.4375,715.9603881611669,-0.00020142168955878181,Acceleration
224.60828128089415,-390.0066098,-731.635486,0.0,-0.029544749511031934,44.70713923849324,-0.46447256304442314,-2.157926623255004,2.157926623255004,0.46447256304442314,2.207347293285268,674.4375,-1455.3866369715467,-313.25771423827314,Combined
226.3903497251113,-391.5784267,-730.7957482,0.0,-0.25462365012237304,30.787336660011704,-1.898318027988476,-2.3191020813776184,2.319102081377619,1.898318027988476,2.9969727725216426,674.4375,-1564.0894100091177,-1280.2968650014777,Combined
227.8532947858024,-392.4987623,-729.6585628,0.0,-0.19769030570138418,34.940475265461856,-1.8983180627255047,0.7338268171612462,0.7338268171612463,1.898318062725505,2.0352182351912336,674.4375,494.92032399918804,-1280.2968884294328,Combined
229.86532653230887,-393.178403,-727.764794,0.0,-0.18281421775895468,36.33427789142444,-1.8983182652306017,0.19417716982359665,0.19417716982359665,1.8983182652306019,1.908223521862369,674.4375,130.96036497290197,-1280.297025006464,Combined
232.51573351630586,-393.0004129,-725.1203703,0.0,-0.09523313042462438,46.868079314451776,-1.6453881447379373,1.3004815213512229,1.3004815213512229,1.6453881447379375,2.0972730709710032,674.4375,877.0935060563154,-1109.7114668666927,Combined
233.74697395732431,-392.6945457,-723.9277269,0.0,-0.04426193002588894,50.4019077370776,-0.8844031655486282,1.097937051295702,1.097937051295702,0.8844031655486282,1.4098350002182296,674.4375,740.4899200332451,-596.4746599647029,Combined
235.67883293097128,-392.0850355,-722.0945394,0.0,0.037094964795939656,55.007366911416774,0.8828413530385592,0.988262548374402,0.9882625483744021,0.8828413530385592,1.3251685625438077,674.4375,666.5213224692608,595.4213150399432,Combined
237.75272174183786,-391.5784267,-720.0834794,0.0,0.13424213998078624,42.40109310393993,1.8983179903991312,-2.328594889947206,2.328594889947206,1.8983179903991312,3.0043244422267774,674.4375,-1570.4917160887687,1280.296839649814,Combined
241.11669711828145,-391.9463906,-716.7396892,0.0,0.03668885302385762,52.92901392828857,0.8084398862294133,1.1733183909923075,1.1733183909923077,0.8084398862294133,1.4248687996750453,674.4375,791.3299223248745,545.24217576885,Combined
244.29544980661746,-392.6688099,-713.6441151,0.0,-4.5182068002878917e-10,60.335877728820485,-1.2937291565945468e-08,1.0379320620324237,1.0379320620324237,1.293729156594547e-08,1.037932062032424,674.4375,700.0203050869927,-8.725394580507347e-06,Acceleration
254.18080439195427,-394.9154052,-704.0174311,0.0,-2.354121073676488e-10,78.83536191773328,-1.1507922212019998e-08,1.0242662399173637,1.0242662399173637,1.150792221202e-08,1.0242662399173639,674.4375,690.803562184267,-7.761374286869238e-06,Acceleration
263.24720680889567,-396.9758813,-695.1882697,0.0,6.805213009258661e-11,92.24982996995934,4.555109940063134e-09,0.9955128737884306,0.9955128737884306,4.555109940063134e-09,0.9955128737884306,674.4375,671.4112138156846,3.07213696020133e-06,Acceleration
273.17156746451957,-399.2313413,-685.5236003,0.0,-7.01892452067969e-10,90.0900531142948,-4.480745209921737e-08,-0.1560572724165425,0.1560572724165425,4.480745209921737e-08,0.15605727241654893,674.4375,-105.25087666543187,-3.021982597516591e-05,Braking
278.41641834076285,-400.4233124,-680.4159917,0.0,0.014720630869632748,70.45260866975961,0.5747071108161209,-2.3639499613625885,2.363949961362589,0.5747071108161209,2.432806544517833,674.4375,-1594.336502066481,387.6040270510475,Combined
282.818622236181,-401.7250948,-676.2106663,0.0,0.10269656157807086,48.47787122928937,1.8983180431306248,-2.3347624917718504,2.3347624917718504,1.898318043130625,3.009107390217236,674.4375,-1574.6513780443775,1280.2968752139109,Combined
284.88659330631214,-402.9381034,-674.5358187,0.0,0.09234102694787699,51.12391925498819,1.8983180260403234,0.501206165127472,0.501206165127472,1.8983180260403236,1.9633692846612982,674.4375,338.03223299315937,1280.2968636875707,Combined
288.5611068627152,-405.7904744,-672.2193495,0.0,0.007456576278837262,54.31769749472117,0.17304065893266773,0.3604233802680373,0.36042338026803733,0.17304065893266776,0.39981005826228294,674.4375,243.08304352952442,116.70510940890111,Acceleration
290.5316534475134,-407.3459297,-671.0095509,0.0,-0.07129548455090083,42.23414436271794,-1.000265790988985,-2.328437087423205,2.3284370874232057,1.000265790988985,2.5341963070588434,674.4375,-1570.3852881489881,-674.6167594101336,Combined
291.9110769165775,-408.3264551,-670.039304,0.0,-0.24875989621088204,31.148081820078605,-1.8983180259005747,-2.319351609310485,2.319351609310485,1.8983180259005747,2.997165863790356,674.4375,-1564.25770100434,-1280.296863593319,Combined
293.37951037017643,-408.9587987,-668.7139971,0.0,-0.06740135548997958,38.088540453008044,-0.7691008360405945,1.2869621313564248,1.2869621313564248,0.7691008360405946,1.4992623598102546,674.4375,867.9755224666987,-518.7104451071285,Combined
295.1358393035351,-409.5391608,-667.0563267,0.0,-0.14157610640178883,41.28825322336746,-1.8983180386344178,0.5687150043388448,0.5687150043388449,1.8983180386344178,1.9816781100786665,674.4375,383.5627257387797,-1280.2968721815002,Combined
296.6364796147308,-409.701929,-665.5645399,0.0,-0.2941498329021855,28.64423225779554,-1.8983180187886823,-2.3173069170104723,2.3173069170104728,1.8983180187886821,2.9955838576281533,674.4375,-1562.8786838412507,-1280.2968587967919,Combined
298.2053604035156,-409.2005835,-664.0779197,0.0,-0.05896566001791103,36.4733581778724,-0.6169879160076682,1.2779611467340446,1.2779611467340448,0.6169879160076682,1.4191049224991366,674.4375,861.9049209004423,-416.11978760242175,Combined
301.28838898161257,-407.8264096,-661.3180807,0.0,0.014124363857111867,48.477072947745405,0.26107643053370927,1.3007675661108917,1.3007675661108917,0.26107643053370927,1.3267091480902193,674.4375,877.2864253689146,176.07973511807853,Acceleration
305.17823440904743,-406.2660361,-657.7549175,0.0,0.11844486344097817,45.14018911135738,1.898318022967972,-0.31583530515929387,0.31583530515929387,1.8983180229679717,1.9244124444385857,674.4375,-213.01117362337126,1280.2968616154615,Combined
308.5091840090475,-406.2660361,-654.4239679,0.0,0.03464899883322274,54.68194900471282,0.8149006281195396,1.124561693095053,1.124561693095053,0.8149006281195397,1.3887771726545741,674.4375,758.4465768867949,549.599542377372,Combined
313.8188563153982,-407.0546085,-649.17318,0.0,-2.570853240266488e-10,66.20272845496366,-8.862475622912917e-09,1.0315288890939986,1.0315288890939986,8.862475622912917e-09,1.0315288890939986,674.4375,695.7017651383337,-5.977185902928331e-06,Acceleration
327.55186129899585,-409.0941823,-635.5924744,0.0,-4.271908776944383e-10,89.05362841509326,-2.6647176556978287e-08,1.0159752256182233,1.0159752256182233,2.664717655697829e-08,1.0159752256182237,674.4375,685.2117912278904,-1.7971855139147046e-05,Acceleration
343.5035352644722,-411.4632643,-619.8177049,0.0,7.619621137096168e-10,108.3259381686404,7.032735547656659e-08,0.9378333858337704,0.9378333858337704,7.03273554765666e-08,0.9378333858337731,674.4375,632.5100041582635,4.743140580922689e-05,Acceleration
349.4420877684568,-412.3452356,-613.9450111,0.0,-4.68510337381854e-10,90.06547332629187,-2.9892472632934887e-08,-2.3991096137399843,2.3991096137399843,2.9892472632934887e-08,2.3991096137399843,674.4375,-1618.0494901167606,-2.0160604511375023e-05,Braking
355.59800252294536,-413.2594887,-607.8573656,0.0,0.004446442586363989,66.49054078320478,0.1546174158033296,-2.3578903914075062,2.3578903914075062,0.15461741580332963,2.362954431037878,674.4375,-1590.2497008549,104.27978337085813,Braking
358.332539560232,-413.7189757,-605.161709,0.0,0.08637679680700722,52.859486983683105,1.8983180336495442,-2.3397213700398707,2.3397213700398707,1.8983180336495442,3.012956595488943,674.4375,-1577.9958315062652,1280.2968688195144,Combined
360.90024130493737,-414.707972,-602.7921144,0.0,0.04217202853438308,58.92500619413602,1.151727552494404,1.0384867598231966,1.0384867598231966,1.151727552494404,1.5507840292906139,674.4375,700.3944140782571,776.7682511854446,Combined
363.36789530865883,-415.8938804,-600.6281048,0.0,0.0028837761306806835,54.251659920055886,0.06675957992326734,-0.8429398536484151,0.8429398536484151,0.06675957992326735,0.84557935072963,674.4375,-568.5102475450029,45.02516418449862,Braking
366.6515434648329,-417.4957652,-597.7616941,0.0,-0.23982181657441545,31.72321112929282,-1.8983179861361952,-2.319755438280602,2.319755438280602,1.8983179861361954,2.9974783518685513,674.4375,-1564.5300584053734,-1280.2968367747303,Combined
369.0600451246578,-417.2070764,-595.3705565,0.0,-0.1228580771318086,42.37493023481226,-1.7351926416514998,1.2887719205585761,1.2887719205585761,1.7351926416515,2.161440854351965,674.4375,869.1961121717247,-1170.2789872538335,Combined
371.20562712524526,-416.38039,-593.3906293,0.0,0.03880533908184589,48.43639967840911,0.7160794030604164,1.0089481173198018,1.0089481173198018,0.7160794030604164,1.2372332095973397,674.4375,680.4724458748739,482.9508024015596,Combined
372.7321994400769,-415.8938804,-591.9436561,0.0,0.16716942549411035,37.99645386506798,1.8983180373852853,-2.324640015317135,2.324640015317135,1.8983180373852853,3.0012601639771206,674.4375,-1567.8244003304503,1280.2968713390383,Combined
374.8031847746244,-415.8341016,-589.8735337,0.0,0.05532967478039602,46.06611840156736,0.9235222169148325,1.288181708259763,1.288181708259763,0.9235222169148326,1.585025362141038,674.4375,868.798050864444,622.8580151704974,Combined
378.4661545258021,-416.3055014,-586.2410236,0.0,-0.004740859629011042,56.17837472662966,-0.1176850859824271,1.110070749224967,1.1100707492249673,0.11768508598242712,1.1162915603674388,674.4375,748.6733409304138,-79.37123517727319,Acceleration
381.42830566243583,-416.6405358,-583.2978805,0.0,-2.014717567943481e-09,62.70218092963316,-6.230249776228381e-08,1.0296761644150576,1.0296761644150576,6.230249776228381e-08,1.0296761644150594,674.4375,694.4522181376805,-4.2019140834550285e-05,Acceleration
390.85534669388187,-417.7067821,-573.9313325,0.0,-3.021074366452168e-10,79.86864081201142,-1.5157933400146776e-08,1.0210146973746628,1.0210146973746628,1.5157933400146776e-08,1.021014697374663,674.4375,688.6105999606241,-1.0223078707561492e-05,Acceleration
396.26213277195905,-418.3183171,-568.5592416,0.0,1.5456757958578289e-09,88.0063895568443,9.416137818001052e-08,0.9936814661619289,0.9936814661619289,9.416137818001053e-08,0.9936814661619333,674.4375,670.1760438345859,6.350596449628085e-05,Acceleration
401.6990709402143,-418.9332625,-563.1571921,0.0,-2.5138043688045714e-09,95.38225930898683,-1.7988405887804997e-07,0.9784244375595416,0.9784244375595417,1.7988405887804997e-07,0.9784244375595582,674.4375,659.8861316065634,-0.00012132055495956483,Acceleration
408.7853142371237,-419.7347526,-556.116421,0.0,3.275552176759366e-09,92.10105670027768,2.1854442832432692e-07,-0.3414095071646085,0.3414095071646085,2.1854442832432692e-07,0.34140950716467844,674.4375,-230.25937448833065,0.00014739455787798824,Braking
413.0922837319015,-420.2218928,-551.8370892,0.0,-4.006709022499301e-10,76.69728055048738,-1.8538463065231313e-08,-2.3742123661931935,2.3742123661931935,1.8538463065231317e-08,2.3742123661931935,674.4375,-1601.257852724422,-1.2503034683556945e-05,Braking
416.68288148997067,-420.6280077,-548.2695322,0.0,-0.014038666620533356,61.12852371123452,-0.4126099216737329,-2.350248104666794,2.350248104666794,0.4126099216737329,2.3861921760313987,674.4375,-1585.095456091211,-278.2796040488282,Combined
419.5881914596699,-420.82475,-545.3708914,0.0,-0.11979556647104712,44.884988435733405,-1.8983180264894068,-2.3310162416088778,2.3310162416088778,1.8983180264894068,3.0062015980866974,674.4375,-1572.1247664500875,-1280.2968639904493,Combined
423.9829499436475,-419.2987931,-541.2495618,0.0,-0.030667342097611676,55.22238912305299,-0.7355844040026154,0.9260584888059201,0.9260584888059203,0.7355844040026155,1.1826532628380086,674.4375,624.5685720440429,-496.10570647451397,Combined
426.58777541780546,-418.1383954,-538.9174827,0.0,0.15990494421995546,38.84995716340752,1.8983180266465889,-2.3253725165711927,2.3253725165711927,1.898318026646589,3.00182755519301,674.4375,-1568.318426644984,1280.2968640964589,Combined
429.05701642992534,-417.9683105,-536.4541065,0.0,0.06581443444366057,47.988944057899005,1.1921462376794167,1.263993637832349,1.263993637832349,1.1921462376794167,1.7374960628714657,674.4375,852.484709115555,804.0281281749117,Combined
433.9717418941852,-418.8080548,-531.611653,0.0,0.009269354714719567,60.45320854442703,0.2664490675514797,1.0815871477565457,1.0815871477565457,0.26644906755147973,1.113923634631743,674.4375,729.4629319650553,179.7032429967511,Acceleration
437.51927794725543,-419.5507422,-528.1427299,0.0,1.1089267038038262e-09,67.66378248922473,3.993386783756563e-08,1.0241079623506497,1.0241079623506497,3.993386783756564e-08,1.0241079623506504,674.4375,690.6968138578663,2.6932897989698174e-05,Acceleration
440.72510978026867,-420.2218928,-525.0079389,0.0,-2.452790699916235e-09,73.51729611633729,-1.0427147896549312e-07,1.0137908978770485,1.0137908978770487,1.0427147896549312e-07,1.013790897877054,674.4375,683.738598686952,-7.032459559478977e-05,Acceleration
443.9944516830606,-420.9063394,-521.8110452,0.0,4.235019981237972e-09,78.99302145373132,2.0785424872308297e-07,1.0045615140271027,1.004561514027103,2.0785424872308297e-07,1.0045615140271245,674.4375,677.5139561166542,0.00014018469987317426,Acceleration
450.6166798501606,-422.292723,-515.3355648,0.0,-4.4274524506399135e-09,88.97045665217759,-2.756585936118611e-07,0.995234976101762,0.995234976101762,2.756585936118611e-07,0.9952349761018001,674.4375,671.2237891946321,-0.00018591449272909957,Acceleration
454.2859295578857,-423.0608915,-511.7476252,0.0,0.005597139134882568,91.03937909287419,0.36488051153372697,0.3991711755048327,0.3991711755048327,0.364880511533727,0.5408099620486149,674.4375,269.2160096795406,246.08909999752802,Combined
461.0717207260042,-424.6749995,-505.1565997,0.0,0.023791434528824575,64.98870537863455,0.7903553389202252,-2.3556851348455417,2.3556851348455417,0.7903553389202254,2.484736206580482,674.4375,-1588.76239313239,533.0452788930095,Combined
464.19769232958305,-425.7698161,-502.2286183,0.0,0.0732917551861042,48.657726050588614,1.364849393916759,-2.3349576020188154,2.3349576020188154,1.3648493939167592,2.7045962492210185,674.4375,-1574.7829677115649,920.5056131097342,Combined
466.42196180456904,-426.9369968,-500.3351918,0.0,0.2287078108642594,32.48485943624653,1.8983180264229946,-2.3203016030472043,2.3203016030472043,1.8983180264229946,2.9979010755103177,674.4375,-1564.898412405149,1280.2968639456585,Combined
468.10529368263786,-428.3376136,-499.4014473,0.0,0.13411167434242835,40.09822841434738,1.6960667743985025,1.291036633861186,1.2910366338611863,1.6960667743985027,2.1315295196619175,674.4375,870.7235197497538,1143.8910351583902,Combined
469.8781641133538,-429.9976039,-498.7789509,0.0,0.25724149187478673,30.630280970081063,1.8983180266703354,-1.485488666527932,1.4854886665279323,1.8983180266703354,2.410453880240087,674.4375,-1001.8692625314324,1280.2968641124744,Combined
472.0207838023749,-432.1244665,-499.0383244,0.0,0.33001661169537194,27.0429203428679,1.8983180182633594,-0.37975193903781324,0.37975193903781324,1.8983180182633597,1.9359294495580948,674.4375,-256.11894838481516,1280.2968584424946,Combined
475.85503988245824,-434.2513291,-502.2286183,0.0,0.1532541901596939,39.6839882140865,1.8983180296072977,0.8651664070174007,0.8651664070174007,1.8983180296072977,2.0861745500709024,674.4375,583.5006686327981,1280.2968660932718,Combined
477.41171297330646,-434.53664,-503.7589218,0.0,0.09168526604320051,45.45504302350802,1.490011728472838,1.2413163634878943,1.2413163634878943,1.490011728472838,1.939330107343622,674.4375,837.1903048998668,1004.9197851218997,Combined
479.90169847330645,-434.53664,-506.2489073,0.0,0.0622043523242353,52.67836383740486,1.3577234490425951,1.1195743953164605,1.1195743953164605,1.3577234490425953,1.759789700710951,674.4375,755.0829562412454,915.6996086636653,Combined
483.76253186165684,-433.7844568,-510.0357602,0.0,-0.005793948144543883,61.61112770271234,-0.17298916845498452,1.039937141526261,1.039937141526261,0.17298916845498452,1.0542269730606202,674.4375,701.3726058881177,-116.67038229985863,Acceleration
485.5024620780674,-433.4732087,-511.7476252,0.0,-0.008234552089354521,65.17913521139432,-0.2751586437793407,1.0225294549845225,1.0225294549845225,0.2751586437793407,1.0589045120110834,674.4375,689.632209296124,-185.57730781392908,Acceleration
489.5389098365165,-432.8457846,-515.7350115,0.0,-0.12343846832526482,44.21770804807714,-1.8983180230640175,-2.2342012887567915,2.234201288756792,1.8983180230640178,2.931768530319573,674.4375,-1506.8291316859088,-1280.2968616802384,Combined
492.6923673156985,-433.6912123,-518.7730283,0.0,2.695980514552387e-09,53.446543488020325,6.057340500637015e-08,1.1240653076890326,1.1240653076890326,6.057340500637015e-08,1.1240653076890343,674.4375,758.1117959545219,4.0852975838983764e-05,Acceleration
495.8458248912198,-434.53664,-521.8110452,0.0,0.24218695261199782,31.567931067078803,1.8983180308121423,-2.3196456797689944,2.319645679768995,1.8983180308121426,2.9973934386025225,674.4375,-1564.4560331492014,1280.2968669058644,Combined
499.83263361715996,-432.647264,-525.3217292,0.0,-2.981543014714982e-09,47.98474609719991,-5.3997477564376366e-08,1.288291969610081,1.288291969610081,5.3997477564376366e-08,1.288291969610082,674.4375,868.872415253899,-3.6417923774824085e-05,Acceleration
503.8194424311575,-430.757888,-528.8324133,0.0,-0.2289647672584634,32.466626203020084,-1.8983180263140198,-1.231524752327335,1.2315247523273352,1.8983180263140198,2.2628001556972857,674.4375,-830.586475147767,-1280.2968638721618,Combined
507.40507202011906,-431.7191791,-532.2867814,0.0,0.0004357095948265043,47.23472647438272,0.007646204767871417,1.2909841106688893,1.2909841106688893,0.007646204767871418,1.2910067538347332,674.4375,870.6880961392491,5.156887228131279,Acceleration
510.7182111185105,-432.6026186,-535.4799656,0.0,0.17755300686922842,36.86867072264335,1.8983180705765157,-1.0348642987976184,1.0348642987976184,1.8983180705765157,2.1620720649421545,674.4375,-697.9512905203188,1280.2968937244489,Combined
512.7742175275108,-432.2179869,-537.4996737,0.0,0.020241437927824017,45.163527856865734,0.32474544583350007,1.301561797792781,1.301561797792781,0.32474544583350007,1.3414629022314313,674.4375,877.8220849988687,219.0205066243312,Combined
517.5393263487844,-431.0060003,-542.1080737,0.0,3.243517051947204e-09,58.32553259787352,8.67879845518491e-08,1.1241898486909692,1.1241898486909692,8.67879845518491e-08,1.1241898486909725,674.4375,758.1957910765155,5.853307133118773e-05,Acceleration
520.9130963033128,-430.1478952,-545.3708914,0.0,-0.0064745164869533574,65.44338358377506,-0.21810459878218844,1.0269303962617107,1.0269303962617107,0.21810459878218844,1.0498360132783469,674.4375,692.6003691287575,-147.09792034116222,Acceleration
525.5111327769381,-429.0935223,-549.8464067,0.0,-0.05127689033846746,48.88768541662355,-0.9639324996381022,-1.6189571258399413,1.6189571258399413,0.9639324996381022,1.884194267894498,674.4375,-1091.8853965586754,-650.1122252246726,Combined
527.1962756100464,-428.9743027,-551.527327,0.0,-0.1731135272773499,37.33842443176831,-1.8983180303083014,-2.324086383564751,2.3240863835647514,1.8983180303083016,3.0008313618836824,674.4375,-1567.4510103154519,-1280.296866566055,Combined
530.3205342088067,-429.9976039,-554.4792495,0.0,0.045009491588594464,49.28354999702416,0.8598725108274008,1.302470272071734,1.302470272071734,0.8598725108274008,1.5607080266684206,674.4375,878.4347941203802,579.9302665211551,Combined
535.4016812521166,-430.757888,-559.5031945,0.0,0.10112729405789271,48.85255688235529,1.8983180442498202,-0.03273658626426435,0.03273658626426435,1.8983180442498202,1.898600295271414,674.4375,-22.07878139860479,1280.296875968738,Cornering
536.9016342738598,-430.4906847,-560.9791557,0.0,0.1541927703161946,39.56302447893873,1.8983180267209916,-2.1534807752232474,2.1534807752232474,1.8983180267209918,2.870730008173879,674.4375,-1452.388190339629,1280.2968641466389,Combined
538.1917058727778,-429.9976039,-562.1712782,0.0,0.22184071773164266,32.98381289919684,1.8983180153234596,-1.4550386132558648,1.455038613255865,1.8983180153234598,2.3918086573484825,674.4375,-981.3326047277525,1280.2968564597159,Combined
540.1612500203807,-428.6620801,-563.6188556,0.0,-0.09216619525761756,41.65567599039158,-1.2578997300628068,1.29244284003803,1.29244284003803,1.2578997300628068,1.8035299347828,674.4375,871.6719179281488,-848.3747491942343,Combined
542.183557853268,-427.5836172,-565.3296001,0.0,-0.2146928524478149,33.52838991963191,-1.8983180369827788,-1.188283554084148,1.188283554084148,1.898318036982779,2.239560040374226,674.4375,-801.4229895076277,-1280.296871067573,Combined
544.4100233993228,-427.3074581,-567.5388726,0.0,-0.17431076285697797,37.209979233647914,-1.8983183678573463,0.4600133127938739,0.4600133127938739,1.8983183678573465,1.9532600629952415,674.4375,310.25022864741834,-1280.2970942217892,Combined
546.7802040219763,-427.9255284,-569.8270477,0.0,-0.01995161666395412,46.57687709018578,-0.34044331901146696,1.3022256116002837,1.3022256116002837,0.34044331901146696,1.3459915293074012,674.4375,878.2697859236664,-229.60774096579624,Combined
549.1840038670201,-428.6620801,-572.1152228,0.0,0.16415403267854548,38.34384959953109,1.898318028777186,-1.1438549607972182,1.1438549607972182,1.8983180287771861,2.2163067273554233,674.4375,-771.4586801226739,1280.2968655334134,Combined
550.6437355670201,-428.6620801,-573.5749545,0.0,0.08528395405651325,44.098633969197465,1.3044985236701598,1.2782125512977924,1.2782125512977924,1.3044985236701598,1.8263470985967696,674.4375,862.0744775659049,879.8027230577934,Combined
552.7785172523535,-428.3376136,-575.6849342,0.0,0.20573275867813776,34.25072489638888,1.8983180434265583,-1.4214186329446057,1.4214186329446057,1.8983180434265585,2.3715063407212194,674.4375,-958.6580292565775,1280.2968754134995,Combined
554.723791257935,-427.3074581,-577.3350465,0.0,0.040130081964079,42.59153226993785,0.5725884282131665,1.2957565619774458,1.2957565619774458,0.5725884282131665,1.4166307126528195,674.4375,873.9068162686636,386.1751080530175,Combined
556.1590179184337,-426.4667111,-578.4982404,0.0,-0.1533614491341243,39.67010818467311,-1.8983179938855743,-0.6585177317826088,0.6585177317826088,1.8983179938855743,2.0092926140763727,674.4375,-444.1290527291332,-1280.296842001202,Combined
558.075577270784,-425.7698161,-580.2836079,0.0,-0.13971529802439928,41.56229398961795,-1.898318029673564,0.3154037108304277,0.3154037108304277,1.898318029673564,1.9243416647231142,674.4375,212.72009022319656,-1280.2968661379643,Combined
561.6175259707841,-425.7698161,-583.8255566,0.0,-0.014128713516473079,52.93626526204207,-0.3114119012453459,1.193413765288775,1.193413765288775,0.3114119012453459,1.233374958160726,674.4375,804.8829963269483,-210.02786414615798,Combined
569.7633188695123,-426.4409364,-591.9436561,0.0,5.222501568223585e-10,70.37022996911915,2.0341478254263737e-08,1.0378742749233356,1.0378742749233358,2.0341478254263737e-08,1.037874274923336,674.4375,699.9813312936072,1.3719055740109999e-05,Acceleration
581.3666669759805,-427.3969197,-603.5075561,0.0,7.523190877420819e-10,89.0549961962045,4.692936207658157e-08,1.0096186961771103,1.0096186961771103,4.692936207658158e-08,1.0096186961771114,674.4375,680.9247094029498,3.1650921635524486e-05,Acceleration
588.0925407434037,-427.9510548,-610.2105638,0.0,-1.2019954831332263e-09,97.98249832906797,-9.076655332512988e-08,0.9763508802576014,0.9763508802576014,9.076655332512989e-08,0.9763508802576056,674.4375,658.4876468037361,-6.12163673082173e-05,Acceleration
597.7324548310696,-428.7452736,-619.8177049,0.0,7.175488384853411e-10,109.30728297618546,6.74334928560222e-08,0.9577026244388068,0.9577026244388068,6.74334928560222e-08,0.9577026244388092,674.4375,645.9105637699478,4.547967633808347e-05,Acceleration
606.636266372916,-429.4788459,-628.691246,0.0,-1.5000835483860297e-10,111.99696468335094,-1.4799735185794998e-08,0.2629121612812519,0.2629121612812519,1.4799735185794998e-08,0.26291216128125233,674.4375,177.31782077412433,-9.981496399369614e-06,Acceleration
615.5652426687952,-430.2144915,-637.5898663,0.0,-4.464072176901393e-09,84.38869329318234,-2.5004934613433784e-07,-2.388049413438456,2.388049413438456,2.5004934613433784e-07,2.388049413438469,674.4375,-1610.5900762758986,-0.00016864265588347748,Braking
617.9096812020782,-430.4076465,-639.9263344,0.0,0.022329681379192577,75.54649326895661,1.0023909505316504,-2.3722557115693563,2.3722557115693563,1.0023909505316504,2.575341681948471,674.4375,-1599.938211471558,676.05004669919,Combined
622.9608579020783,-430.4076465,-644.9775111,0.0,0.0892735690204568,51.99481555270389,1.8983180293087798,-2.338708818950689,2.338708818950689,1.89831802930878,3.012170360427261,674.4375,-1577.3129290810555,1280.2968658919403,Combined
626.360815913875,-429.1863302,-648.1505382,0.0,0.09349813579747343,50.8065861602598,1.8983180259865964,-0.14129336527408298,0.14129336527408298,1.8983180259865964,1.9035690538712073,674.4375,-95.29354404203934,1280.2968636513351,Combined
627.585297709378,-428.512862,-649.17318,0.0,-0.020128148876845497,53.94361353921707,-0.4606911800492968,1.055399371713366,1.055399371713366,0.4606911800492968,1.15156597604661,674.4375,711.8009137599333,-310.70740774449763,Combined
629.1019924246907,-427.713928,-650.4623919,0.0,0.03324749680439882,57.515876880511115,0.865088292856197,1.032424594814651,1.032424594814651,0.865088292856197,1.3469514833189227,674.4375,696.3058626653062,583.4479855132014,Combined
630.8711201567966,-426.7013611,-651.9130887,0.0,0.017218842427193383,61.40445517629358,0.5106574915081139,1.0279778715824244,1.0279778715824244,0.5106574915081139,1.1478282006016802,674.4375,693.3068257653713,344.40656192900354,Combined
632.7636932985286,-425.5697714,-653.4301048,0.0,-0.047596475603861294,65.2895100234251,-1.595833601977548,1.0228133922899725,1.0228133922899725,1.595833601977548,1.8954767528641328,674.4375,689.8237072625683,-1076.2900249337326,Combined
634.4600664813856,-424.6749995,-654.8713075,0.0,-0.07344478619772686,57.32459616776409,-1.8983180180806793,-2.2641026698686337,2.2641026698686337,1.8983180180806796,2.9546187905508274,674.4375,-1526.9957444095267,-1280.2968583192883,Combined
636.0279140219669,-424.012735,-656.2924168,0.0,-0.03749731906110364,57.14421327386785,-0.963098541652055,-0.05179343111189849,0.0517934311118985,0.9630985416520551,0.9644902075390182,674.4375,-34.931432195531045,-649.5497726854579,Cornering
637.6010341669166,-423.4332536,-657.7549175,0.0,-0.09959357575366641,48.286912938088705,-1.8264853732105042,-2.334556127061914,2.334556127061914,1.8264853732105042,2.9641526831380056,674.4375,-1574.5121979453197,-1231.8502288946595,Combined
639.170883800559,-423.0883241,-659.2864042,0.0,-0.1719161365113733,37.4682293493722,-1.8983180344253767,-2.324194828919494,2.3241948289194942,1.898318034425377,3.000915354121263,674.4375,-1567.5241499293913,-1280.2968693427651,Combined
641.2095577233353,-423.2570901,-661.3180807,0.0,-0.1344654200350384,42.36587532684727,-1.8983180255149308,0.7542652090154577,0.7542652090154577,1.8983180255149308,2.0426765117183967,674.4375,508.70474190536277,-1280.2968633332262,Combined
643.3558824340435,-424.012735,-663.3269885,0.0,-0.05949177065192982,49.35247244013306,-1.1397266814975375,1.1741470533562681,1.1741470533562681,1.1397266814975375,1.636336827007996,674.4375,791.8888032979681,-768.6744137524954,Combined
645.624744301347,-425.0818054,-665.3281938,0.0,0.00036251638987571343,55.24348849439062,0.00870193486782147,1.0680536287545135,1.0680536287545135,0.00870193486782147,1.0680890775427525,674.4375,720.3354192431221,5.8689111974163435,Acceleration
648.9239637926441,-426.6334347,-668.2397734,0.0,0.03160978259269027,45.0126073427979,0.5037509057687087,-1.222668191977785,1.222668191977785,0.5037509057687087,1.3223775870518302,674.4375,-824.6132787270175,339.7485015093835,Combined
650.6114001203727,-427.3074581,-669.7867491,0.0,0.23416496009726365,32.10410269748524,1.89831802651978,-2.320026949328371,2.3200269493283714,1.8983180265197803,2.997688505402098,674.4375,-1564.7131756376534,1280.2968640109343,Combined
651.8378590713617,-427.4021012,-671.0095509,0.0,0.06349136681576881,37.85427673967656,0.7156003974914935,1.2899227688895174,1.2899227688895174,0.7156003974914936,1.4751219199068202,674.4375,869.9722874429239,482.6277430831692,Combined
653.0476576713617,-427.4021012,-672.2193495,0.0,0.03039142079417211,42.78422182126078,0.4375667057810229,1.292312163680957,1.2923121636809571,0.43756670578102297,1.3643809403556666,674.4375,871.5837848925755,295.11139513018867,Combined
654.2966519626173,-427.3554593,-673.4674726,0.0,0.16327012627394477,34.1766325928968,1.4999999999999998,-2.085868646124064,2.085868646124064,1.4999999999999998,2.569211553937012,674.4375,-1406.7880350202986,1011.6562499999999,Combined
655.7993058377988,-426.9695758,-674.9197338,0.0,0.07758298866180231,40.78068667901802,1.0148493203859001,1.2955724594357116,1.2955724594357116,1.0148493203859001,1.6457299719990586,674.4375,873.7826506106728,684.4524385177656,Combined
657.1847226076056,-426.4667111,-676.2106663,0.0,0.05538050989735595,45.72001867687636,0.9105331028698912,1.2128397502811297,1.2128397502811297,0.9105331028698913,1.516591834108263,674.4375,817.9846090802295,614.0976695668123,Combined
659.9842145278218,-425.1564203,-678.6845889,0.0,0.017402391086114504,53.705921168315655,0.39480191952909843,1.1154252850647735,1.1154252850647735,0.39480191952909843,1.1832337563751685,674.4375,752.2846406958731,266.26921960240634,Combined
661.821508608913,-424.2317138,-680.2722184,0.0,7.190038450463082e-08,58.02401105383634,1.9040252277117707e-06,1.0327103584611153,1.0327103584611153,1.904025227711771e-06,1.0327103584628705,674.4375,696.4985923846184,0.0012841460145148575,Acceleration
663.2834110992561,-423.495941,-681.5354671,0.0,-6.665626678907972e-08,61.22636494729234,-1.9653682201389305e-06,1.0273221946201208,1.0273221946201208,1.9653682201389305e-06,1.0273221946220008,674.4375,692.8646126341077,-0.0013255180289699498,Acceleration
664.9955784867406,-422.6342105,-683.014973,0.0,0.0011504211428002302,64.76162238132481,0.03795056847785496,1.023057296504354,1.0230572965043543,0.03795056847785497,1.023760947476798,674.4375,689.9882054111554,25.59528652778331,Acceleration
666.6898207950289,-421.7786347,-684.477316,0.0,-0.0026342790823975443,68.0636596856795,-0.09598831499122196,1.0180830218439323,1.0180830218439323,0.09598831499122197,1.022598061792475,674.4375,686.6333680448671,-64.73811919189227,Acceleration
668.1773927728777,-421.0328129,-685.7644136,0.0,0.001327304934214486,63.52044965652565,0.04212343970753862,-1.5804627568048586,1.5804627568048586,0.042123439707538624,1.5810240067184331,674.4375,-1065.9233505425768,28.409627367753078,Braking
670.0523402369228,-420.0891554,-687.3845798,0.0,-2.466302492295622e-08,54.025140525508355,-5.661925404874998e-07,-2.3411128094988425,2.341112809498843,5.661925404874998e-07,2.3411128094989113,674.4375,-1578.9342704563758,-0.0003818614815250381,Braking
671.6227064960334,-419.2987931,-688.7415535,0.0,-0.12139930404916194,44.58752742757892,-1.8983180059413156,-2.330719007069373,2.330719007069373,1.8983180059413156,3.0059711145643857,674.4375,-1571.9243003303502,-1280.296850132046,Combined
673.071431776323,-418.8082773,-690.1047113,0.0,-0.18945954134993034,35.691372565487114,-1.8983180278873844,-1.9387138112615598,1.93871381126156,1.8983180278873846,2.7133415887017565,674.4375,-1307.5412960827184,-1280.296864933298,Combined
674.4064085900552,-418.6944068,-691.4348228,0.0,-0.2145518610603039,33.53940450097819,-1.8983180264298578,-0.43889163238032064,0.43889163238032064,1.8983180264298578,1.9483934906589102,674.4375,-296.0049753135025,-1280.2968639502872,Combined
675.6745677436579,-418.9332625,-692.6802848,0.0,-0.08564846224810345,39.270057631048815,-1.0388877809693893,1.29394012140082,1.29394012140082,1.0388877809693893,1.6593880978295192,674.4375,872.6817406272655,-700.6648777775424,Combined
676.9235328172683,-419.2987931,-693.8745633,0.0,-0.052536650317125816,44.0442236095569,-0.8016158356670837,1.2524565466751205,1.2524565466751205,0.8016158356670837,1.4870223096179847,674.4375,844.7036621982016,-540.6397801677188,Combined
678.3308110919178,-419.8033797,-695.1882697,0.0,-0.06107631280613996,48.463330752488574,-1.1283018992624427,1.1424251180314822,1.1424251180314822,1.1283018992624427,1.6056775287050888,674.4375,770.4943405423577,-760.9691121838138,Combined
679.9483818344152,-420.5199468,-696.6384651,0.0,-0.013549886982754654,52.83276116069622,-0.2974871978677855,1.0760940480976944,1.0760940480976944,0.2974871978677855,1.116457358454191,674.4375,725.7581795638887,-200.63652201195458,Acceleration
686.3729650344965,-423.6753489,-702.234777,0.0,0.015790039662802572,66.99353765223542,0.5574103589202254,1.038700285188775,1.038700285188775,0.5574103589202255,1.178814909425062,674.4375,700.5384235920044,375.93844894425956,Combined
689.1421781477829,-424.857059,-704.7391936,0.0,0.03574638140612368,72.12972206760448,1.4628055300053395,1.0147988572409903,1.0147988572409903,1.4628055300053395,1.7803417478876975,674.4375,684.4184042804703,986.5709046429762,Combined
691.8555843512672,-425.7698161,-707.294472,0.0,0.06361074338515797,61.59653088490221,1.898318013496598,-2.041539675649919,2.0415396756499193,1.898318013496598,2.7877402188185414,674.4375,-1376.8909149961423,1280.2968552276118,Combined
695.9879674735912,-426.2944057,-711.3934226,0.0,0.04576758708088151,69.77527767166177,1.7526175430620674,1.0225495401526405,1.0225495401526405,1.7526175430620674,2.0291071470760964,674.4375,689.6457554866965,1182.030994198923,Combined
700.3583467598231,-426.0071285,-715.7543499,0.0,0.026163788753042073,77.4053765258637,1.2330164768479777,1.010549891758088,1.010549891758088,1.2330164768479779,1.5942210373442207,674.4375,681.5527426225955,831.592550104158,Combined
706.8370530015208,-424.6746002,-722.0945394,0.0,0.004096979166398696,87.38240780226344,0.24605815398603895,0.998008074371391,0.9980080743713912,0.24605815398603895,1.0278933464389726,674.4375,673.0940706588551,165.95084622895914,Acceleration
714.0272665036202,-422.9993416,-729.0868694,0.0,-0.0009977429568378056,97.09153576304199,-0.07397882057211293,0.9796466686320772,0.9796466686320773,0.07397882057211293,0.9824359832860196,674.4375,660.7104500755466,-49.89409079960441,Acceleration
721.3287998366155,-421.3495237,-736.1995686,0.0,1.5837800477439084e-09,105.86991863875546,1.3962591019311554e-07,0.9596436823917258,0.9596436823917258,1.3962591019311554e-07,0.959643682391736,674.4375,647.2196860430696,9.416894980586937e-05,Acceleration
729.7427038088414,-419.44836,-744.39587,0.0,1.6440158885995618e-10,114.97380586289364,1.709345357462822e-08,0.9397457631114773,0.9397457631114773,1.709345357462822e-08,0.9397457631114774,674.4375,633.799783108497,1.152846609523832e-05,Acceleration
738.5826248480553,-417.4509356,-753.0071707,0.0,-2.164802370297802e-10,123.61569344207028,-2.601905174180374e-08,0.9172918772112446,0.9172918772112447,2.601905174180374e-08,0.917291877211245,674.4375,618.6560404366588,-1.754822420911276e-05,Acceleration
748.3133472187877,-415.2522302,-762.4862346,0.0,3.0174465753443165e-10,121.46456086444152,3.501585614477297e-08,-0.21307201520446753,0.21307201520446756,3.501585614477297e-08,0.21307201520447044,674.4375,-143.70375725446308,2.3616006478640323e-05,Braking
755.0195274997465,-413.7369352,-769.0189779,0.0,-1.6710900740655304e-09,103.02897845724115,-1.395226248976367e-07,-2.427065406904141,2.427065406904141,1.395226248976367e-07,2.427065406904145,674.4375,-1636.9039253689116,-9.409929032939985e-05,Braking
763.1379831924904,-411.9025296,-776.927472,0.0,0.015075782217969095,75.61502526591667,0.6779880659022403,-2.372371406468662,2.372371406468662,0.6779880659022403,2.467349571450296,674.4375,-1600.0162404502082,457.26057619694217,Combined
767.4772373644388,-410.530608,-781.0441403,0.0,0.0770609880858932,55.963414417213585,1.898318025619771,-2.3434937153456628,2.3434937153456628,1.8983180256197711,3.015886954157527,674.4375,-1580.5400426434405,1280.2968634039344,Combined
770.9294067705872,-408.5343262,-783.86058,0.0,0.1370494556128404,41.964575379259706,1.8983180269720048,-1.5617185023862419,1.561718502386242,1.8983180269720048,2.4581651718756437,674.4375,-1053.2815224531212,1280.2968643159315,Combined
773.5887060152696,-406.2660361,-785.2486479,0.0,0.19033655803926663,35.60904983069217,1.8983180330223823,-0.7291121604912293,0.7291121604912293,1.8983180330223823,2.0335230259513057,674.4375,-491.74058274130346,1280.296868396533,Combined
775.963582623036,-403.9009164,-785.4637007,0.0,0.058851793238124915,45.3033514154875,0.9500497626363273,1.2989324362287933,1.2989324362287935,0.9500497626363273,1.6092917775756548,674.4375,876.0487449590569,640.7491867880381,Combined
780.6647807910064,-399.2313413,-784.9193363,0.0,-0.046023015013874236,45.89116336717492,-0.7623584042187174,0.04484299039814589,0.0448429903981459,0.7623584042187175,0.7636761291743757,674.4375,30.243794336649522,-514.1630962452613,Cornering
782.8825395648489,-397.0155873,-785.0136135,0.0,-0.3020072757755172,28.269152420432746,-1.8983180265122723,-2.3174412149539827,2.3174412149539827,1.8983180265122723,2.995687753179366,674.4375,-1562.9692594105268,-1280.2968640058707,Combined
784.8042345155419,-395.4568189,-786.1375141,0.0,-0.22170645664805283,32.99379870049766,-1.898318031160777,0.5923505004264601,0.5923505004264601,1.898318031160777,1.9885900690654186,674.4375,399.5033906313707,-1280.2968671409965,Combined
786.301637264981,-394.6394159,-787.3921325,0.0,-0.23391398137339112,32.12132118931153,-1.8983180278798988,-0.14920846248096262,0.14920846248096262,1.8983180278798988,1.9041729176337323,674.4375,-100.63178241450423,-1280.2968649282493,Combined
788.646775245939,-394.3030911,-789.7130284,0.0,-0.1397554043378544,41.5563298609814,-1.8983180269213935,1.1657506603990409,1.1657506603990409,1.8983180269213937,2.2276862287035697,674.4375,786.2259610228781,-1280.2968642817975,Combined
790.747364386275,-394.6394159,-791.7865183,0.0,-0.16349892121158854,38.42059096358537,-1.8983179916002249,-0.46952579010554585,0.4695257901055459,1.8983179916002249,1.9555218395117322,674.4375,-316.6658000643091,-1280.2968404598766,Combined
792.5420564194152,-395.4568189,-793.3842579,0.0,-0.11348167379294832,45.37019064522871,-1.837354393582769,1.2760335426527805,1.2760335426527805,1.837354393582769,2.2369919019953803,674.4375,860.6048724228847,-1239.1807038219788,Combined
793.9567631982974,-396.3172315,-794.5072385,0.0,0.03966537046545558,49.6152618363749,0.7680121332285836,1.120912299691844,1.120912299691844,0.7680121332285836,1.3587814468805415,674.4375,755.985289123418,517.9761831043529,Combined
795.5345138446321,-397.2008885,-795.8143144,0.0,0.04420898024052244,53.75150006984264,1.004656656296818,1.0657223776808087,1.0657223776808087,1.004656656296818,1.4646157118272147,674.4375,718.7631360971004,677.5781236311852,Combined
797.9098610115569,-398.3547159,-797.8905987,0.0,0.08861703015987964,52.18706785749896,1.8983180431242077,-0.2743972473758309,0.2743972473758309,1.898318043124208,1.9180472471287968,674.4375,-185.06379352703695,1280.296875209583,Combined
800.0224963944967,-398.999123,-799.9025549,0.0,0.09497191011929618,50.41083659941596,1.8983180345859265,-0.33924186743381485,0.33924186743381485,1.8983180345859267,1.9283921813402372,674.4375,-228.7974369673935,1280.296869451046,Combined
802.5250013607395,-399.2313413,-802.3942623,0.0,0.19709678213867546,34.993044159167326,1.898318038778379,-2.0692875636699872,2.0692875636699872,1.898318038778379,2.8081243557774753,674.4375,-1395.605131222677,1280.296872278593,Combined
804.944797544608,-398.3547159,-804.6496872,0.0,0.08388941642258879,44.976446100107374,1.3347607767800451,1.2975380199787132,1.2975380199787134,1.3347607767800451,1.8615024159320206,674.4375,875.1082983493935,900.2127213895917,Combined
808.3208435716596,-396.4178211,-807.41485,0.0,8.198945746473667e-09,54.68548975739705,1.9285380666254848e-07,1.1271803500666828,1.1271803500666828,1.9285380666254848e-07,1.1271803500666995,674.4375,760.2126973480985,0.00013006783923097254,Acceleration
812.006859724787,-394.3030911,-810.4338949,0.0,-4.357826498075308e-09,62.90717030944739,-1.3564263779901298e-07,1.0315245643220239,1.0315245643220239,1.3564263779901298e-07,1.0315245643220328,674.4375,695.698848349935,-9.148248153057182e-05,Acceleration
817.407124972353,-391.2048674,-814.8570018,0.0,-7.798694513034901e-10,73.2046934284378,-3.2871971534852065e-08,1.0207271344357838,1.0207271344357838,3.287197153485207e-08,1.0207271344357844,674.4375,688.416656731034,-2.2170090302036793e-05,Acceleration
820.7724866089563,-389.2741024,-817.6134135,0.0,1.4358588456942543e-09,78.86061685355878,7.023572646175216e-08,1.005073746957283,1.005073746957283,7.023572646175216e-08,1.0050737469572855,674.4375,677.8594252135026,4.736960776554797e-05,Acceleration
828.653091635877,-384.7528657,-824.0680517,0.0,2.5793902413434964e-10,90.6297891913495,1.666421971691902e-08,0.9954683956637734,0.9954683956637734,1.666421971691902e-08,0.9954683956637735,674.4375,671.3812161004862,1.1238974685329573e-05,Acceleration
833.2876105954939,-382.0939636,-827.8639713,0.0,-1.1766552896294974e-09,96.750238576101,-8.663219770763192e-08,0.9731906817839111,0.9731906817839111,8.663219770763192e-08,0.973190681783915,674.4375,656.3562904456365,-5.842800284144101e-05,Acceleration
837.2586102343223,-379.8157338,-831.116433,0.0,3.1012047638249486e-09,101.63824369694281,2.519827070400224e-07,0.9603825381538448,0.9603825381538448,2.519827070400224e-07,0.9603825381538779,674.4375,647.7179980761337,0.00016994658697930512,Acceleration
841.2780786506987,-377.5096966,-834.4085932,0.0,-5.089885700297202e-09,106.30533312694948,-4.524224283135893e-07,0.9495525573565097,0.9495525573565097,4.524224283135894e-07,0.9495525573566175,674.4375,640.413852902131,-0.00030513065149574643,Acceleration
843.5455344185855,-376.2088188,-836.2657611,0.0,0.020743166232419837,107.86584928415921,1.8983180329674691,0.5796775424879947,0.5796775424879947,1.8983180329674691,1.984851986308904,674.4375,390.95627256174697,1280.2968683594975,Combined
853.0409834145948,-369.8559861,-843.3230317,0.0,0.009856548306661795,117.86650956640598,1.0770396492033314,0.9349814287618181,0.9349814287618181,1.0770396492033314,1.426255474340248,674.4375,630.5865373605487,726.3959284095718,Combined
860.187024141011,-364.6565147,-848.2252144,0.0,0.011921825487548506,113.48336352025186,1.2076279333597935,-0.5580661947058082,0.5580661947058082,1.2076279333597937,1.330339469122174,674.4375,-376.38076919189854,814.4695643053458,Combined
866.7857966749507,-359.5013419,-852.3444367,0.0,0.009970564405847222,94.01789011602878,0.693213059687905,-2.4072352402389665,2.4072352402389665,0.693213059687905,2.5050600487753227,674.4375,-1623.529717338668,467.52888294326146,Combined
877.1215917641584,-350.9120447,-858.0935787,0.0,0.03701574704644613,51.896229098649776,0.7841228577596463,-2.338594432406645,2.338594432406645,0.7841228577596464,2.4665507445306116,674.4375,-1577.2357825062568,528.8418598802715,Combined
879.7588924578839,-348.4353469,-858.9998474,0.0,0.21233897060201556,33.7137170626999,1.898318036758947,-2.321210113229693,2.321210113229693,1.898318036758947,2.998604301745088,674.4375,-1565.5111457413511,1280.2968709166123,Combined
882.6956955532512,-345.5593952,-858.4051086,0.0,0.056123935623774206,45.86079552292695,0.9284473409680264,1.2943954867935092,1.2943954867935092,0.9284473409680264,1.592945115558601,674.4375,872.9888561242974,626.1797035241233,Combined
884.6458180562221,-343.7212763,-857.753728,0.0,0.02333006607739302,51.52894038026348,0.4872416258848429,1.1132385334202042,1.1132385334202042,0.4872416258848429,1.2151972820437316,674.4375,750.809813383589,328.6140240577087,Combined
887.1623767419691,-341.3962234,-856.7908175,0.0,-0.17902541482182588,36.7167439067076,-1.8983181520510408,-2.0426872213574034,2.0426872213574034,1.8983181520510408,2.7885808022546716,674.4375,-1377.664862854234,-1280.296948673924,Combined
889.1731603419692,-339.3854398,-856.7908175,0.0,-0.1544962080774328,39.5241536167267,-1.8983180311640675,0.418624323676717,0.41862432367671704,1.8983180311640677,1.9439284122149179,674.4375,282.33594229971584,-1280.2968671432159,Combined
891.099189552059,-337.5445815,-857.3572354,0.0,-0.20402024614181596,34.39417182567432,-1.8983180246748368,-0.7742853985250662,0.7742853985250662,1.8983180246748368,2.0501534579573537,674.4375,-522.2071084677493,-1280.2968627666353,Combined
892.369694801238,-336.5092158,-858.0935787,0.0,-0.12710796394920976,40.02096490544599,-1.6013042774269843,1.296109698753845,1.296109698753845,1.6013042774269843,2.06011546766431,674.4375,874.1449849532963,-1079.9796536071617,Combined
894.4278066621617,-335.117218,-859.6095492,0.0,0.002881350451034101,47.39863187985865,0.05091593077087004,1.2324090145678581,1.2324090145678583,0.05091593077087004,1.2334603403411006,674.4375,831.18285476261,34.33961305927866,Acceleration
896.9410762623471,-333.4052207,-861.4495463,0.0,0.023220761757061375,53.50801155613802,0.5229258104153875,0.9646589391502709,0.9646589391502709,0.5229258104153875,1.0972776640764705,674.4375,650.6021632731608,352.6807762620279,Combined
899.4646633233411,-331.5812236,-863.1935435,0.0,0.17591781725670305,37.039624617761746,1.8983180277000158,-2.323838181903055,2.323838181903055,1.898318027700016,3.0006391369108973,674.4375,-1567.2836138072416,1280.2968648069295,Combined
902.7587429084931,-328.4113424,-864.0895421,0.0,0.07015056375200988,49.6226371657241,1.3586789231035368,1.3018967924062999,1.3018967924062999,1.358678923103537,1.881739534091687,674.4375,878.0480179285239,916.3440162006417,Combined
905.7166149278561,-325.4584995,-864.2619535,0.0,0.0462441712129586,57.13056375241175,1.1871894012292619,1.0656572394132686,1.0656572394132686,1.1871894012292619,1.5953194120003058,674.4375,718.7192044067864,800.6850517915603,Combined
908.247587940286,-322.9334057,-864.0895421,0.0,0.020173413359220318,62.656109251716806,0.6229199278618964,1.028471220252245,1.028471220252245,0.6229199278618964,1.202406872657759,674.4375,693.6395586088735,420.12055884735776,Combined
912.0152215509261,-319.1983777,-863.5949424,0.0,0.017402079293716826,70.02855147257794,0.6712393691851944,1.021079198407478,1.021079198407478,0.6712393691851944,1.2219513166098706,674.4375,688.6541018759435,452.7090020548396,Combined
915.1288047209039,-316.1417029,-863.0023723,0.0,0.002267683013612888,75.52313783856626,0.10173453151687172,1.010154444185538,1.010154444185538,0.10173453151687173,1.015264456193927,674.4375,681.2860379503837,68.61358309991017,Acceleration
918.399003112362,-312.9358643,-862.3567746,0.0,-0.001430592574961159,80.84733444668264,-0.07354842367069524,1.001222791354447,1.001222791354447,0.07354842367069525,1.0039205389631365,674.4375,675.2621963441148,-49.603814989404526,Acceleration
921.6511439968767,-309.7447672,-861.7296226,0.0,0.00952509071914049,85.77034789392484,0.5511495472944233,0.9919248155507152,0.9919248155507153,0.5511495472944234,1.1347601787109771,674.4375,668.9912927879856,371.7159228033827,Combined
925.5421950986073,-305.9544767,-860.8498632,0.0,0.013345533503410872,91.26279179168705,0.8742777602389046,0.9827640516435625,0.9827640516435625,0.8742777602389047,1.3153656462182772,674.4375,662.8129300803552,589.6457069211262,Combined
929.6359708193751,-302.0216277,-859.7133341,0.0,0.021723645947986224,92.09587817181911,1.4492359342749017,0.14674504098333077,0.14674504098333077,1.4492359342749017,1.4566464568476616,674.4375,98.97035857819515,977.419060422529,Combined
934.5268539020491,-297.4773181,-857.9050234,0.0,0.00478058141588835,74.3898542565927,0.20808181418047492,-2.370318913501798,2.3703189135017984,0.20808181418047494,2.3794347633622954,674.4375,-1598.631962224869,140.33817855134407,Braking
939.0034353172192,-293.3560477,-856.1571929,0.0,-0.08410425563988522,53.56887244934966,-1.898318031155693,-2.3405645479751795,2.34056454797518,1.898318031155693,3.013611413345968,674.4375,-1578.5645023250104,-1280.2968671375677,Combined
942.5266176032342,-289.8420064,-855.9035649,0.0,-0.04536226456178123,61.6030640420129,-1.3540208313008097,1.0328796833747371,1.0328796833747371,1.3540208313008097,1.703001130922946,674.4375,696.6127914560493,-913.2024244104399,Combined
945.7188061696214,-286.6599095,-856.1571929,0.0,-0.0028888396513944564,68.0068226308351,-0.10508830725670643,1.0225405511406103,1.0225405511406103,0.10508830725670644,1.0279264229744378,674.4375,689.6396929598953,-70.87549522544495,Acceleration
949.2604789780454,-283.1323371,-856.4729131,0.0,0.00512536910348485,74.41396997969879,0.22323386940386256,1.0132711289840304,1.0132711289840304,0.22323386940386258,1.037570113911148,674.4375,683.388047054167,150.55729279606757,Acceleration
953.9226617211852,-278.4810056,-856.7908175,0.0,0.012144969532009189,82.01565567826854,0.6425633384506172,1.0030801081455039,1.0030801081455039,0.6425633384506172,1.1912419348218053,674.4375,676.5148404373833,433.3688115762881,Combined
960.5085272211852,-271.8951401,-856.7908175,0.0,0.00658813287760998,91.56477785664565,0.4344554337014478,0.9897997895288138,0.9897997895288138,0.4344554337014478,1.0809510383102452,674.4375,667.5580955503393,293.0130365670202,Combined
967.5801845872137,-264.830632,-856.4729131,0.0,0.003963687196236977,100.00310415176473,0.31178292478294306,0.8989877992030122,0.8989877992030122,0.31178292478294306,0.9515186048113204,674.4375,606.3110838249816,210.27809633329616,Combined
975.2603376364998,-257.1716116,-855.9035649,0.0,0.02054458055316973,73.31542494496416,0.8685883144989288,-2.3685465473590948,2.3685465473590948,0.8685883144989288,2.5227878244297077,674.4375,-1597.4366120344996,585.8085313598713,Combined
981.9827294368295,-250.6134325,-854.4267987,0.0,0.1721026054579285,37.44792582134797,1.8983180269453819,-2.3241778415329497,2.32417784153295,1.898318026945382,3.0009021927578,674.4375,-1567.512692998879,1280.296864297976,Combined
985.7981610988534,-248.6380935,-851.162514,0.0,0.4114688447557532,24.21882196666125,1.8983180523437544,-0.8408795428236739,0.840879542823674,1.8983180523437546,2.0762200830821227,674.4375,-567.1206966631416,1280.296881427591,Combined
989.3378917531661,-250.6134325,-848.2252144,0.0,0.24193491374487908,31.584369876281418,1.8983180231774324,0.4566567461276806,0.45665674612768065,1.8983180231774326,1.9524719462528,674.4375,307.9864342164876,1280.2968617567296,Combined
993.2428865618058,-254.4479246,-847.4865299,0.0,0.04906478817794818,47.71607796134022,0.8786691898329948,1.2883430798058984,1.2883430798058986,0.8786691898329948,1.559451004823659,674.4375,868.9068858865907,592.6074517179904,Combined
998.9386334492907,-260.1384729,-847.7298253,0.0,0.04906478817794818,62.03987582700161,1.4853806399499454,1.0855043940532614,1.0855043940532614,1.4853806399499454,1.839748742368655,674.4375,732.1048697642965,1001.7964053562413,Combined
