200N,,,440N,,,660N,,,880N,,,1100N,WARMUP,,1100N,
SA [deg],Fy [N],,SA [deg],Fy [N],,SA [deg],Fy [N],,SA [deg],Fy [N],,SA [deg],Fy [N],,SA [deg],Fy [N]
0.032,11.64,,0.03,33.14,,0.048,52.93,,0.015,58.62,,0.008,59.64,,0.011,54.84
0.043,20.98,,0.065,45.1,,0.079,68.25,,0.045,78.62,,0.019,81.74,,0.056,75.59
0.076,29.58,,0.13,57.72,,0.129,86.08,,0.099,99.96,,0.077,104.54,,0.077,94.82
0.135,38.7,,0.165,70.96,,0.181,103.43,,0.143,119.64,,0.106,124.68,,0.126,117.13
0.173,46.53,,0.194,84.39,,0.213,119.63,,0.165,138.86,,0.14,144.74,,0.161,136.46
0.176,54.99,,0.266,99.82,,0.237,138.69,,0.244,159.58,,0.193,164.8,,0.215,155.81
0.242,60.95,,0.279,112.34,,0.298,155.58,,0.248,178.37,,0.26,184.8,,0.248,177.87
0.265,66.28,,0.321,127.19,,0.345,173.95,,0.317,198.54,,0.294,204.8,,0.293,197.79
0.331,75.24,,0.387,139.88,,0.376,190.93,,0.365,218.44,,0.304,226.87,,0.356,220.45
0.369,82.78,,0.418,150.25,,0.411,208.35,,0.392,238.12,,0.367,250.32,,0.381,245.22
0.414,91.75,,0.45,162.13,,0.452,225.25,,0.45,257.59,,0.427,272.95,,0.413,266.59
0.454,102.14,,0.504,172.69,,0.501,241.48,,0.468,276.05,,0.456,295.69,,0.454,288.69
0.514,112,,0.542,185.89,,0.557,259.06,,0.538,296.14,,0.484,318.5,,0.509,310.88
0.534,121.96,,0.581,201.28,,0.585,273.88,,0.579,315.97,,0.539,339.86,,0.547,331.63
0.584,134.48,,0.631,215.79,,0.634,290.33,,0.594,334.9,,0.567,362.53,,0.582,353.11
0.62,144.4,,0.684,230.96,,0.667,305.99,,0.648,353.64,,0.605,380.58,,0.612,373.12
0.686,151.35,,0.716,246.64,,0.738,323.58,,0.674,372.03,,0.642,402.81,,0.66,391.05
0.718,160.77,,0.742,261.08,,0.741,339.38,,0.728,391.03,,0.719,422.11,,0.708,411.16
0.739,166.6,,0.801,275.17,,0.779,358.13,,0.778,409.64,,0.728,440.82,,0.74,430.95
0.796,173.71,,0.807,287.52,,0.814,374.77,,0.811,428.99,,0.784,461.5,,0.774,450.97
0.832,180.21,,0.875,298.23,,0.861,391.47,,0.83,447.43,,0.842,482.06,,0.816,470.87
0.864,187.7,,0.89,307.45,,0.92,409.18,,0.871,466.12,,0.865,501.94,,0.875,489.49
0.92,197.26,,0.93,318.47,,0.946,424.32,,0.912,483.7,,0.902,522.53,,0.888,512.22
0.967,205.42,,0.981,,,,439.52,,0.946,502.51,,0.941,542.55,,0.935,531.58
0.977,213.07,,1.027,,,,453.46,,1.009,520.25,,0.969,565.5,,0.995,550.95
1.024,223.66,,1.065,,,,466.27,,1.051,538.44,,1.026,584.79,,1.002,571.03
1.062,232.9,,1.114,,,,481.05,,1.088,556.39,,1.041,604.85,,1.058,590.53
1.112,239.47,,1.136,,,,493.87,,1.101,575.11,,1.113,625.69,,1.107,611.25
1.123,246.01,,1.18,,,,508.58,,1.151,591.7,,1.11,644.4,,1.148,631.29
1.192,253.42,,1.231,,,,523.16,,1.202,610.92,,1.165,662.32,,1.16,647.69
1.227,257.52,,1.27,,,,538.5,,1.236,628.86,,1.199,682.29,,1.232,669.09
1.245,264.32,,1.304,,,,552.78,,1.276,643.95,,1.243,702.32,,1.255,686.83
1.3,268.85,,1.318,,,,567.51,,1.336,660.66,,1.288,722.09,,1.303,706.15
1.34,273.39,,1.371,,,,581.78,,1.366,676.36,,1.349,740.58,,1.331,725.34
1.376,281.01,,1.421,,,,594.21,,1.38,690.77,,1.371,759.2,,1.366,744.69
1.426,288.89,,1.452,,,,605.07,,1.442,706.49,,1.401,780.68,,1.436,764.19
1.461,296.98,,1.514,,,,616.09,,1.484,721.72,,1.456,799.38,,1.457,782.89
1.52,304.62,,1.544,,,,626.44,,1.5,738.38,,1.458,816.68,,1.48,801.52
1.547,314.04,,1.551,,,,636.05,,1.557,755.17,,1.518,836.08,,1.529,819.51
1.568,319.61,,1.626,,,,648.93,,1.598,770.98,,1.579,853.31,,1.567,838.23
1.613,327.37,,1.633,,,,663.19,,1.613,786.97,,1.591,872.05,,1.612,857.42
1.654,331.44,,1.703,,,,676.23,,1.676,802.03,,1.651,891.2,,1.635,873.89
1.697,336.22,,1.713,,,,691.61,,1.699,816.49,,1.69,909.75,,1.688,892.49
1.756,339.23,,1.785,,,,705.09,,1.746,829.53,,1.714,926.33,,1.729,908.92
1.771,339.86,,1.788,,,,718.25,,1.781,844.03,,1.754,942.84,,1.771,926.82
1.822,344.18,,1.833,,,,727.95,,1.829,856.25,,1.8,960.55,,1.805,944.76
1.865,347.12,,1.893,,,,736.38,,1.885,870.69,,1.835,977.92,,1.846,962.75
1.91,352.27,,1.919,,,,744.37,,1.936,884.48,,1.885,995.76,,1.897,981.47
1.944,358.8,,1.981,,,,752.64,,1.951,899.15,,1.936,1012.53,,1.929,997.36
1.992,367.49,,2.006,,,,761.53,,2.016,914.94,,1.962,1029.68,,1.992,1013.97
2.024,374.79,,2.053,,,,771.81,,2.046,929.58,,2.013,1047.12,,2.037,1031.2
2.065,382.18,,2.101,,,,783.5,,2.094,945.37,,2.067,1063.77,,2.058,1047.69
2.109,386.49,,2.143,,,,797.93,,2.114,958.7,,2.091,1080.23,,2.105,1063.46
2.166,386.17,,2.184,,,,810.51,,2.152,971.76,,2.123,1096.79,,2.141,1080.03
2.175,385.33,,2.237,,,,823.99,,2.208,982.8,,2.192,1109.79,,2.201,1096.48
2.223,382.68,,2.273,,,,834.9,,2.261,994.39,,2.205,1126.93,,2.238,1113.03
2.28,380.71,,2.291,,,,844.65,,2.284,1004.4,,2.241,1141.98,,2.254,1130.23
2.306,380.78,,2.335,,,,852.62,,2.328,1017.69,,2.281,1157.87,,2.311,1146.25
2.334,385.43,,2.39,,,,860.77,,2.354,1028.7,,2.35,1173.74,,2.347,1162.14
2.409,391.54,,2.433,,,,867.48,,2.405,1041.56,,2.353,1189.62,,2.387,1177.41
2.42,400.39,,2.461,,,,874.57,,2.442,1057.8,,2.404,1206.93,,2.407,1192.57
2.466,408.74,,2.49,,,,886.38,,2.455,1070.27,,2.433,1222.3,,2.466,1206.4
2.501,416.89,,2.523,,,,895.2,,2.508,1084.07,,2.49,1239.47,,2.504,1221.55
2.54,421.27,,2.553,,,,907.21,,2.547,1095.96,,2.503,1253.3,,2.527,1233.76
2.59,423.55,,2.602,,,,920.13,,2.582,1107.69,,2.556,1266.37,,2.558,1248.82
2.603,420.04,,2.64,,,,929.48,,2.629,1119.07,,2.601,1282.06,,2.605,1264.71
2.662,415.43,,2.697,,,,941.88,,2.661,1128.21,,2.642,1295.72,,2.653,1279.85
2.692,413.65,,2.73,,,,952.11,,2.707,1137.73,,2.676,1310.15,,2.688,1296.48
2.713,412.3,,2.754,,,,958.28,,2.727,1147.86,,2.706,1325.44,,2.732,1311.7
2.757,417.27,,2.817,,,,964.83,,2.762,1159.58,,2.761,1339.77,,2.744,1324.72
2.808,423.93,,2.814,,,,971.04,,2.837,1172.7,,2.788,1355.06,,2.796,1338.58
2.861,433.76,,2.902,,,,978.05,,2.875,1186.03,,2.831,1368.89,,2.858,1352.61
2.893,443.77,,2.936,,,,986.15,,2.887,1198.27,,2.885,1385.55,,2.872,1366.31
2.937,452.97,,2.978,,,,997.18,,2.949,1210.89,,2.902,1398.04,,2.946,1380.18
2.991,458.31,,3.013,,,,1008.79,,2.971,1224.68,,2.965,1413.19,,2.987,1394.59
3.002,459.69,,3.043,,,,1021.76,,3.039,1237.24,,2.992,1427.72,,3.011,1408.26
3.051,457.61,,3.103,,,,1034.82,,3.088,1245.93,,3.047,1440.02,,3.06,1422.58
3.106,451.48,,3.145,,,,1046.74,,3.116,1256.36,,3.104,1452.93,,3.089,1437.05
3.124,445.85,,3.173,,,,1055.48,,3.154,1266.04,,3.11,1465.36,,3.124,1452.22
3.195,443.27,,3.211,,,,1063.61,,3.185,1274.11,,3.183,1477.73,,3.193,1464.64
3.223,445.76,,3.249,,,,1069.05,,3.261,1283.81,,3.201,1491.51,,3.223,1477.21
3.27,451.81,,3.296,,,,1073.94,,3.287,1294.23,,3.236,1504.68,,3.266,1489.65
3.317,461.95,,3.325,,,,1076.86,,3.335,1306.72,,3.287,1519.3,,3.314,1502.22
3.369,473.51,,3.394,,,,1082.93,,3.365,1318.29,,3.319,1533.79,,3.337,1516.04
3.39,483.52,,3.423,,,,1090.54,,3.404,1329.45,,3.369,1546.31,,3.378,1528.43
3.413,490.72,,3.484,,,,1098.03,,3.423,1341.39,,3.424,1561.53,,3.435,1540.79
3.484,494.45,,3.508,,,,1107.26,,3.47,1353.17,,3.454,1575.89,,3.478,1550.29
3.501,491.73,,3.525,,,,1116.71,,3.515,1363.87,,3.474,1587.62,,3.491,1561.95
3.552,483.78,,3.566,,,,1126.74,,3.539,1372.17,,3.52,1598.42,,3.525,1572.86
3.593,477.44,,3.627,,,,1138.8,,3.588,1381.88,,3.556,1610.16,,3.564,1585.91
3.641,473.54,,3.658,,,,1146.01,,3.628,1389.92,,3.593,1619.22,,3.624,1596.42
3.641,474.43,,3.702,,,,1151.49,,3.67,1397.61,,3.654,1632.11,,3.656,1608.16
3.69,480.14,,3.717,,,,1154.94,,3.717,1407.95,,3.663,1645.41,,3.706,1621.33
3.748,489.64,,3.768,,,,1158.7,,3.757,1417.47,,3.714,1657.88,,3.728,1633.09
3.779,500.67,,3.821,,,,1163.01,,3.796,1425.77,,3.774,1672.38,,3.763,1646.98
3.805,512.16,,3.851,,,,1166.23,,3.817,1437.72,,3.784,1687.08,,3.816,1660.02
3.864,521.3,,3.867,,,,1174.67,,3.871,1449.54,,3.841,1700.87,,3.841,1672.43
3.889,525.49,,3.94,,,,1182.83,,3.926,1458.36,,3.884,1713.32,,3.89,1686.15
3.922,525.15,,3.971,,,,1192.73,,3.953,1468.94,,3.908,1724.99,,3.919,1696.45
3.984,520.55,,4.003,,,,1204.26,,3.97,1476.99,,3.961,1735.88,,3.958,1706
4.026,513.59,,4.059,,,,1213.61,,4.02,1482.65,,3.983,1744.12,,3.991,1717
4.061,506.56,,4.071,,,,1221.67,,4.062,1487.31,,4.034,1753.76,,4.044,1729.37
4.086,504.87,,4.138,,,,1228.74,,4.094,1493.37,,4.083,1763.22,,4.074,1742.59
4.115,506.91,,4.151,,,,1230.79,,4.137,1500.74,,4.128,1775.71,,4.143,1755.19
4.175,515.31,,4.205,,,,1231.3,,4.173,1509.26,,4.141,1789.67,,4.165,1768.97
4.196,525.65,,4.229,,,,1231.6,,4.223,1520.3,,4.192,1802.84,,4.216,1782.93
4.245,537.73,,4.28,,,,1236.73,,4.252,1531.4,,4.233,1815.39,,4.234,1796.01
4.295,547.73,,4.313,,,,1242.93,,4.308,1541.82,,4.283,1826.33,,4.287,1807.82
4.346,555.28,,4.378,,,,1249.1,,4.349,1555.05,,4.333,1838.17,,4.332,1817.41
4.381,558.78,,4.403,,,,1259.23,,4.381,1565.56,,4.346,1847.8,,4.37,1824.2
4.39,552.96,,4.448,,,,1271.43,,4.437,1575.09,,4.414,1855.96,,4.42,1833.83
4.422,543.91,,4.473,,,,1281.5,,4.464,1581.83,,4.432,1863.41,,4.463,1839.93
4.504,536.07,,4.514,,,,1290.42,,4.504,1587.24,,4.48,1872.96,,4.494,1851.05
4.551,533.16,,4.559,,,,1295.33,,4.545,1594.13,,4.512,1882.7,,4.561,1861.29
4.592,533.38,,4.591,,,,1295.33,,4.6,1603.19,,4.556,1895.95,,4.563,1873.78
4.633,539.03,,4.65,,,,1293.37,,4.621,1612.87,,4.613,1907.54,,4.608,1885.64
4.664,548.65,,4.695,,,,1294.54,,4.66,1623.16,,4.662,1920.85,,4.643,1896.72
4.691,559.14,,4.72,,,,1297.2,,4.709,1635.16,,4.697,1932.58,,4.693,1910.03
4.728,569.9,,4.783,,,,1302.9,,4.761,1647.01,,4.717,1943.7,,4.741,1921.09
4.801,579.01,,4.813,,,,1314.11,,4.804,1659.23,,4.762,1953.46,,4.787,1928.58
4.816,581.32,,4.84,,,,1325.88,,4.823,1670.35,,4.821,1960.94,,4.829,1933.86
4.855,580.45,,4.91,,,,1339.03,,4.887,1677.36,,4.855,1967.16,,4.854,1939.96
4.886,571.93,,4.961,,,,1350.43,,4.907,1678.5,,4.891,1973.89,,4.896,1948.27
4.93,561.72,,4.96,,,,1360.34,,4.963,1679.72,,4.941,1977.86,,4.943,1958.61
4.977,554.32,,4.999,,,,1363.91,,4.995,1681.63,,4.976,1988.95,,4.967,1967.57
5.022,551.29,,5.039,,,,1363.02,,5.032,1687.33,,4.992,2001.5,,5.019,1978.76
5.067,554.31,,5.103,,,,1359.3,,5.096,1697.76,,5.068,2008.29,,5.079,1989.83
5.111,560.88,,5.129,,,,1355.95,,5.1,1706.45,,5.089,2020.14,,5.1,1999.62
5.155,572.5,,5.176,,,,1354.7,,5.15,1719.21,,5.112,2029.21,,5.148,2007.25
5.168,583.85,,5.217,,,,1359.19,,5.213,1731.77,,5.151,2038.27,,5.162,2015.45
5.215,593.92,,5.252,,,,1367.52,,5.216,1741.38,,5.228,2044.44,,5.219,2019.54
5.247,601.76,,5.315,,,,1378.08,,5.285,1750.51,,5.254,2049.94,,5.262,2021.51
5.288,601.57,,5.338,,,,1384.48,,5.308,1755.34,,5.282,2053.94,,5.281,2023.45
5.351,595.88,,5.393,,,,1394.89,,5.346,1752.24,,5.318,2059.45,,5.339,2027.65
5.39,584.41,,5.433,,,,1400.38,,5.4,1748.78,,5.359,2064.27,,5.375,2034.53
5.436,572.76,,5.457,,,,1400.15,,5.41,1747.4,,5.418,2073.17,,5.411,2045.59
5.455,566.33,,5.511,,,,1398.23,,5.46,1748.7,,5.442,2083.38,,5.47,2055.87
5.482,565.74,,5.548,,,,1388.67,,5.507,1755.48,,5.489,2095.19,,5.49,2066.36
5.518,570.47,,5.584,,,,1380.21,,5.565,1764.71,,5.53,2104.35,,5.531,2075.37
5.569,579.84,,5.599,,,,1378.51,,5.601,1774.92,,5.586,2111.89,,5.57,2081.69
5.624,591.77,,5.654,,,,1382.88,,5.639,1784.11,,5.592,2119.73,,5.619,2087.25
5.652,603.9,,5.685,,,,1394.25,,5.671,1793.77,,5.656,2126.56,,5.644,2088.47
5.695,612.93,,5.741,,,,1409.73,,5.709,1797.94,,5.675,2131.36,,5.69,2088.5
5.762,615.75,,5.787,,,,1424.5,,5.748,1801.22,,5.722,2134.76,,5.728,2087.72
5.768,612.22,,5.818,,,,1436.79,,5.783,1801.32,,5.744,2136.74,,5.775,2089.01
5.81,601.54,,5.84,,,,1445.32,,5.845,1794.31,,5.81,2138.63,,5.828,2095.21
5.882,590.99,,5.904,,,,1446.72,,5.887,1791.46,,5.834,2144.96,,5.867,2106.29
5.898,582.43,,5.922,,,,1442.19,,5.915,1791.43,,5.877,2153.86,,5.889,2117.28
5.93,581.04,,5.966,,,,1431.4,,5.962,1799.07,,5.913,2162.86,,5.937,2125.02
5.98,584.49,,6.033,,,,1420.13,,5.998,1809.98,,5.976,2171.02,,5.983,2133.42
6.015,590.92,,6.055,,,,1415.84,,6.025,1820.41,,6.005,2177.37,,6.014,2138.88
6.076,604.53,,6.083,,,,1419.41,,6.069,1831,,6.036,2183.06,,6.047,2142.28
6.104,618.55,,6.141,,,,1429.72,,6.117,1837.35,,6.09,2186.55,,6.095,2144.3
6.136,628.87,,6.159,,,,1445.1,,6.148,1841.95,,6.118,2189.32,,6.138,2145.07
6.19,635.21,,6.206,,,,1459.54,,6.178,1841.37,,6.181,2191.22,,6.173,2142.18
6.22,632.99,,6.257,,,,1469.85,,6.226,1837.8,,6.226,2191.86,,6.221,2142.73
6.243,624.64,,6.287,,,,1477.65,,6.281,1831.73,,6.25,2193.16,,6.267,2145.51
6.315,609.72,,6.33,,,,1481.26,,6.301,1823.88,,6.283,2197.19,,6.287,2156.53
6.322,596.66,,6.353,,,,1477.05,,6.361,1823.11,,6.336,2204.91,,6.348,2165.61
6.376,589.95,,6.407,,,,1467.98,,6.38,1829.32,,6.37,2214.56,,6.366,2173.1
6.413,592.11,,6.441,,,,1454.17,,6.431,1838.93,,6.396,2221.46,,6.404,2179.39
6.446,597.33,,6.498,,,,1446.97,,6.469,1850.03,,6.43,2227.04,,6.465,2183.61
6.486,609.19,,6.511,,,,1447.12,,6.498,1859.12,,6.482,2231.2,,6.49,2186.38
6.547,623.06,,6.573,,,,1452.98,,6.56,1866.34,,6.538,2234.67,,6.544,2189.22
6.572,636.62,,6.615,,,,1466.81,,6.601,1871.22,,6.555,2240.27,,6.577,2187.77
6.607,645.19,,6.668,,,,1478.11,,6.652,1871.62,,6.611,2243.06,,6.609,2186.34
6.658,647.54,,6.688,,,,1488.62,,6.661,1866.75,,6.637,2244.37,,6.651,2185.59
6.698,639.48,,6.735,,,,1492.08,,6.716,1859.72,,6.691,2244.88,,6.692,2189.51
6.736,623.52,,6.769,,,,1494.21,,6.76,1855.07,,6.744,2246.24,,6.734,2196.43
6.777,608.46,,6.811,,,,1489.41,,6.803,1852.73,,6.772,2251.8,,6.772,2206.84
6.829,597.06,,6.868,,,,1479.74,,6.841,1858.28,,6.804,2257.97,,6.831,2215.29
6.851,594.11,,6.88,,,,1466.6,,6.867,1867.2,,6.835,2263.5,,6.847,2221.39
6.892,596.35,,6.953,,,,1455.89,,6.906,1878.37,,6.874,2271.96,,6.906,2225.01
6.948,608.74,,6.975,,,,1453.88,,6.955,1889.35,,6.914,2276.75,,6.93,2229.89
6.984,622.86,,6.995,,,,1460.64,,6.994,1897.93,,6.971,2283.09,,6.97,2233.22
7.012,637.97,,7.045,,,,1472.02,,7.037,1903.59,,7.001,2288.56,,7.018,2231.92
7.063,649.46,,7.109,,,,1485.72,,7.082,1904.15,,7.035,2289.86,,7.058,2228.94
7.112,652.57,,7.139,,,,1495.99,,7.121,1900.79,,7.092,2291.16,,7.093,2226.91
7.154,649.63,,7.191,,,,1504.27,,7.162,1894.5,,7.133,2289.66,,7.128,2226.74
7.169,636.67,,7.225,,,,1506.76,,7.193,1885.86,,7.181,2288.96,,7.189,2234.44
7.214,618.7,,7.254,,,,1503.67,,7.219,1881.12,,7.206,2293.74,,7.204,2242.63
7.271,603.37,,7.286,,,,1496.21,,7.272,1883.33,,7.235,2298.66,,7.265,2251.06
7.296,595.91,,7.334,,,,1482.44,,7.312,1889.87,,7.297,2306.9,,7.302,2257.96
7.335,597.8,,7.392,,,,1470.01,,7.361,1900.54,,7.327,2313.92,,7.321,2262.79
7.382,604.08,,7.408,,,,1465.8,,7.392,1910.75,,7.377,2318.83,,7.381,2266.49
7.427,618.53,,7.451,,,,1469.48,,7.434,1918.58,,7.405,2324.97,,7.41,2270.54
7.451,632.82,,7.478,,,,1480.21,,7.49,1922.75,,7.449,2328.47,,7.448,2267.73
7.517,646.13,,7.529,,,,1492.67,,7.506,1924,,7.484,2331.21,,7.508,2262.17
7.54,653.56,,7.567,,,,1503.54,,7.564,1921.99,,7.528,2329.77,,7.549,2257.21
7.568,653.93,,7.605,,,,1511.26,,7.601,1914.41,,7.57,2327.02,,7.577,2255.77
7.616,643.85,,7.668,,,,1514.38,,7.624,1903.33,,7.605,2324.8,,7.612,2261.9
7.666,627.56,,7.706,,,,1512.65,,7.684,1897,,7.646,2326.11,,7.634,2273.72
7.686,609.68,,7.74,,,,1507.97,,7.714,1897.05,,7.686,2332.31,,7.711,2284.78
7.743,596.89,,7.775,,,,1497.49,,7.736,1902.33,,7.713,2341.36,,7.717,2293.8
7.778,593.91,,7.821,,,,1484.5,,7.788,1914.08,,7.779,2349.02,,7.767,2300.76
7.827,598.17,,7.865,,,,1478.63,,7.823,1925.12,,7.797,2355.32,,7.817,2307.1
7.843,608.93,,7.883,,,,1478.63,,7.855,1936.99,,7.839,2360.97,,7.847,2306.99
7.91,625.81,,7.921,,,,1483.66,,7.896,1942.61,,7.89,2366.55,,7.904,2305.74
7.944,638.34,,7.981,,,,1495.88,,7.953,1946.25,,7.924,2367.78,,7.928,2298.04
7.976,647.88,,8.028,,,,1507.72,,7.975,1944.74,,7.945,2365.77,,7.972,2292.42
8.027,651.83,,8.061,,,,1515.25,,8.013,1939.16,,7.999,2358.87,,8.013,2292.39
8.036,647.32,,8.089,,,,1522.24,,8.075,1930.22,,8.032,2354.49,,8.065,2297.81
8.094,633.55,,8.12,,,,1526.62,,8.116,1920.59,,8.072,2355.26,,8.081,2309.49
8.128,614.72,,8.164,,,,1524.41,,8.146,1917.39,,8.121,2360.57,,8.127,2321.23
8.169,599.8,,8.202,,,,1518.83,,8.199,1923.79,,8.161,2372.31,,8.163,2333.01
8.217,591.32,,8.247,,,,1506.28,,8.234,1934.31,,8.209,2381.4,,8.197,2340.03
8.238,593.94,,8.291,,,,1497.18,,8.256,1947.33,,8.256,2388.99,,8.268,2345.68
8.283,602.74,,8.32,,,,1492.4,,8.315,1957.69,,8.279,2393.39,,8.286,2347.68
8.347,617.02,,8.382,,,,1498.74,,8.357,1964.78,,8.31,2396.81,,8.336,2347.08
8.371,631.75,,8.405,,,,1509.31,,8.401,1968.26,,8.36,2397.49,,8.362,2340.02
8.423,643.91,,8.436,,,,1520.29,,8.423,1968.25,,8.398,2393.32,,8.415,2331.75
8.451,649.27,,8.501,,,,1531.88,,8.47,1965.34,,8.429,2386.37,,8.459,2328.2
8.477,648.01,,8.516,,,,1538.72,,8.521,1958.38,,8.467,2380.09,,8.504,2331.63
8.539,640.79,,8.56,,,,1541.79,,8.552,1948.09,,8.515,2380.69,,8.53,2343.33
8.583,625.32,,8.605,,,,1541.08,,8.578,1945.11,,8.556,2384.07,,8.576,2357.28
8.593,605.83,,8.653,,,,1534.66,,8.642,1949.3,,8.591,2396.58,,8.622,2369.61
8.667,593.6,,8.692,,,,1523.82,,8.666,1958.28,,8.626,2408.27,,8.657,2379.39
8.698,591.19,,8.724,,,,1509.24,,8.714,1968.68,,8.683,2419.5,,8.7,2383.64
8.739,596.08,,8.753,,,,1500.62,,8.756,1981.07,,8.72,2425.65,,8.738,2385.05
8.762,606.48,,8.809,,,,1499.89,,8.794,1987.97,,8.762,2431.22,,8.761,2384.98
8.836,619.26,,8.861,,,,1505.56,,8.818,1992.18,,8.8,2430.56,,8.817,2378.72
8.846,632.12,,8.871,,,,1515.89,,8.873,1995.05,,8.848,2427.08,,8.852,2369.68
8.89,639.51,,8.936,,,,1527.59,,8.901,1990.88,,8.876,2419.4,,8.912,2365.51
8.937,643.17,,8.962,,,,1539.57,,8.936,1982.6,,8.907,2411.21,,8.924,2365.35
8.982,638.52,,9.013,,,,1548.02,,8.986,1971.52,,8.967,2406.87,,8.973,2375.73
9.018,628.62,,9.06,,,,1552.58,,9.031,1965.35,,9.002,2411.06,,8.998,2387.49
9.056,611.32,,9.1,,,,1552.23,,9.059,1967.37,,9.022,2422.09,,9.045,2399.24
9.081,595.83,,9.105,,,,1545.92,,9.087,1974.78,,9.09,2435.84,,9.096,2407.79
9.134,591.52,,9.162,,,,1531.81,,9.138,1987.98,,9.109,2445.64,,9.141,2413.37
9.173,591.86,,9.203,,,,1518.38,,9.196,1999.14,,9.167,2452.5,,9.175,2414.75
9.223,600.26,,9.266,,,,1513.14,,9.218,2008.75,,9.202,2454.68,,9.225,2414.74
9.249,613.17,,9.282,,,,1515.86,,9.277,2015.03,,9.231,2454.14,,9.263,2407.82
9.289,625.17,,9.341,,,,1524.91,,9.3,2017.78,,9.277,2451.37,,9.286,2397.88
9.34,634.51,,9.382,,,,1538.19,,9.347,2016.58,,9.332,2440.31,,9.336,2390.43
9.381,643.78,,9.424,,,,1551.29,,9.379,2008.3,,9.37,2429.85,,9.37,2388.98
9.416,643.31,,9.458,,,,1561.76,,9.433,1996.56,,9.417,2423.49,,9.422,2397.9
9.457,636.77,,9.493,,,,1568.64,,9.463,1985.86,,9.423,2427,,9.443,2407.55
9.483,621.55,,9.534,,,,1567.8,,9.518,1983.81,,9.481,2438.65,,9.491,2420.72
9.539,604.68,,9.556,,,,1561.04,,9.542,1988.5,,9.525,2451.79,,9.511,2427.64
9.583,593.08,,9.617,,,,1544.94,,9.577,1997.62,,9.557,2466.28,,9.561,2432.58
9.605,590.01,,9.67,,,,1531.33,,9.635,2008.01,,9.598,2475.3,,9.599,2435.38
9.656,591.82,,9.683,,,,1522.61,,9.68,2019.09,,9.645,2478.84,,9.662,2436.86
9.691,601.42,,9.717,,,,1523.38,,9.714,2027,,9.673,2478.86,,9.703,2431.27
9.726,615.14,,9.762,,,,1530.44,,9.762,2031.06,,9.715,2473.41,,9.747,2420.9
9.78,628.09,,9.82,,,,1542.02,,9.808,2030.95,,9.752,2463.06,,9.786,2411.09
9.812,637.8,,9.854,,,,1556.62,,9.843,2024.86,,9.8,2451.83,,9.819,2406.26
9.862,643.27,,9.879,,,,1569,,9.862,2012.91,,9.847,2443.52,,9.858,2408.98
9.89,642.25,,9.929,,,,1576.93,,9.898,2001.04,,9.873,2444.12,,9.884,2417.96
9.932,632.29,,9.958,,,,1581.25,,9.942,1995.08,,9.904,2453.86,,9.918,2427.6
9.96,616.28,,9.999,,,,1574.33,,9.974,1996.88,,9.957,2466.26,,9.976,2437.41
10.019,599.13,,10.06,,,,1560.25,,10.009,2003.75,,10.005,2477.97,,10.019,2443.66
10.042,590.48,,10.089,,,,1542.34,,10.052,2011.53,,10.028,2485.73,,10.047,2447.12
10.112,588.54,,10.129,,,,1529.73,,10.112,2023.89,,10.081,2489.78,,10.09,2449.18
10.12,593.31,,10.18,,,,1524.3,,10.128,2034.98,,10.101,2489.93,,10.145,2447.15
10.175,602.37,,10.215,,,,1527.59,,10.191,2041.91,,10.164,2486.45,,10.161,2434.61
10.215,613.75,,10.234,,,,1538.72,,10.227,2044.22,,10.207,2476.89,,10.213,2421.43
10.257,625.85,,10.275,,,,1553.9,,10.251,2039.95,,10.245,2464.33,,10.232,2413.04
10.273,635.98,,10.307,,,,1567.73,,10.3,2029.43,,10.264,2452.55,,10.294,2413.84
10.323,641.04,,10.372,,,,1579.67,,10.343,2014.23,,10.334,2450.29,,10.332,2419.35
10.349,639.27,,10.413,,,,1584.99,,10.384,2005.12,,10.343,2455.95,,10.371,2429.69
10.419,628.21,,10.448,,,,1583.06,,10.428,2001.95,,10.392,2467.7,,10.405,2439.33
10.463,610.84,,10.483,,,,1571.29,,10.458,2005.23,,10.43,2479.45,,10.439,2448.34
10.494,595.26,,10.524,,,,1553.71,,10.515,2014.27,,10.47,2486.28,,10.494,2453.36
10.517,587.32,,10.569,,,,1536.79,,10.524,2023.18,,10.526,2489.91,,10.515,2454.72
10.561,587.11,,10.617,,,,1528.87,,10.581,2032.15,,10.565,2490.63,,10.553,2453.36
10.621,592.24,,10.658,,,,1531.24,,10.63,2039.93,,10.6,2487.93,,10.61,2444.43
10.658,603.12,,10.696,,,,1539.82,,10.656,2044.12,,10.628,2478.85,,10.642,2429.77
10.69,613.63,,10.726,,,,1554.65,,10.713,2040.73,,10.683,2466.39,,10.69,2419.46
10.738,627.73,,10.746,,,,1569.95,,10.738,2029.42,,10.701,2454.02,,10.734,2412.44
10.77,636.52,,10.807,,,,1582.42,,10.776,2013.64,,10.767,2448.35,,10.754,2415.93
10.804,639.34,,10.825,,,,1588.38,,10.825,1997.8,,10.808,2450.47,,10.823,2422.13
10.838,634.23,,10.897,,,,1587.12,,10.871,1990.2,,10.855,2459.38,,10.845,2431.05
10.89,621.66,,10.926,,,,1578.49,,10.916,1991.5,,10.885,2470.51,,10.892,2437.98
10.927,601.58,,10.964,,,,1562.36,,10.948,1999.64,,10.914,2475.99,,10.923,2442.94
10.991,589.51,,11.018,,,,1543.6,,10.999,2010.14,,10.972,2480.22,,10.993,2445.79
10.997,582.05,,11.056,,,,1531.03,,11.033,2019.6,,11.008,2479.51,,11.026,2446.54
11.054,583.82,,11.085,,,,1529.8,,11.062,2029.45,,11.027,2478.19,,11.056,2440.16
11.108,589.1,,11.128,,,,1535.33,,11.1,2032.92,,11.106,2472.7,,11.086,2427.07
11.126,601.55,,11.169,,,,1547.79,,11.147,2032.95,,11.135,2460.94,,11.149,2413.24
11.19,615.55,,11.215,,,,1563.46,,11.181,2024.06,,11.167,2448.4,,11.158,2406.27
11.209,627.05,,11.259,,,,1573.44,,11.235,2008.15,,11.205,2438.06,,11.205,2407.62
11.262,636.73,,11.284,,,,1582.13,,11.273,1993.04,,11.252,2438.78,,11.256,2413.77
11.301,636.31,,11.319,,,,1584.56,,11.299,1983.12,,11.289,2443.56,,11.301,2420.79
11.355,628.28,,11.363,,,,1578.75,,11.364,1981.62,,11.328,2451.79,,11.341,2429.09
11.363,611.59,,11.436,,,,1567.68,,11.374,1987.16,,11.382,2460.1,,11.366,2433.92
11.421,592.98,,11.448,,,,1550.74,,11.418,1997.06,,11.399,2465.83,,11.421,2435.98
11.455,580.67,,11.499,,,,1535.5,,11.456,2007.27,,11.448,2465.12,,11.45,2439.57
11.49,577.72,,11.54,,,,1530.26,,11.504,2015.05,,11.482,2465.09,,11.478,2436.18
11.55,580.81,,11.558,,,,1530.91,,11.53,2019.74,,11.499,2462.98,,11.507,2423.7
11.573,591.28,,11.606,,,,1538.64,,11.557,2023.38,,11.516,2455.39,,11.546,2411.25
11.601,604.31,,11.609,,,,1556.5,,11.584,2021.3,,11.564,2447.17,,11.554,2404.05
11.651,616.22,,11.654,,,,1573.03,,11.596,2014.58,,11.581,2439.51,,11.581,2406.19
11.659,628.08,,11.669,,,,1592.01,,11.615,2002.66,,11.6,2437.3,,11.589,2413.75
11.692,632.37,,11.667,,,,1601.06,,11.636,1990.99,,11.613,2439.44,,11.626,2420.73
11.709,627,,11.717,,,,1601.78,,11.649,1984.52,,11.619,2444.18,,11.638,2427.05
11.734,614.34,,11.713,,,,1591.56,,11.65,1984.47,,11.627,2448.99,,11.639,2429
11.75,594.02,,11.714,,,,1571.2,,11.666,1991.28,,11.66,2450.48,,11.652,2431.13
11.753,577.36,,11.713,,,,1552.01,,11.674,2003.17,,11.656,2453.91,,11.682,2434.03
11.757,566.26,,11.759,,,,1540.21,,11.697,2015.07,,11.676,2456.79,,11.673,2436.1
11.778,564.67,,11.746,,,,1539.19,,11.69,2024.65,,11.657,2458.34,,11.687,2430.62
11.785,569.85,,11.733,,,,1545.55,,11.716,2030.47,,11.687,2457.56,,11.701,2419.62
11.779,577.99,,11.767,,,,1557.54,,11.722,2029.81,,11.682,2449.31,,11.705,2410.58
11.817,590.05,,11.776,,,,1571.4,,11.729,2017.32,,11.685,2438.96,,11.696,2405.02
11.8,600.86,,11.776,,,,1581.47,,11.722,2001.27,,11.682,2429.89,,11.699,2404.83
11.809,608.37,,11.762,,,,1585.87,,11.726,1985.29,,11.7,2427.8,,11.698,2410.37
11.813,612.12,,11.771,,,,1586.3,,11.734,1976.35,,11.697,2432.48,,11.698,2415.97
11.828,609.62,,11.771,,,,1583.74,,11.728,1976.16,,11.694,2439.51,,11.693,2420.81
11.819,599.68,,11.805,,,,1575.51,,11.717,1986.57,,11.704,2447.84,,11.696,2424.35
11.81,584.43,,11.799,,,,1563.19,,11.737,1999.91,,11.706,2451.26,,11.705,2427.17
11.848,571.45,,11.799,,,,1551.97,,11.739,2011.68,,11.716,2455.45,,11.714,2427.91
11.842,565.96,,11.786,,,,1545.79,,11.722,2017.86,,12.194,2457.56,,11.725,2423.08
11.83,564.11,,11.811,,,,1542.8,,11.739,2018.48,,12.189,2454.14,,11.734,2412.75
11.829,570.42,,12.152,,,,1548.45,,11.741,2017.12,,12.185,2448.66,,12.2,2399.5
11.854,580.95,,12.154,,,,1556.02,,12.175,2009.61,,12.185,2436.19,,12.188,2393.15
11.854,593.66,,12.139,,,,1563.34,,12.184,1999.06,,12.185,2426.4,,12.175,2393.82
11.86,601.67,,12.126,,,,1574.77,,12.174,1985.29,,12.169,2422.78,,12.172,2399.18
12.125,610.69,,12.13,,,,1579.74,,12.146,1976.18,,12.166,2424.86,,12.166,2406.21
12.117,613.07,,12.114,,,,1583.72,,12.142,1975.46,,12.118,2431.84,,12.147,2413.9
12.112,607.35,,12.092,,,,1580.33,,12.12,1981.7,,12.112,2438.63,,12.119,2416.55
12.07,594.73,,12.059,,,,1569.32,,12.091,1992.93,,12.073,2442.9,,12.081,2419.56
12.06,577.86,,12.031,,,,1556.16,,12.063,2001.96,,12.048,2447.16,,12.048,2418.16
12.055,565.97,,12.003,,,,1542.73,,12.01,2008.13,,12.013,2449.99,,12.024,2417.61
12.023,559.53,,11.981,,,,1536.78,,12.001,2008.93,,11.977,2448.71,,11.98,2408.52
11.995,560.3,,11.94,,,,1538.11,,11.946,2008.25,,11.944,2444.61,,11.963,2396.16
11.959,567.6,,11.92,,,,1543.83,,11.918,2005.41,,11.915,2432.77,,11.923,2387.08
11.918,579.56,,11.882,,,,1554.11,,11.889,1997.26,,11.894,2421.55,,11.887,2387.75
11.896,592.74,,11.857,,,,1562.88,,11.861,1988.94,,11.85,2416.09,,11.847,2391.13
11.858,606.21,,11.801,,,,1571.98,,11.829,1978.57,,11.803,2415.91,,11.824,2398.05
11.801,614.7,,11.788,,,,1576.89,,11.8,1974.39,,11.776,2424.19,,11.774,2405.62
11.782,614.27,,11.756,,,,1579.19,,11.738,1977.11,,11.761,2432.64,,11.739,2405.68
11.75,610.46,,11.714,,,,1571.3,,11.709,1986.1,,11.705,2439.61,,11.714,2408.59
11.709,595.31,,11.679,,,,1556.85,,11.68,1993.57,,11.663,2442.32,,11.689,2408.67
11.668,577.73,,11.627,,,,1540.26,,11.633,1997.85,,11.654,2443.81,,11.648,2403.8
11.65,565.78,,11.591,,,,1531.31,,11.624,1999.34,,11.613,2442.41,,11.621,2398.26
11.609,560.93,,11.557,,,,1527.67,,11.58,1998.5,,11.555,2436.21,,11.575,2389.27
11.549,564.18,,11.516,,,,1529.9,,11.549,1997.39,,11.536,2425.81,,11.546,2378.79
11.524,571.82,,11.507,,,,1536.02,,11.487,1993.76,,11.505,2412.61,,11.493,2374.5
11.51,585.21,,11.437,,,,1544.4,,11.463,1986.25,,11.46,2404.32,,11.457,2377.27
11.465,598.19,,11.421,,,,1553.97,,11.406,1979.23,,11.438,2403.55,,11.429,2382.82
11.429,610.16,,11.396,,,,1560.4,,11.397,1972.88,,11.393,2408.42,,11.393,2388.4
11.384,616.15,,11.354,,,,1565.13,,11.342,1972.95,,11.341,2416.78,,11.344,2391.82
11.334,614.75,,11.294,,,,1565.15,,11.31,1979.18,,11.314,2423.71,,11.305,2391.9
11.295,603.57,,11.268,,,,1554.34,,11.264,1985.33,,11.257,2428.54,,11.264,2392.71
11.28,586.89,,11.225,,,,1540.22,,11.239,1991.76,,11.24,2427.27,,11.236,2391.37
11.248,570.83,,11.184,,,,1527.32,,11.19,1993.16,,11.169,2426.61,,11.188,2388.59
11.178,561.26,,11.132,,,,1520.36,,11.156,1993.87,,11.138,2421.81,,11.148,2380.23
11.144,558.85,,11.108,,,,1517.9,,11.103,1992.41,,11.1,2414.09,,11.112,2372.61
11.1,565.51,,11.066,,,,1524.31,,11.061,1991.84,,11.056,2402.46,,11.075,2366.41
11.08,577.64,,11.009,,,,1533.92,,11.025,1987.54,,11.034,2394.01,,11.046,2367.05
11.042,592.78,,10.994,,,,1543.08,,11.01,1980.84,,11.001,2391.16,,10.993,2372.45
10.995,604.14,,10.955,,,,1553.62,,10.947,1973.68,,10.951,2396.04,,10.973,2378.85
10.976,614.32,,10.915,,,,1560.3,,10.912,1968.11,,10.906,2402.33,,10.917,2383.06
10.912,616.44,,10.88,,,,1562.72,,10.875,1966.63,,10.872,2409.21,,10.882,2384.33
10.877,610.76,,10.832,,,,1555.55,,10.836,1967.41,,10.841,2411.29,,10.853,2382.42
10.836,599.13,,10.788,,,,1539.78,,10.82,1971.04,,10.818,2410.03,,10.805,2379.67
10.792,582.38,,10.754,,,,1523.9,,10.795,1973,,10.764,2406.49,,10.775,2374.88
10.779,566.75,,10.74,,,,1510.59,,10.75,1972.97,,10.73,2404.5,,10.724,2370.01
10.719,559.42,,10.689,,,,1507.56,,10.695,1977.38,,10.682,2399.07,,10.708,2359.65
10.694,562.74,,10.632,,,,1512.01,,10.653,1979.35,,10.66,2390.64,,10.644,2353.96
10.666,569.08,,10.591,,,,1522.73,,10.636,1980.08,,10.631,2383.03,,10.607,2351.87
10.641,579.92,,10.579,,,,1534.07,,10.587,1975.15,,10.577,2378.89,,10.587,2356.11
10.584,594.02,,10.531,,,,1545.26,,10.548,1967.57,,10.534,2381.56,,10.528,2361.46
10.551,605.86,,10.493,,,,1554.47,,10.514,1960,,10.502,2386.53,,10.506,2365.79
10.51,613.53,,10.447,,,,1552.65,,10.462,1952.2,,10.449,2391.26,,10.467,2366.44
10.467,614.51,,10.43,,,,1549.34,,10.406,1951.64,,10.427,2393.37,,10.41,2365.04
10.415,608.74,,10.38,,,,1537.78,,10.388,1953.47,,10.382,2391.28,,10.378,2363.05
10.363,593.88,,10.341,,,,1521.55,,10.34,1956.46,,10.334,2391.46,,10.346,2361.76
10.346,575.75,,10.282,,,,1508.74,,10.292,1961.2,,10.296,2388.58,,10.318,2356.25
10.311,564.75,,10.247,,,,1503.45,,10.258,1966.07,,10.271,2386.68,,10.274,2350.77
10.26,558.46,,10.218,,,,1504.35,,10.228,1972.45,,10.23,2381.15,,10.212,2343.68
10.233,564.37,,10.206,,,,1512.7,,10.187,1972,,10.185,2372.05,,10.186,2340.96
10.17,571.98,,10.13,,,,1523.7,,10.146,1967.85,,10.125,2365.12,,10.135,2340.85
10.144,585.81,,10.099,,,,1532.82,,10.105,1957.97,,10.107,2365.67,,10.11,2343.69
10.093,598.64,,10.07,,,,1539.07,,10.068,1945.53,,10.059,2367.81,,10.069,2347.8
10.071,609.82,,10.009,,,,1541.16,,10.02,1937.03,,10.037,2371.97,,10.012,2349.9
10.042,618.59,,9.965,,,,1539.71,,9.992,1931.58,,10.005,2374.07,,9.97,2348.6
9.977,615.23,,9.947,,,,1533.55,,9.95,1932.76,,9.961,2374.11,,9.939,2347.9
9.952,606.31,,9.896,,,,1522.01,,9.896,1939.03,,9.888,2374.83,,9.913,2346.54
9.91,587.85,,9.862,,,,1508.07,,9.862,1947.34,,9.866,2374.24,,9.886,2343.2
9.872,571.21,,9.801,,,,1499.52,,9.825,1953.64,,9.835,2372.17,,9.821,2336.2
9.833,561.59,,9.783,,,,1496.12,,9.789,1959.4,,9.781,2368.08,,9.796,2326.52
9.776,559.04,,9.735,,,,1498.17,,9.748,1962.31,,9.755,2359.68,,9.761,2318.88
9.752,565.8,,9.718,,,,1503.77,,9.694,1958.13,,9.698,2353.46,,9.701,2317.35
9.695,577.39,,9.678,,,,1509.87,,9.682,1946.86,,9.663,2347.84,,9.669,2319.52
9.657,591.16,,9.624,,,,1514.04,,9.627,1931.13,,9.622,2350.46,,9.636,2323.66
9.628,604.56,,9.56,,,,1518.28,,9.575,1919.07,,9.578,2353.26,,9.591,2326.44
9.587,615.06,,9.548,,,,1518.8,,9.537,1914.32,,9.53,2356.05,,9.553,2329.24
9.556,617.22,,9.484,,,,1514.79,,9.498,1914.32,,9.502,2357.54,,9.512,2328.53
9.495,613.22,,9.432,,,,1505.29,,9.469,1921.29,,9.465,2358.93,,9.468,2329.37
9.457,599.79,,9.402,,,,1492.74,,9.413,1930.09,,9.423,2359.74,,9.427,2328.04
9.416,582.3,,9.386,,,,1483.25,,9.381,1937.94,,9.373,2359.07,,9.405,2323.22
9.37,567.03,,9.327,,,,1477.98,,9.343,1945.11,,9.348,2357.07,,9.338,2311.3
9.335,560,,9.311,,,,1479.62,,9.305,1946.26,,9.293,2352.11,,9.309,2300.37
9.313,561.61,,9.254,,,,1483.68,,9.265,1943.01,,9.279,2341.73,,9.258,2294.69
9.253,568.85,,9.212,,,,1491.04,,9.238,1933.93,,9.227,2336.86,,9.215,2295.97
9.232,580.75,,9.16,,,,1496.61,,9.17,1918.62,,9.17,2334.04,,9.171,2299.5
9.173,597.34,,9.124,,,,1501.04,,9.145,1906.86,,9.154,2335.34,,9.155,2302.22
9.147,611.18,,9.099,,,,1503.31,,9.11,1899.21,,9.117,2338.84,,9.108,2305.78
9.106,618.87,,9.049,,,,1502.05,,9.064,1898.33,,9.065,2340.98,,9.066,2309.99
9.068,620.67,,9.019,,,,1495.59,,9.021,1903.21,,9.031,2342.41,,9.044,2310.02
9.03,612,,8.973,,,,1485.75,,8.99,1913.02,,8.987,2342.46,,8.999,2307.37
8.989,596.24,,8.925,,,,1473.39,,8.941,1921.42,,8.958,2340.47,,8.958,2302.54
8.958,578.55,,8.912,,,,1463.42,,8.913,1926.89,,8.893,2337.71,,8.908,2291.34
8.92,565.03,,8.869,,,,1459.7,,8.881,1927.78,,8.874,2331.55,,8.872,2278.98
8.875,561.91,,8.843,,,,1459.56,,8.838,1925.64,,8.819,2321.82,,8.847,2270.52
8.818,564.8,,8.78,,,,1466.31,,8.789,1918.79,,8.791,2313.99,,8.781,2266.43
8.802,575.37,,8.752,,,,1471.78,,8.736,1905.54,,8.735,2308.41,,8.743,2269.12
8.745,590.89,,8.713,,,,1476.97,,8.714,1891.07,,8.692,2309.86,,8.721,2273.97
8.705,608.47,,8.652,,,,1481.71,,8.666,1881.08,,8.678,2313.28,,8.684,2279.61
8.651,620.2,,8.627,,,,1482.54,,8.618,1879.84,,8.636,2315.45,,8.621,2282.29
8.623,625.24,,8.573,,,,1481.69,,8.603,1884,,8.572,2315.44,,8.598,2283.08
8.6,620.84,,8.552,,,,1472.04,,8.546,1890.81,,8.538,2314.11,,8.543,2282.5
8.54,607.16,,8.508,,,,1459.7,,8.514,1897.35,,8.526,2314.23,,8.519,2276.35
8.516,587.28,,8.459,,,,1447.1,,8.483,1902.15,,8.459,2310.82,,8.474,2266.59
8.474,571.26,,8.407,,,,1440.4,,8.433,1902.78,,8.433,2306.05,,8.417,2252.79
8.414,562.81,,8.382,,,,1438.05,,8.391,1900.82,,8.374,2295.6,,8.395,2242.37
8.399,562.44,,8.358,,,,1439.38,,8.329,1895.27,,8.348,2285.84,,8.361,2236.75
8.342,567.76,,8.295,,,,1445.13,,8.296,1885.53,,8.319,2281,,8.309,2237.37
8.303,581.83,,8.271,,,,1449.83,,8.274,1871.71,,8.281,2277.45,,8.275,2240.94
8.274,597.73,,8.235,,,,1454.91,,8.242,1862.71,,8.241,2280.22,,8.212,2244.4
8.209,609.9,,8.175,,,,1456.32,,8.199,1859.22,,8.183,2281.59,,8.18,2247.93
8.185,618.08,,8.144,,,,1456.36,,8.153,1860.61,,8.127,2283.85,,8.145,2246.6
8.167,619.33,,8.097,,,,1450.06,,8.122,1866.13,,8.101,2280.36,,8.101,2245.91
8.103,612,,8.056,,,,1440.52,,8.072,1870.13,,8.053,2280.45,,8.058,2241.2
8.056,597.88,,8.01,,,,1427.77,,8.021,1873.75,,8.022,2275.02,,8.028,2232.08
8.05,579.85,,7.979,,,,1419.39,,7.989,1875.08,,7.997,2269.45,,8.001,2219.67
7.983,565.96,,7.947,,,,1413.87,,7.97,1873.2,,7.943,2260.43,,7.933,2208.57
7.946,559.34,,7.897,,,,1414.65,,7.905,1869.77,,7.906,2249.29,,7.903,2201.6
7.927,563.04,,7.859,,,,1419.58,,7.872,1859.92,,7.874,2239.48,,7.857,2201.55
7.876,570.08,,7.833,,,,1424.44,,7.822,1848.86,,7.814,2236.86,,7.826,2200.87
7.832,583.73,,7.789,,,,1429.88,,7.788,1837.25,,7.797,2237.52,,7.789,2204.32
7.787,598.3,,7.742,,,,1434.99,,7.771,1830.26,,7.743,2239.65,,7.746,2206.63
7.74,610.6,,7.692,,,,1435.55,,7.707,1827.95,,7.721,2239.61,,7.716,2205.93
7.693,617.69,,7.664,,,,1431.46,,7.67,1828.99,,7.675,2239.78,,7.681,2203.91
7.686,617.53,,7.618,,,,1421.94,,7.619,1830.17,,7.618,2235.62,,7.626,2200.54
7.646,607.83,,7.572,,,,1409.08,,7.591,1830.98,,7.589,2233.57,,7.591,2192.08
7.594,590.76,,7.558,,,,1398.07,,7.55,1831.63,,7.547,2228.12,,7.553,2181.14
7.556,575.61,,7.512,,,,1392,,7.503,1830.38,,7.503,2218.44,,7.504,2169.86
7.51,562.55,,7.448,,,,1390.49,,7.458,1827.65,,7.472,2206.6,,7.484,2160.24
7.481,559.71,,7.448,,,,1393.45,,7.442,1820.95,,7.416,2196.78,,7.425,2156.07
7.415,562.27,,7.382,,,,1398.28,,7.407,1811.77,,7.373,2190.62,,7.384,2154.62
7.41,573.18,,7.335,,,,1402.24,,7.344,1799.83,,7.352,2187.13,,7.339,2154.66
7.367,585.96,,7.319,,,,1406.47,,7.297,1790.85,,7.305,2185.14,,7.3,2155.42
7.314,597.15,,7.256,,,,1408.84,,7.266,1784.5,,7.247,2184.52,,7.259,2155.61
7.274,607.64,,7.223,,,,1407.3,,7.221,1783.83,,7.212,2183.18,,7.241,2152.16
7.224,611.36,,7.166,,,,1400.48,,7.179,1784.67,,7.182,2181.95,,7.184,2146.73
7.19,608.8,,7.137,,,,1388.07,,7.149,1784.69,,7.142,2178.48,,7.155,2140.49
7.132,597.55,,7.1,,,,1376.79,,7.089,1787.6,,7.117,2174.3,,7.118,2129.31
7.126,581.38,,7.05,,,,1368.36,,7.075,1786.95,,7.061,2163.96,,7.066,2118.17
7.086,565.19,,7.023,,,,1364.36,,7.015,1784.75,,7.025,2155.62,,7.026,2107.17
7.045,555.45,,6.986,,,,1366.88,,6.996,1782.29,,6.984,2145.75,,6.985,2101.5
7.012,554.86,,6.935,,,,1371.8,,6.961,1774.62,,6.957,2138.3,,6.957,2099.48
6.958,558.83,,6.914,,,,1379.07,,6.917,1762.72,,6.918,2133.43,,6.906,2098.21
6.904,571.12,,6.87,,,,1385.05,,6.861,1750.81,,6.851,2129.26,,6.855,2096.81
6.867,583.64,,6.84,,,,1385.85,,6.838,1742.67,,6.839,2127.24,,6.843,2096.17
6.82,593.96,,6.787,,,,1385.82,,6.794,1738.5,,6.801,2123.07,,6.788,2092.76
6.792,603.83,,6.742,,,,1381.8,,6.753,1737,,6.738,2121.8,,6.742,2089.38
6.766,607.07,,6.688,,,,1371.46,,6.718,1738.64,,6.722,2118.51,,6.72,2082.47
6.706,600.13,,6.655,,,,1360.29,,6.68,1739.18,,6.669,2114.33,,6.691,2074.23
6.677,586.47,,6.617,,,,1351.29,,6.639,1740.72,,6.637,2106.68,,6.617,2063.7
6.643,570.22,,6.582,,,,1349.07,,6.597,1740.22,,6.599,2096.21,,6.599,2052.71
6.607,555.53,,6.53,,,,1348.31,,6.54,1738.7,,6.539,2086.59,,6.57,2045.71
6.551,547.52,,6.508,,,,1351.68,,6.515,1733.25,,6.513,2076.84,,6.511,2040.13
6.532,549.26,,6.487,,,,1355.23,,6.464,1723.48,,6.482,2070.64,,6.494,2038.82
6.463,554.56,,6.427,,,,1358.37,,6.426,1710.27,,6.416,2065.06,,6.438,2035.39
6.424,565.67,,6.391,,,,1359.14,,6.405,1700.67,,6.41,2062.36,,6.403,2032.7
6.403,579.79,,6.356,,,,1356.92,,6.351,1693.7,,6.359,2058.97,,6.356,2029.25
6.346,590.58,,6.297,,,,1353.65,,6.329,1690.28,,6.302,2056.92,,6.311,2025.34
6.316,598.3,,6.256,,,,1344.46,,6.279,1690.96,,6.276,2053.58,,6.267,2020.41
6.269,596.1,,6.24,,,,1332.8,,6.221,1690.32,,6.244,2048.82,,6.234,2012.05
6.228,587.98,,6.193,,,,1321.66,,6.209,1690.46,,6.195,2043.28,,6.179,2003.14
6.205,572.66,,6.135,,,,1314.11,,6.164,1691.89,,6.165,2034.97,,6.147,1991.94
6.158,555.5,,6.104,,,,1313.23,,6.118,1691.19,,6.125,2023.08,,6.118,1982.3
6.114,541.33,,6.073,,,,1315.56,,6.069,1684.83,,6.058,2012.68,,6.071,1975.95
6.061,536.51,,6.009,,,,1319.7,,6.028,1676.53,,6.029,2005.67,,6.021,1971.21
6.014,537.98,,5.986,,,,1325.58,,5.999,1666.06,,5.989,1999.53,,6.008,1968.56
5.99,546.41,,5.949,,,,1329.45,,5.963,1653.6,,5.959,1998.21,,5.959,1965.15
5.963,559.69,,5.911,,,,1330.68,,5.908,1646.84,,5.916,1995.52,,5.932,1960.38
5.933,573.58,,5.882,,,,1329.19,,5.879,1644.09,,5.863,1993.57,,5.878,1959.01
5.886,584.04,,5.839,,,,1324.48,,5.829,1642.58,,5.833,1990.85,,5.831,1952.91
5.843,588.3,,5.796,,,,1312.82,,5.781,1643.43,,5.809,1986.08,,5.798,1945.28
5.799,585.72,,5.747,,,,1300.12,,5.748,1645.45,,5.764,1981.2,,5.761,1936.15
5.782,572.33,,5.715,,,,1292.64,,5.738,1645.57,,5.717,1972.14,,5.725,1927.86
5.709,555.32,,5.665,,,,1287.55,,5.665,1644.2,,5.67,1960.33,,5.691,1918.11
5.69,539.4,,5.627,,,,1287.05,,5.646,1641.63,,5.646,1949.87,,5.638,1910.55
5.636,531.61,,5.584,,,,1288.22,,5.589,1633.08,,5.574,1939.55,,5.603,1906.35
5.615,529.24,,5.572,,,,1292.82,,5.554,1622.84,,5.549,1932.51,,5.548,1902.97
5.547,532.5,,5.521,,,,1296.26,,5.52,1609.7,,5.498,1929.2,,5.527,1898.18
5.522,542.9,,5.467,,,,1298.84,,5.482,1602,,5.457,1925.09,,5.475,1894.78
5.489,556.22,,5.42,,,,1300.33,,5.419,1595.64,,5.442,1920.43,,5.45,1889.38
5.427,567.05,,5.395,,,,1297.16,,5.39,1594.1,,5.4,1915.63,,5.384,1885.88
5.39,574.12,,5.336,,,,1289.16,,5.342,1594.96,,5.343,1912.26,,5.372,1881.04
5.364,574.09,,5.301,,,,1279.4,,5.316,1596.59,,5.308,1906.06,,5.33,1872.8
5.336,567.58,,5.278,,,,1267.75,,5.278,1597.26,,5.274,1895.59,,5.284,1863.06
5.295,552.4,,5.23,,,,1259.94,,5.244,1595.33,,5.222,1884.48,,5.23,1853.36
5.251,534.86,,5.168,,,,1256.05,,5.202,1592.44,,5.198,1874.12,,5.191,1844.37
5.207,521.23,,5.151,,,,1254.6,,5.139,1584.85,,5.148,1863.01,,5.162,1836.65
5.144,515.24,,5.11,,,,1255.84,,5.105,1575.79,,5.115,1856.02,,5.121,1831.25
5.108,515.15,,5.064,,,,1258.13,,5.09,1562.69,,5.081,1850.51,,5.071,1825.75
5.09,522.4,,5.028,,,,1259.57,,5.041,1551.55,,5.017,1847.82,,5.027,1820.89
5.019,533.32,,4.99,,,,1259.12,,4.997,1543.83,,4.988,1843.87,,4.982,1816.91
5.005,545.17,,4.965,,,,1255.39,,4.968,1539.13,,4.967,1840.42,,4.958,1811.45
4.953,552.8,,4.923,,,,1249.85,,4.912,1538.29,,4.914,1834.85,,4.92,1807.39
4.922,558.56,,4.864,,,,1240.26,,4.887,1539.26,,4.857,1826.68,,4.887,1800.37
4.867,552.97,,4.83,,,,1228.56,,4.81,1540.68,,4.837,1819.07,,4.822,1789.83
4.826,542.69,,4.778,,,,1218.9,,4.78,1539.99,,4.805,1810.03,,4.779,1778.75
4.788,526.22,,4.741,,,,1212.65,,4.756,1536.8,,4.746,1798.12,,4.751,1769.69
4.769,510.79,,4.694,,,,1211.84,,4.709,1530.41,,4.699,1785.68,,4.7,1760.82
4.729,502.13,,4.681,,,,1211.08,,4.671,1522.74,,4.664,1778.08,,4.67,1753.15
4.676,497.92,,4.629,,,,1211.79,,4.646,1509.6,,4.629,1771.29,,4.628,1747.74
4.625,499.9,,4.594,,,,1214.19,,4.595,1498.2,,4.623,1766.43,,4.587,1742.23
4.587,506.92,,4.551,,,,1213.62,,4.557,1488.11,,4.558,1759.57,,4.571,1736.84
4.558,517.69,,4.51,,,,1210.85,,4.507,1482.38,,4.53,1755.54,,4.514,1732.79
4.507,525.96,,4.478,,,,1206.49,,4.495,1477.85,,4.468,1749.3,,4.483,1727.23
4.488,530.58,,4.418,,,,1197.55,,4.444,1475.1,,4.43,1742.42,,4.442,1721.12
4.45,532.64,,4.389,,,,1184.5,,4.403,1473.57,,4.382,1734.24,,4.388,1712.02
4.391,526,,4.349,,,,1174.06,,4.368,1473.25,,4.359,1723.03,,4.362,1700.13
4.355,513.37,,4.327,,,,1163.4,,4.337,1469.81,,4.322,1710.51,,4.319,1690.42
4.308,496.66,,4.3,,,,1158.08,,4.277,1463.48,,4.287,1700.95,,4.283,1679.46
4.295,486.66,,4.24,,,,1154.83,,4.252,1454.95,,4.24,1690.47,,4.229,1671.08
4.248,479.93,,4.184,,,,1154.86,,4.21,1444.19,,4.211,1680.22,,4.223,1661.55
4.198,477.98,,4.181,,,,1153.48,,4.174,1430.94,,4.169,1672.59,,4.151,1653.91
4.169,480.76,,4.117,,,,1152.9,,4.121,1419.68,,4.132,1662.97,,4.123,1647.23
4.121,486.12,,4.074,,,,1147.39,,4.099,1410.9,,4.063,1656.83,,4.091,1638.9
4.097,493.8,,4.044,,,,1144.59,,4.062,1402.6,,4.028,1647.93,,4.031,1632.05
4.048,500.52,,4.001,,,,1137.79,,4.02,1396.5,,3.995,1640.54,,3.999,1624.42
4.002,503.18,,3.966,,,,1125.87,,3.964,1391.82,,3.964,1632.19,,3.949,1614.06
3.98,499.76,,3.924,,,,1112.41,,3.913,1387.52,,3.933,1620.94,,3.93,1603.53
3.923,489.78,,3.887,,,,1102.32,,3.899,1383.58,,3.897,1608.56,,3.882,1592.61
3.9,477.78,,3.836,,,,1094.44,,3.842,1375.97,,3.854,1598.07,,3.856,1579.51
3.844,463.63,,3.797,,,,1086.51,,3.823,1368.29,,3.806,1584.99,,3.819,1568.39
3.806,456.74,,3.743,,,,1082.78,,3.766,1355.86,,3.768,1575.38,,3.774,1556.03
3.777,451.44,,3.709,,,,1079.35,,3.732,1346.14,,3.73,1564.38,,3.731,1545.8
3.723,449.24,,3.684,,,,1077.67,,3.694,1332.87,,3.696,1553.22,,3.693,1534.76
3.684,452.23,,3.618,,,,1075.49,,3.627,1322.46,,3.633,1541.04,,3.648,1527.15
3.643,456.9,,3.602,,,,1071.56,,3.593,1312.15,,3.604,1529.32,,3.616,1518.35
3.586,460.96,,3.56,,,,1063.95,,3.577,1304.61,,3.565,1520.45,,3.552,1510.08
3.578,466.02,,3.52,,,,1054.71,,3.523,1297.92,,3.524,1507.93,,3.508,1500.23
3.539,465.24,,3.481,,,,1040.7,,3.477,1290.31,,3.478,1496.87,,3.5,1487.06
3.471,459.35,,3.438,,,,1029.75,,3.447,1282.12,,3.421,1485.79,,3.417,1475.31
3.451,451.03,,3.408,,,,1018.08,,3.371,1275.19,,3.402,1471.9,,3.394,1461.37
3.397,438.74,,3.351,,,,1010.47,,3.352,1266.16,,3.34,1460.07,,3.357,1449.73
3.368,429.28,,3.288,,,,1003.53,,3.311,1254.99,,3.3,1448.3,,3.326,1437.39
3.318,421.7,,3.256,,,,1000.2,,3.271,1243.13,,3.272,1435.96,,3.277,1425.68
3.28,417.72,,3.223,,,,995.48,,3.242,1231.37,,3.237,1422.99,,3.212,1414.03
3.243,416.69,,3.196,,,,991.19,,3.203,1220.46,,3.196,1410.55,,3.214,1403.12
3.201,419.63,,3.13,,,,985.91,,3.16,1207.98,,3.148,1396.77,,3.161,1391.48
3.157,424.74,,3.109,,,,978.81,,3.124,1199.06,,3.125,1385.92,,3.13,1381.76
3.116,428.9,,3.065,,,,968.48,,3.096,1188.86,,3.085,1372.09,,3.069,1367.82
3.087,431.76,,3.023,,,,956.69,,3.031,1180.61,,3.051,1360.3,,3.04,1356.06
3.053,427.99,,2.995,,,,944.42,,3.004,1171.14,,3.019,1345.71,,3.006,1342.93
3.02,422.69,,2.969,,,,931.62,,2.952,1163.51,,2.968,1334.73,,2.983,1328.91
2.976,411.65,,2.931,,,,922.7,,2.929,1153.05,,2.949,1322.17,,2.952,1317.33
2.908,398.08,,2.9,,,,916.22,,2.901,1142.68,,2.874,1309.03,,2.895,1302.75
2.869,389.83,,2.848,,,,906.9,,2.875,1130.91,,2.853,1295.23,,2.854,1289.11
2.844,382.96,,2.824,,,,902.18,,2.812,1116.96,,2.804,1282.14,,2.823,1277.49
2.828,379.36,,2.77,,,,897.4,,2.789,1104.66,,2.787,1267.78,,2.777,1263.62
2.774,380.22,,2.735,,,,890.85,,2.74,1091.55,,2.733,1254.08,,2.753,1250.04
2.751,384.7,,2.674,,,,886,,2.71,1077.71,,2.696,1238.13,,2.709,1236.2
2.699,385.52,,2.636,,,,876.97,,2.664,1067.28,,2.648,1225.73,,2.651,1223.06
2.647,388.91,,2.602,,,,865.57,,2.625,1057.22,,2.613,1212.03,,2.62,1206.36
2.622,387.77,,2.586,,,,853.24,,2.565,1046.03,,2.567,1198.08,,2.569,1192.41
2.579,384.26,,2.542,,,,838.16,,2.514,1037.14,,2.531,1183.64,,2.513,1177.27
2.541,376.91,,2.466,,,,826.84,,2.505,1026.28,,2.469,1169.62,,2.493,1162.73
2.499,365.52,,2.443,,,,816.35,,2.444,1015.28,,2.427,1155.08,,2.429,1148.22
2.451,357.78,,2.391,,,,806.22,,2.403,1001.83,,2.414,1139.35,,2.385,1133.04
2.42,347.6,,2.34,,,,800.25,,2.363,986.54,,2.345,1122.84,,2.345,1117.31
2.353,342.5,,2.287,,,,792.2,,2.294,972.78,,2.311,1107.66,,2.309,1102.96
2.316,342.4,,2.248,,,,785.67,,2.261,958.25,,2.272,1091.25,,2.257,1086.38
2.272,343.49,,2.232,,,,777,,2.223,943.69,,2.233,1074.75,,2.225,1069.81
2.227,344.39,,2.195,,,,766.68,,2.17,929.2,,2.189,1060.94,,2.184,1054.75
2.188,346.03,,2.128,,,,755.3,,2.145,917.73,,2.161,1045.84,,2.143,1038.01
2.147,347.75,,2.121,,,,742.31,,2.113,904.54,,2.099,1030.51,,2.102,1022.07
2.109,345.05,,2.081,,,,728.36,,2.084,893.78,,2.085,1014.59,,2.078,1005.39
2.092,338.18,,2.04,,,,716.63,,2.022,881.92,,2.029,1000.08,,2.059,991.66
2.037,329.48,,2.005,,,,706.17,,2.002,870.39,,2.012,984.1,,1.98,975.74
2.015,318.32,,1.97,,,,697.31,,1.964,856.35,,1.968,966.75,,1.952,961.42
1.962,308.88,,1.938,,,,686.97,,1.917,841.73,,1.946,951.05,,1.931,945.49
1.927,302.65,,1.874,,,,678.64,,1.889,827.29,,1.879,935.16,,1.892,929
1.892,298.45,,1.82,,,,670.61,,1.85,813.45,,1.839,920.17,,1.857,912.51
1.856,299.64,,1.802,,,,663.87,,1.793,797.48,,1.801,902.9,,1.826,896.74
1.812,300.46,,1.755,,,,654.19,,1.756,785.19,,1.746,887.81,,1.782,880.18
1.78,301.01,,1.71,,,,643.07,,1.755,772.02,,1.727,872.6,,1.735,863.4
1.739,301.84,,1.682,,,,628.29,,1.715,759.82,,1.684,857.99,,1.694,846.13
1.68,298.77,,1.638,,,,615.06,,1.648,748.17,,1.653,841.45,,1.63,831.66
1.644,294.65,,1.621,,,,600.87,,1.601,734.98,,1.599,823.33,,1.604,815.77
1.61,284.91,,1.571,,,,587.77,,1.59,721.98,,1.579,806.81,,1.579,799.03
1.579,275.66,,1.523,,,,574.52,,1.509,707.37,,1.541,789.5,,1.526,782.73
1.513,265.43,,1.473,,,,564.62,,1.492,691.39,,1.485,771.64,,1.465,766.1
1.51,259.68,,1.457,,,,553.25,,1.454,673.39,,1.436,754.42,,1.455,747.64
1.446,252.97,,1.385,,,,542.68,,1.397,657.53,,1.406,737.25,,1.408,729.83
1.421,250.69,,1.375,,,,532.26,,1.378,640.15,,1.379,720.13,,1.351,711.21
1.389,249.83,,1.312,,,,522.84,,1.319,625.02,,1.345,703.63,,1.342,692.51
1.344,248.26,,1.289,,,,510.63,,1.268,609.8,,1.295,686.34,,1.269,674.49
1.29,245.88,,1.246,,,,496.33,,1.236,594.92,,1.266,667.65,,1.253,656.42
1.249,244.12,,1.186,,,,480.44,,1.227,579.77,,1.191,649.63,,1.203,637.85
1.198,240.07,,1.163,,,,467.51,,1.174,564.7,,1.177,629.55,,1.158,619.04
1.183,233.71,,1.11,,,,452.27,,1.12,548.62,,1.131,609.5,,1.127,601.11
1.138,223.78,,1.087,,,,439.27,,1.076,532,,1.08,592.02,,1.083,583.88
1.091,212.64,,1.02,,,,425.56,,1.05,516.05,,1.028,573.49,,1.033,565.19
1.035,204.05,,1.012,,,,411.73,,1.016,498.05,,1.001,556.29,,1.009,546.68
0.991,195.77,,0.97,,,,399.75,,0.958,480.87,,0.968,537.74,,0.955,528.17
0.981,191.76,,0.922,,,,389.06,,0.927,462.85,,0.905,519.79,,0.914,508.98
0.937,189.12,,0.873,,,,375.03,,0.869,447.5,,0.883,501.3,,0.859,487.46
0.898,184.64,,0.816,,,,361.86,,0.825,432.46,,0.837,482.65,,0.833,469.44
0.838,180.8,,0.806,,,,346.81,,0.794,416.33,,0.801,462.62,,0.804,451.55
0.785,177.22,,0.737,,,,330.28,,0.739,399.56,,0.769,443.26,,0.767,430.6
0.756,170.88,,0.702,,,,312.79,,0.705,383.18,,0.729,422.4,,0.726,412.04
0.728,164.46,,0.651,,,,297.41,,0.684,366.58,,0.678,403.04,,0.68,394
0.689,154.68,,0.645,,,,280.88,,0.639,347.03,,0.614,384.3,,0.63,375.49
0.621,145.41,,0.594,,,,266.7,,0.569,329.1,,0.592,365.13,,0.598,355.58
0.598,134.26,,0.56,,,,252.6,,0.537,311.71,,0.546,345.68,,0.57,337.72
0.578,125.57,,0.496,,,,239.66,,0.513,294.36,,0.538,328.61,,0.501,319.01
0.532,120.31,,0.471,,,,225.4,,0.471,276.52,,0.485,309.97,,0.492,299.13
0.501,113.41,,0.445,,,,210.58,,0.458,256.27,,0.447,290.76,,0.451,279.11
0.461,109.28,,0.384,,,,196.95,,0.418,239.92,,0.41,270.69,,0.418,258.38
0.418,104.47,,0.357,,,,180.47,,0.358,222.14,,0.381,252.11,,0.377,238.94
0.386,96.38,,0.341,,,,164.64,,0.333,205.01,,0.315,230.64,,0.327,219.49
0.332,89.54,,0.284,,,,147.24,,0.293,187.11,,0.305,208.43,,0.296,200.77
0.303,81.81,,0.24,,,,129.71,,0.274,169.92,,0.254,189,,0.26,180.71
0.259,73.55,,0.237,,,,113.12,,0.234,150.33,,0.203,168.94,,0.229,160.65
0.225,61.35,,0.189,,,,97.92,,0.187,131.88,,0.175,150.41,,0.188,142.13
0.174,53.59,,0.125,,,,82.74,,0.148,111.44,,0.131,131.06,,0.165,122.92
0.136,44.52,,0.091,,,,67.22,,0.126,92.88,,0.118,110.52,,0.124,101.64
0.113,37.22,,0.063,,,,52.03,,0.076,72.74,,0.079,91.92,,0.084,80.31
0.076,30.54,,0.015,,,,37,,0.021,54.01,,0.023,69.86,,0.029,59.66
0.028,23.94,,-0.033,,,,20.48,,-0.019,34.84,,-0.015,47.82,,-0.011,38.25
-0.029,14.78,,-0.077,,,,1.59,,-0.034,14.98,,-0.066,24.34,,-0.069,16.86
-0.062,7.74,,-0.112,,,,-15.43,,-0.12,-4.28,,-0.095,2.21,,-0.119,-5.42
-0.095,-1.19,,-0.125,,,,-34.31,,-0.17,-23.58,,-0.138,-19.93,,-0.147,-26.25
-0.132,-10.88,,-0.179,,,,-53.92,,-0.197,-46.39,,-0.212,-40.75,,-0.198,-48.31
-0.174,-20.31,,-0.254,,,,-71.38,,-0.253,-66.43,,-0.251,-61.66,,-0.23,-69.03
-0.227,-30.44,,-0.305,,,,-88.92,,-0.295,-87.92,,-0.293,-82.91,,-0.291,-91.18
-0.278,-39.23,,-0.324,,,,-103.8,,-0.328,-106.99,,-0.35,-103.58,,-0.347,-112.39
-0.328,-48.87,,-0.394,,,,-119.75,,-0.385,-130.1,,-0.395,-125.63,,-0.372,-135.09
-0.382,-56.8,,-0.408,,,,-135.3,,-0.44,-148.78,,-0.422,-145.47,,-0.42,-157.22
-0.411,-64.29,,-0.447,,,,-153.29,,-0.446,-168.81,,-0.47,-169.62,,-0.443,-178.44
-0.459,-72.07,,-0.491,,,,-170.47,,-0.51,-188.22,,-0.495,-193.65,,-0.506,-201.35
-0.515,-82.23,,-0.555,,,,-189.31,,-0.545,-207.46,,-0.553,-215.15,,-0.524,-223.42
-0.534,-90.93,,-0.606,,,,-209.51,,-0.566,-226.5,,-0.582,-238.04,,-0.568,-243.48
-0.556,-100.33,,-0.623,,,,-227.34,,-0.627,-244.43,,-0.609,-260.22,,-0.613,-265.76
-0.623,-111.45,,-0.633,,,,-245.13,,-0.648,-265.6,,-0.629,-278.82,,-0.635,-284.97
-0.661,-121.31,,-0.682,,,,-261.32,,-0.692,-284.46,,-0.68,-297.58,,-0.67,-304.39
-0.676,-130.02,,-0.732,,,,-273.69,,-0.728,-305.28,,-0.707,-316.9,,-0.705,-325.12
-0.728,-136.78,,-0.745,,,,-289.45,,-0.735,-322.37,,-0.74,-335.42,,-0.748,-344.37
-0.746,-142.66,,-0.786,,,,-303.8,,-0.79,-341.92,,-0.775,-356.12,,-0.79,-365.04
-0.771,-148.07,,-0.807,,,,-319.64,,-0.81,-361.17,,-0.825,-376.12,,-0.799,-382.93
-0.819,-153.49,,-0.861,,,,-336.1,,-0.851,-379.16,,-0.854,-396.87,,-0.837,-404.96
-0.834,-161.58,,-0.896,,,,-353.37,,-0.888,-396.47,,-0.888,-420.22,,-0.875,-424.21
-0.892,-169.46,,-0.927,,,,-370.85,,-0.927,-413.65,,-0.929,-440.81,,-0.927,-445.84
-0.943,-177.73,,-0.998,,,,-385.93,,-0.987,-428.72,,-0.952,-461.6,,-0.979,-464.45
-0.948,-188.9,,-1.007,,,,-402.5,,-1.005,-447.13,,-1.018,-479.68,,-1.004,-483.76
-1.012,-198.69,,-1.055,,,,-417.4,,-1.069,-465.07,,-1.055,-500.52,,-1.04,-504.49
-1.038,-206.77,,-1.104,,,,-430.55,,-1.101,-485.69,,-1.11,-518.39,,-1.075,-522.5
-1.081,-213.52,,-1.126,,,,-443.24,,-1.139,-504.43,,-1.137,-538.37,,-1.138,-543.11
-1.107,-217.89,,-1.188,,,,-456.98,,-1.173,-523.71,,-1.185,-558.36,,-1.173,-563.85
-1.18,-222.91,,-1.231,,,,-473.51,,-1.24,-543.95,,-1.217,-579.01,,-1.232,-584.56
-1.22,-224.53,,-1.282,,,,-488.61,,-1.272,-561.31,,-1.268,-601.1,,-1.271,-605.21
-1.265,-228.91,,-1.324,,,,-505.09,,-1.313,-577.88,,-1.331,-621.71,,-1.321,-625.08
-1.28,-235.85,,-1.368,,,,-522.35,,-1.358,-593.17,,-1.352,-643.12,,-1.372,-646.48
-1.367,-244.64,,-1.402,,,,-538.14,,-1.405,-608.7,,-1.415,-663.69,,-1.393,-665.79
-1.397,-254.77,,-1.458,,,,-553.51,,-1.445,-626.6,,-1.432,-683.68,,-1.416,-684.58
-1.414,-263.68,,-1.471,,,,-565.35,,-1.47,-643.04,,-1.489,-702.4,,-1.493,-703.97
-1.467,-273.82,,-1.52,,,,-578.11,,-1.535,-662.38,,-1.53,-722.49,,-1.523,-723.31
-1.525,-282,,-1.592,,,,-587.03,,-1.549,-680.09,,-1.574,-740.6,,-1.572,-740.63
-1.549,-287.66,,-1.615,,,,-597.78,,-1.613,-699.5,,-1.596,-759.79,,-1.593,-758.5
-1.579,-290,,-1.656,,,,-606.92,,-1.654,-714.96,,-1.644,-777.73,,-1.641,-775.83
-1.651,-290.7,,-1.67,,,,-620.06,,-1.679,-730.32,,-1.669,-795.1,,-1.691,-792.17
-1.673,-290.89,,-1.713,,,,-633.02,,-1.72,-743.4,,-1.723,-812.91,,-1.708,-809.36
-1.723,-291.02,,-1.754,,,,-647.85,,-1.759,-756.38,,-1.765,-829.36,,-1.752,-827.14
-1.755,-295.84,,-1.814,,,,-662.55,,-1.78,-768.14,,-1.809,-849.34,,-1.793,-844.51
-1.775,-300.19,,-1.858,,,,-676.43,,-1.848,-779.11,,-1.837,-866.48,,-1.833,-863.18
-1.831,-310.13,,-1.883,,,,-687.29,,-1.866,-794.91,,-1.865,-886.49,,-1.859,-879.08
-1.872,-320.28,,-1.939,,,,-695.23,,-1.92,-809.57,,-1.915,-904.43,,-1.913,-897
-1.926,-330.33,,-1.968,,,,-702.82,,-1.949,-825.1,,-1.941,-922.55,,-1.969,-915.09
-1.96,-338.57,,-1.982,,,,-708.86,,-1.999,-843.07,,-1.994,-936.46,,-1.988,-930.9
-1.983,-342.11,,-2.025,,,,-715.92,,-2.024,-857.54,,-2.03,-951.6,,-2.045,-944.92
-2.024,-342.87,,-2.097,,,,-724.32,,-2.091,-873.05,,-2.07,-967.53,,-2.071,-957.8
-2.061,-340.8,,-2.123,,,,-733.84,,-2.117,-884.76,,-2.116,-980.53,,-2.118,-972.98
-2.109,-340.85,,-2.152,,,,-748.24,,-2.158,-897.06,,-2.135,-995.8,,-2.147,-987.33
-2.142,-339.78,,-2.195,,,,-761.34,,-2.212,-906.14,,-2.181,-1011.59,,-2.191,-1002.46
-2.194,-343.36,,-2.243,,,,-777.08,,-2.239,-915.99,,-2.23,-1027.26,,-2.216,-1021.07
-2.251,-348.5,,-2.284,,,,-787.43,,-2.242,-925.48,,-2.264,-1043.87,,-2.286,-1039.7
-2.258,-356.31,,-2.316,,,,-799.37,,-2.296,-937.11,,-2.296,-1063.15,,-2.32,-1055.67
-2.294,-365.13,,-2.341,,,,-803.85,,-2.343,-950.78,,-2.359,-1080.45,,-2.361,-1073.71
-2.356,-375.82,,-2.386,,,,-808.21,,-2.384,-967.35,,-2.405,-1095.13,,-2.391,-1090.45
-2.384,-382.5,,-2.431,,,,-813.24,,-2.419,-981.78,,-2.419,-1111.03,,-2.429,-1102.75
-2.436,-388.68,,-2.458,,,,-817.39,,-2.473,-999.09,,-2.451,-1124.82,,-2.469,-1114.5
-2.474,-392.35,,-2.522,,,,-824.4,,-2.511,-1010.33,,-2.511,-1136.59,,-2.485,-1125.51
-2.524,-389.67,,-2.551,,,,-834.53,,-2.568,-1020.65,,-2.57,-1148.32,,-2.524,-1136.49
-2.524,-386.77,,-2.586,,,,-846.13,,-2.571,-1028.18,,-2.596,-1159.97,,-2.596,-1149.43
-2.594,-384.79,,-2.632,,,,-859.2,,-2.631,-1035.2,,-2.619,-1172.37,,-2.614,-1164.62
-2.619,-385.48,,-2.683,,,,-871.51,,-2.664,-1042.01,,-2.657,-1188.1,,-2.668,-1183.81
-2.666,-391.17,,-2.705,,,,-883.25,,-2.711,-1050.37,,-2.698,-1204.66,,-2.703,-1200.51
-2.71,-397.38,,-2.746,,,,-890.79,,-2.746,-1063.05,,-2.732,-1220.57,,-2.741,-1215.66
-2.733,-405.93,,-2.797,,,,-897.05,,-2.77,-1075.83,,-2.799,-1236.49,,-2.782,-1230.41
-2.77,-414.78,,-2.823,,,,-898.76,,-2.841,-1091.02,,-2.834,-1250.97,,-2.837,-1243.48
-2.811,-423.06,,-2.858,,,,-904.39,,-2.866,-1107.49,,-2.878,-1265.57,,-2.865,-1253.98
-2.875,-427.61,,-2.901,,,,-907.75,,-2.909,-1121.35,,-2.9,-1276.69,,-2.902,-1262.3
-2.884,-430.81,,-2.939,,,,-914.65,,-2.952,-1133.74,,-2.943,-1288.55,,-2.941,-1271.97
-2.935,-430.94,,-2.99,,,,-925.1,,-2.974,-1141.9,,-2.97,-1296.8,,-2.967,-1282.1
-2.977,-427.79,,-3.027,,,,-936.55,,-3.021,-1147.39,,-3.02,-1307.71,,-3.029,-1293.11
-3.024,-422.73,,-3.092,,,,-948.31,,-3.072,-1154.71,,-3.06,-1318.74,,-3.07,-1308.19
-3.078,-421.39,,-3.111,,,,-960.53,,-3.091,-1162.12,,-3.092,-1333.01,,-3.103,-1326.16
-3.102,-423.81,,-3.164,,,,-971.05,,-3.161,-1169.92,,-3.142,-1348.87,,-3.15,-1342.56
-3.15,-428.94,,-3.18,,,,-979.36,,-3.198,-1181.63,,-3.182,-1368.21,,-3.177,-1357.91
-3.176,-436.93,,-3.228,,,,-984.06,,-3.22,-1192.62,,-3.223,-1381.39,,-3.212,-1371.15
-3.207,-446.71,,-3.278,,,,-986.77,,-3.255,-1205.68,,-3.275,-1396,,-3.261,-1383.69
-3.271,-457.44,,-3.296,,,,-988.66,,-3.302,-1221.32,,-3.291,-1408.34,,-3.285,-1392.55
-3.299,-462.8,,-3.342,,,,-990.98,,-3.357,-1235.93,,-3.359,-1418.28,,-3.326,-1402.21
-3.336,-467.27,,-3.395,,,,-996.95,,-3.394,-1245.42,,-3.4,-1428.59,,-3.381,-1410.49
-3.388,-466.89,,-3.417,,,,-1003.12,,-3.429,-1252.98,,-3.425,-1434.7,,-3.418,-1418.13
-3.415,-465.77,,-3.474,,,,-1012.55,,-3.469,-1259.5,,-3.482,-1443.1,,-3.451,-1429.03
-3.477,-462.83,,-3.509,,,,-1025.52,,-3.504,-1264.79,,-3.517,-1452.52,,-3.495,-1441.46
-3.501,-457.54,,-3.53,,,,-1036.44,,-3.542,-1272.11,,-3.557,-1465.54,,-3.549,-1457.89
-3.527,-457.21,,-3.571,,,,-1046.83,,-3.584,-1278.17,,-3.593,-1479.99,,-3.598,-1473.12
-3.57,-460.48,,-3.645,,,,-1057.05,,-3.627,-1289.49,,-3.623,-1496.48,,-3.614,-1488.27
-3.612,-465.98,,-3.663,,,,-1062.26,,-3.65,-1298.88,,-3.681,-1511.09,,-3.671,-1500.78
-3.644,-472.88,,-3.698,,,,-1065.59,,-3.692,-1309.72,,-3.7,-1524.26,,-3.719,-1510.54
-3.706,-479.5,,-3.758,,,,-1065.47,,-3.754,-1321.36,,-3.763,-1536.07,,-3.728,-1518.12
-3.723,-487.47,,-3.783,,,,-1067.24,,-3.79,-1333.65,,-3.767,-1544.42,,-3.789,-1526.54
-3.77,-492.9,,-3.816,,,,-1069.17,,-3.83,-1341.98,,-3.829,-1552.13,,-3.805,-1531.92
-3.824,-492.76,,-3.851,,,,-1075.39,,-3.852,-1350.4,,-3.867,-1558.99,,-3.852,-1538.8
-3.869,-490.95,,-3.93,,,,-1085.12,,-3.888,-1355.2,,-3.908,-1567.25,,-3.899,-1549.88
-3.9,-486.38,,-3.938,,,,-1095.23,,-3.958,-1360.96,,-3.937,-1576.86,,-3.933,-1560.76
-3.96,-480.71,,-3.974,,,,-1107.58,,-3.986,-1365.59,,-4,-1588.4,,-3.978,-1576.51
-3.986,-478.92,,-4.031,,,,-1117.99,,-4.014,-1373.36,,-4.031,-1602.17,,-4.032,-1591.05
-4.032,-479.01,,-4.052,,,,-1126.79,,-4.054,-1379.67,,-4.073,-1618.08,,-4.047,-1604.16
-4.048,-482.19,,-4.113,,,,-1132.47,,-4.108,-1388.63,,-4.098,-1631.62,,-4.111,-1612.45
-4.098,-489.09,,-4.144,,,,-1135.71,,-4.135,-1395.95,,-4.133,-1642.86,,-4.131,-1620.95
-4.13,-496.89,,-4.218,,,,-1134.47,,-4.2,-1408.99,,-4.181,-1650.57,,-4.199,-1626.46
-4.187,-505.13,,-4.252,,,,-1136.67,,-4.232,-1417.25,,-4.227,-1658.25,,-4.221,-1632.67
-4.21,-512.01,,-4.287,,,,-1137.99,,-4.263,-1426.27,,-4.279,-1663.82,,-4.26,-1638.23
-4.269,-515.92,,-4.289,,,,-1143.96,,-4.311,-1433.66,,-4.295,-1670,,-4.298,-1645.13
-4.289,-513.51,,-4.337,,,,-1150.5,,-4.339,-1438.02,,-4.352,-1676.29,,-4.339,-1655.51
-4.333,-511.9,,-4.397,,,,-1158.9,,-4.394,-1440.81,,-4.387,-1681.65,,-4.373,-1667.02
-4.371,-504.85,,-4.404,,,,-1167.82,,-4.438,-1445.22,,-4.409,-1693.98,,-4.431,-1678.65
-4.444,-499.52,,-4.474,,,,-1176.75,,-4.47,-1451.43,,-4.478,-1705.54,,-4.478,-1691.77
-4.45,-496.42,,-4.505,,,,-1184.79,,-4.492,-1456.13,,-4.506,-1720.67,,-4.512,-1701.35
-4.511,-500.57,,-4.552,,,,-1191.07,,-4.552,-1463.07,,-4.528,-1732.49,,-4.542,-1706.87
-4.532,-503.33,,-4.588,,,,-1193.1,,-4.596,-1470.6,,-4.588,-1742.9,,-4.577,-1712.4
-4.58,-510.59,,-4.615,,,,-1191.93,,-4.608,-1481.46,,-4.616,-1748.42,,-4.632,-1716.01
-4.636,-518.77,,-4.653,,,,-1191.83,,-4.669,-1489.7,,-4.649,-1753.29,,-4.648,-1721.61
-4.661,-525.23,,-4.701,,,,-1192.6,,-4.7,-1497.74,,-4.718,-1756.15,,-4.7,-1727.8
-4.68,-530.73,,-4.759,,,,-1194.11,,-4.747,-1502.14,,-4.746,-1761.73,,-4.728,-1733.36
-4.707,-531.64,,-4.79,,,,-1199.72,,-4.78,-1504.75,,-4.775,-1765.26,,-4.785,-1742.34
-4.789,-526.92,,-4.831,,,,-1205.81,,-4.801,-1507.79,,-4.822,-1772.09,,-4.822,-1751.33
-4.826,-521.22,,-4.874,,,,-1213.86,,-4.845,-1508.47,,-4.874,-1780.22,,-4.87,-1760.83
-4.867,-516.13,,-4.901,,,,-1223.51,,-4.893,-1511.24,,-4.899,-1791.87,,-4.911,-1771.83
-4.902,-510.52,,-4.926,,,,-1231.08,,-4.928,-1517.6,,-4.94,-1804.06,,-4.933,-1779.27
-4.924,-510.36,,-4.98,,,,-1237.33,,-4.975,-1522.38,,-4.98,-1815.88,,-4.972,-1786.3
-4.99,-512.69,,-5.037,,,,-1237.95,,-5.033,-1528.46,,-5.018,-1821.42,,-5.004,-1787.64
-5.009,-517.57,,-5.086,,,,-1231.81,,-5.052,-1535.78,,-5.06,-1826.99,,-5.044,-1790.4
-5.041,-525.62,,-5.109,,,,-1228.13,,-5.087,-1544.03,,-5.11,-1829.18,,-5.104,-1793.31
-5.109,-532.32,,-5.154,,,,-1223.68,,-5.155,-1551.1,,-5.158,-1830.53,,-5.158,-1799.59
-5.158,-538.66,,-5.178,,,,-1225.84,,-5.191,-1557.34,,-5.174,-1834.12,,-5.176,-1802.28
-5.166,-543.26,,-5.22,,,,-1228.37,,-5.215,-1556.5,,-5.215,-1839.57,,-5.205,-1809.84
-5.209,-541.4,,-5.265,,,,-1236.23,,-5.266,-1555.81,,-5.277,-1845.06,,-5.255,-1818.88
-5.253,-534.18,,-5.327,,,,-1243.52,,-5.315,-1556.06,,-5.291,-1853.98,,-5.288,-1828.31
-5.291,-525.94,,-5.347,,,,-1252.55,,-5.342,-1558.22,,-5.342,-1864.27,,-5.339,-1836.49
-5.349,-521.73,,-5.371,,,,-1260.12,,-5.378,-1563.13,,-5.391,-1873.83,,-5.385,-1844.12
-5.368,-519.5,,-5.438,,,,-1263.64,,-5.425,-1566.55,,-5.429,-1882.16,,-5.426,-1847.64
-5.414,-520.7,,-5.475,,,,-1263.26,,-5.469,-1569.91,,-5.474,-1886.31,,-5.469,-1848.22
-5.456,-527.13,,-5.526,,,,-1257.32,,-5.511,-1576.83,,-5.502,-1887.76,,-5.512,-1849.09
-5.49,-535.09,,-5.537,,,,-1250.43,,-5.549,-1584.73,,-5.551,-1887.75,,-5.531,-1851.13
-5.525,-542.83,,-5.592,,,,-1245.59,,-5.582,-1589.51,,-5.6,-1887.85,,-5.578,-1855.4
-5.591,-549.07,,-5.619,,,,-1245.58,,-5.626,-1595.15,,-5.625,-1890.54,,-5.626,-1860.19
-5.633,-552.75,,-5.657,,,,-1249.3,,-5.664,-1595.87,,-5.665,-1896.05,,-5.649,-1866.43
-5.658,-550.4,,-5.706,,,,-1254.51,,-5.697,-1593.19,,-5.689,-1901.65,,-5.696,-1873.37
-5.709,-543.87,,-5.747,,,,-1261.67,,-5.748,-1590.61,,-5.753,-1909.94,,-5.727,-1880.76
-5.724,-536.24,,-5.773,,,,-1270.37,,-5.8,-1588.47,,-5.778,-1917.38,,-5.79,-1887.67
-5.8,-529.75,,-5.833,,,,-1277.1,,-5.829,-1591.2,,-5.823,-1924.88,,-5.839,-1894.5
-5.808,-526.13,,-5.846,,,,-1282.6,,-5.876,-1594.23,,-5.859,-1931.73,,-5.864,-1896.45
-5.883,-527.69,,-5.919,,,,-1281.43,,-5.905,-1598.7,,-5.905,-1934.5,,-5.905,-1896.61
-5.911,-533.79,,-5.938,,,,-1275.66,,-5.936,-1603.5,,-5.958,-1933.86,,-5.942,-1898.12
-5.928,-540.77,,-5.978,,,,-1266.86,,-5.981,-1608.88,,-5.974,-1933.87,,-5.996,-1899.47
-5.969,-547.39,,-6.045,,,,-1259.38,,-6.032,-1616.44,,-6.021,-1933.88,,-6.038,-1903.02
-6.019,-552.18,,-6.059,,,,-1255.93,,-6.085,-1622.67,,-6.075,-1936.77,,-6.063,-1908.48
-6.064,-556.23,,-6.118,,,,-1258.12,,-6.095,-1624.71,,-6.109,-1941.68,,-6.106,-1913.28
-6.092,-559.56,,-6.137,,,,-1263.68,,-6.159,-1621.43,,-6.131,-1947.84,,-6.145,-1918.75
-6.148,-553.25,,-6.188,,,,-1272,,-6.186,-1618.83,,-6.18,-1955.37,,-6.196,-1926.32
-6.18,-542.06,,-6.231,,,,-1280.26,,-6.212,-1616.49,,-6.212,-1962.19,,-6.214,-1931.1
-6.203,-534.39,,-6.248,,,,-1286.32,,-6.266,-1617.98,,-6.264,-1970.36,,-6.262,-1937.17
-6.26,-530.84,,-6.293,,,,-1292.26,,-6.291,-1619.55,,-6.312,-1976.64,,-6.302,-1940.7
-6.298,-530.35,,-6.34,,,,-1293.6,,-6.327,-1625.54,,-6.36,-1981.35,,-6.351,-1941.47
-6.357,-532.53,,-6.371,,,,-1289.75,,-6.386,-1631.8,,-6.37,-1981.47,,-6.378,-1941.44
-6.37,-537.96,,-6.432,,,,-1280.42,,-6.421,-1639.32,,-6.439,-1980.85,,-6.417,-1943.5
-6.411,-545.5,,-6.469,,,,-1272.66,,-6.45,-1647.41,,-6.468,-1980.94,,-6.461,-1947.18
-6.456,-550.57,,-6.494,,,,-1267.09,,-6.509,-1653.85,,-6.503,-1984.98,,-6.512,-1951.96
-6.512,-554.96,,-6.558,,,,-1269.3,,-6.551,-1654.99,,-6.544,-1990.66,,-6.549,-1958.22
-6.521,-558.55,,-6.565,,,,-1274.01,,-6.594,-1653.89,,-6.577,-1996.93,,-6.571,-1963.69
-6.573,-555.3,,-6.614,,,,-1280.26,,-6.623,-1648.97,,-6.641,-2003.74,,-6.616,-1971.2
-6.605,-549.19,,-6.69,,,,-1287.85,,-6.668,-1646.39,,-6.654,-2009.84,,-6.67,-1978.6
-6.679,-538.55,,-6.715,,,,-1295.89,,-6.703,-1644.91,,-6.71,-2017.36,,-6.682,-1984.11
-6.708,-534.08,,-6.737,,,,-1300.54,,-6.744,-1647.12,,-6.743,-2022.86,,-6.736,-1988.35
-6.736,-532.88,,-6.773,,,,-1301.89,,-6.768,-1651.89,,-6.781,-2027.59,,-6.783,-1987.53
-6.784,-534.24,,-6.836,,,,-1299.99,,-6.82,-1658.23,,-6.824,-2026.11,,-6.822,-1985.55
-6.801,-537.77,,-6.853,,,,-1294.56,,-6.854,-1667.05,,-6.873,-2023.42,,-6.872,-1986.95
-6.845,-543.2,,-6.892,,,,-1286.94,,-6.901,-1676.69,,-6.898,-2021.41,,-6.908,-1990.45
-6.908,-549.49,,-6.94,,,,-1282.29,,-6.934,-1681.22,,-6.954,-2024.42,,-6.943,-1996.11
-6.953,-549.68,,-6.985,,,,-1282.77,,-6.984,-1683.36,,-6.985,-2027.91,,-6.979,-2001.58
-6.972,-552.1,,-7.019,,,,-1287.01,,-7.015,-1681.47,,-7.027,-2034.79,,-7.021,-2006.42
-7.013,-550.66,,-7.077,,,,-1292.06,,-7.054,-1674.37,,-7.077,-2040.36,,-7.071,-2014.07
-7.051,-544.49,,-7.12,,,,-1298.1,,-7.086,-1671.85,,-7.106,-2044.98,,-7.087,-2019.46
-7.095,-537.12,,-7.161,,,,-1302.26,,-7.136,-1671.27,,-7.157,-2053.23,,-7.129,-2026.3
-7.145,-531.95,,-7.193,,,,-1308.95,,-7.173,-1675.43,,-7.179,-2060.12,,-7.198,-2028.9
-7.187,-527.48,,-7.223,,,,-1313.85,,-7.208,-1681.56,,-7.229,-2065.43,,-7.237,-2028.25
-7.234,-529.92,,-7.254,,,,-1315.7,,-7.263,-1688.6,,-7.274,-2066.25,,-7.256,-2026.14
-7.243,-531.76,,-7.295,,,,-1311.83,,-7.306,-1696.77,,-7.289,-2064.07,,-7.287,-2025.54
-7.306,-535.88,,-7.355,,,,-1304.39,,-7.344,-1704.85,,-7.331,-2062.83,,-7.353,-2028.41
-7.353,-539.05,,-7.399,,,,-1299.41,,-7.386,-1711.19,,-7.373,-2064.32,,-7.382,-2033.29
-7.36,-543.41,,-7.433,,,,-1298.09,,-7.437,-1715.24,,-7.41,-2069.94,,-7.433,-2038.86
-7.426,-544.2,,-7.471,,,,-1299.64,,-7.459,-1710.35,,-7.473,-2074.87,,-7.455,-2045.05
-7.467,-548.37,,-7.494,,,,-1305.12,,-7.509,-1704.86,,-7.507,-2081.08,,-7.492,-2049.14
-7.492,-546.26,,-7.552,,,,-1311.84,,-7.554,-1700.03,,-7.547,-2088.51,,-7.542,-2055.95
-7.537,-538.88,,-7.592,,,,-1318.79,,-7.595,-1698.71,,-7.58,-2094.56,,-7.597,-2061.33
-7.572,-533.14,,-7.627,,,,-1325.42,,-7.603,-1701.55,,-7.626,-2100.79,,-7.616,-2066.24
-7.622,-529.28,,-7.674,,,,-1331.01,,-7.673,-1709.28,,-7.648,-2106.16,,-7.656,-2067.48
-7.657,-527.94,,-7.721,,,,-1332.88,,-7.711,-1715.98,,-7.698,-2107.59,,-7.701,-2064.84
-7.705,-529.52,,-7.746,,,,-1331.76,,-7.758,-1725.05,,-7.735,-2104.1,,-7.735,-2062.77
-7.746,-530.06,,-7.807,,,,-1324.24,,-7.788,-1733.34,,-7.773,-2101.44,,-7.793,-2064.32
-7.796,-533.27,,-7.814,,,,-1317.81,,-7.81,-1740.04,,-7.84,-2102.97,,-7.83,-2069.9
-7.813,-535.12,,-7.868,,,,-1313.02,,-7.856,-1744.07,,-7.853,-2109.1,,-7.855,-2074.7
-7.866,-538.42,,-7.924,,,,-1316.09,,-7.901,-1741.45,,-7.901,-2115.46,,-7.913,-2082.41
-7.91,-539.12,,-7.953,,,,-1320.88,,-7.958,-1735.87,,-7.945,-2119.65,,-7.928,-2086.38
-7.933,-541.15,,-8,,,,-1325.28,,-7.987,-1727.71,,-7.985,-2125.12,,-7.971,-2093.2
-7.992,-537.4,,-8.028,,,,-1331.91,,-8.025,-1725.43,,-8.015,-2129.88,,-8.026,-2098.77
-8.012,-530.62,,-8.066,,,,-1340.64,,-8.065,-1728.4,,-8.064,-2135.21,,-8.069,-2101.28
-8.05,-525.47,,-8.12,,,,-1348.88,,-8.097,-1733.93,,-8.108,-2140.62,,-8.099,-2103.39
-8.094,-523,,-8.127,,,,-1351.65,,-8.136,-1741.48,,-8.135,-2140.61,,-8.146,-2099.36
-8.155,-522.96,,-8.197,,,,-1352.37,,-8.168,-1747.72,,-8.197,-2138.01,,-8.178,-2096.61
-8.177,-524.09,,-8.211,,,,-1345.58,,-8.24,-1752.46,,-8.23,-2135.99,,-8.207,-2098.03
-8.224,-528.57,,-8.273,,,,-1336.5,,-8.249,-1757.9,,-8.257,-2133.85,,-8.261,-2100.7
-8.259,-532.16,,-8.303,,,,-1330.65,,-8.325,-1762.69,,-8.305,-2137.99,,-8.283,-2106.46
-8.315,-533.67,,-8.357,,,,-1329.04,,-8.334,-1761.96,,-8.334,-2143.56,,-8.358,-2112.64
-8.348,-535.3,,-8.39,,,,-1331.27,,-8.375,-1757.88,,-8.371,-2149.23,,-8.388,-2115.28
-8.389,-538.25,,-8.414,,,,-1336.06,,-8.405,-1751.08,,-8.413,-2156.08,,-8.438,-2119.44
-8.422,-536.51,,-8.459,,,,-1343.55,,-8.448,-1749.05,,-8.476,-2158.88,,-8.463,-2124.79
-8.464,-533.24,,-8.499,,,,-1350.98,,-8.493,-1751.03,,-8.504,-2164.3,,-8.486,-2127.6
-8.486,-526.36,,-8.545,,,,-1359.29,,-8.549,-1756.21,,-8.537,-2167.58,,-8.534,-2127.51
-8.543,-525.39,,-8.601,,,,-1366.13,,-8.569,-1763.05,,-8.581,-2168.85,,-8.568,-2122.64
-8.578,-523.03,,-8.629,,,,-1367.42,,-8.609,-1769.15,,-8.633,-2165.48,,-8.609,-2119.24
-8.6,-523.78,,-8.673,,,,-1363.5,,-8.679,-1773.9,,-8.656,-2157.94,,-8.657,-2119.29
-8.638,-523.73,,-8.703,,,,-1352.33,,-8.712,-1780.74,,-8.722,-2153.88,,-8.719,-2121.47
-8.691,-525.35,,-8.734,,,,-1345.53,,-8.729,-1784.06,,-8.757,-2153.93,,-8.744,-2128.38
-8.73,-529.06,,-8.806,,,,-1341.63,,-8.787,-1784.74,,-8.786,-2160.21,,-8.767,-2132.02
-8.784,-532.71,,-8.812,,,,-1342.36,,-8.818,-1778.61,,-8.818,-2166.42,,-8.818,-2136.82
-8.824,-534.9,,-8.867,,,,-1345.63,,-8.86,-1770.92,,-8.859,-2172.57,,-8.871,-2140.11
-8.866,-537.73,,-8.924,,,,-1353.23,,-8.901,-1766.43,,-8.913,-2175.4,,-8.902,-2144.24
-8.887,-536.69,,-8.948,,,,-1362.33,,-8.938,-1766.94,,-8.937,-2180.01,,-8.937,-2148.87
-8.933,-528.53,,-8.984,,,,-1370.89,,-8.973,-1772.6,,-8.973,-2185.59,,-8.973,-2148.07
-8.977,-525.24,,-9.041,,,,-1377.17,,-9.031,-1778.23,,-9.022,-2187.63,,-9.032,-2143.3
-9.008,-522.53,,-9.085,,,,-1379.93,,-9.077,-1784.36,,-9.08,-2184.09,,-9.059,-2134.31
-9.055,-520.34,,-9.094,,,,-1375.84,,-9.116,-1789.11,,-9.093,-2175.15,,-9.095,-2129.47
-9.088,-518.52,,-9.149,,,,-1366.67,,-9.142,-1794.04,,-9.125,-2169.59,,-9.136,-2131.15
-9.135,-521.31,,-9.192,,,,-1356.56,,-9.185,-1797.22,,-9.196,-2171.19,,-9.179,-2137.34
-9.185,-524.41,,-9.23,,,,-1350.38,,-9.218,-1796.45,,-9.226,-2173.94,,-9.207,-2144.2
-9.229,-528.39,,-9.252,,,,-1350.48,,-9.267,-1790.36,,-9.26,-2180.12,,-9.264,-2149.85
-9.254,-532.27,,-9.309,,,,-1353.86,,-9.296,-1781.22,,-9.285,-2185.7,,-9.291,-2155.92
-9.284,-536.92,,-9.358,,,,-1358.78,,-9.33,-1774.36,,-9.359,-2187.78,,-9.34,-2158.75
-9.327,-537.5,,-9.37,,,,-1365.48,,-9.379,-1773.77,,-9.396,-2192.54,,-9.383,-2161.43
-9.387,-532.26,,-9.437,,,,-1373.06,,-9.404,-1778.69,,-9.416,-2195.15,,-9.427,-2162.75
-9.416,-525.69,,-9.471,,,,-1379.8,,-9.452,-1782.23,,-9.481,-2195.76,,-9.465,-2155.77
-9.469,-520.91,,-9.492,,,,-1383.3,,-9.514,-1789.97,,-9.5,-2195.15,,-9.484,-2145.3
-9.505,-519.1,,-9.55,,,,-1384.2,,-9.546,-1792.58,,-9.532,-2187.47,,-9.555,-2136.43
-9.542,-516.71,,-9.572,,,,-1375.71,,-9.569,-1797.19,,-9.571,-2180.54,,-9.565,-2136.52
-9.558,-517.16,,-9.641,,,,-1366.24,,-9.612,-1802.67,,-9.623,-2178.63,,-9.612,-2141.29
-9.628,-519.67,,-9.649,,,,-1359.31,,-9.645,-1805.46,,-9.658,-2180.69,,-9.669,-2148.46
-9.653,-524.13,,-9.708,,,,-1356.57,,-9.724,-1801.26,,-9.719,-2186.31,,-9.685,-2155.33
-9.694,-527.78,,-9.745,,,,-1358.75,,-9.758,-1792.24,,-9.732,-2191.87,,-9.748,-2160.92
-9.741,-530.77,,-9.785,,,,-1365.06,,-9.777,-1782.73,,-9.792,-2194.69,,-9.788,-2164.94
-9.789,-534.68,,-9.835,,,,-1371.1,,-9.831,-1780.07,,-9.823,-2197.37,,-9.813,-2167.67
-9.82,-532.13,,-9.886,,,,-1377.89,,-9.872,-1781.44,,-9.854,-2200.55,,-9.855,-2168.84
-9.866,-526.21,,-9.894,,,,-1385.53,,-9.893,-1786.29,,-9.905,-2203.29,,-9.883,-2163.22
-9.881,-521.27,,-9.94,,,,-1389.66,,-9.948,-1791.34,,-9.93,-2201.2,,-9.934,-2154.93
-9.926,-517,,-9.983,,,,-1391.03,,-9.992,-1795.94,,-9.981,-2195.64,,-9.985,-2145.94
-9.985,-514.63,,-10.015,,,,-1383.44,,-10.031,-1800.19,,-10.013,-2185.96,,-10.019,-2141.94
-9.994,-514.02,,-10.069,,,,-1372.9,,-10.062,-1804.23,,-10.048,-2184.02,,-10.064,-2145.54
-10.073,-517.41,,-10.123,,,,-1363.45,,-10.113,-1806.16,,-10.115,-2185.61,,-10.099,-2151.11
-10.099,-521.06,,-10.139,,,,-1359.89,,-10.144,-1806.63,,-10.136,-2188.33,,-10.145,-2157.42
-10.128,-525.85,,-10.18,,,,-1361.66,,-10.162,-1797.02,,-10.184,-2193.32,,-10.184,-2162.77
-10.185,-530.62,,-10.239,,,,-1367.13,,-10.208,-1788.75,,-10.238,-2194.59,,-10.216,-2167.68
-10.25,-533.85,,-10.28,,,,-1373.31,,-10.273,-1779.99,,-10.266,-2196.54,,-10.261,-2168.18
-10.273,-532.15,,-10.309,,,,-1382.72,,-10.301,-1780.75,,-10.294,-2197.89,,-10.301,-2170.18
-10.285,-527.38,,-10.348,,,,-1387.81,,-10.34,-1784.36,,-10.342,-2201.27,,-10.329,-2167.37
-10.33,-520.49,,-10.388,,,,-1395.11,,-10.397,-1789.79,,-10.387,-2197.8,,-10.367,-2158.98
-10.356,-514.63,,-10.426,,,,-1396.49,,-10.416,-1795.92,,-10.422,-2192.94,,-10.428,-2146.68
-10.418,-511.29,,-10.449,,,,-1392.34,,-10.466,-1800.17,,-10.477,-2185.39,,-10.469,-2143.34
-10.45,-509.59,,-10.509,,,,-1382.64,,-10.514,-1805.05,,-10.509,-2182.76,,-10.5,-2145.35
-10.478,-512.54,,-10.563,,,,-1372.44,,-10.536,-1808.25,,-10.548,-2183.42,,-10.551,-2150.34
-10.561,-515.11,,-10.591,,,,-1366.9,,-10.583,-1809.01,,-10.573,-2186.92,,-10.58,-2158.11
-10.574,-520.8,,-10.642,,,,-1367.09,,-10.63,-1801.31,,-10.618,-2191.76,,-10.636,-2164.25
-10.609,-523.14,,-10.667,,,,-1371.41,,-10.662,-1792.81,,-10.665,-2194.5,,-10.649,-2166.17
-10.669,-527.64,,-10.717,,,,-1378.27,,-10.682,-1785.36,,-10.69,-2195.99,,-10.683,-2168.28
-10.69,-530.48,,-10.754,,,,-1384.25,,-10.742,-1784.2,,-10.738,-2199.25,,-10.748,-2169.53
-10.726,-528.94,,-10.802,,,,-1391.09,,-10.77,-1786.23,,-10.773,-2201.27,,-10.776,-2167.43
-10.789,-521.82,,-10.822,,,,-1396.49,,-10.823,-1791.07,,-10.81,-2202.61,,-10.829,-2160.42
-10.805,-515.8,,-10.856,,,,-1399.42,,-10.869,-1795.29,,-10.863,-2196.31,,-10.857,-2151.55
-10.843,-511.06,,-10.891,,,,-1399.32,,-10.881,-1800.84,,-10.893,-2191.44,,-10.892,-2148.07
-10.893,-508.72,,-10.961,,,,-1392.93,,-10.953,-1804.82,,-10.921,-2184.7,,-10.943,-2148.16
-10.925,-510.97,,-10.987,,,,-1383.36,,-10.988,-1806.92,,-10.988,-2182.76,,-10.962,-2155.13
-10.959,-514.09,,-11.034,,,,-1373.71,,-11.024,-1806.73,,-11.025,-2186.94,,-11.018,-2162.71
-11.03,-516.09,,-11.074,,,,-1371.36,,-11.052,-1808.08,,-11.07,-2191.15,,-11.06,-2167.76
-11.029,-519.31,,-11.087,,,,-1371.25,,-11.081,-1799.7,,-11.102,-2196.03,,-11.079,-2169
-11.089,-522.47,,-11.132,,,,-1375.8,,-11.146,-1791.56,,-11.14,-2198.72,,-11.137,-2169.73
-11.105,-524.13,,-11.178,,,,-1380.79,,-11.159,-1788.07,,-11.183,-2200.12,,-11.171,-2171.02
-11.182,-525.68,,-11.223,,,,-1388.52,,-11.201,-1790.2,,-11.211,-2202.62,,-11.203,-2171.59
-11.213,-524.24,,-11.248,,,,-1395.37,,-11.257,-1793.22,,-11.26,-2203.23,,-11.24,-2168.68
-11.232,-514.81,,-11.299,,,,-1401.28,,-11.295,-1795.87,,-11.276,-2199.69,,-11.273,-2162.5
-11.286,-510.7,,-11.344,,,,-1403.3,,-11.337,-1796.78,,-11.335,-2192.9,,-11.319,-2155.71
-11.337,-506.7,,-11.362,,,,-1399.15,,-11.359,-1802.04,,-11.377,-2184.55,,-11.36,-2155.7
-11.376,-505.84,,-11.414,,,,-1390.91,,-11.406,-1804.77,,-11.392,-2182.62,,-11.406,-2158.48
-11.399,-507.5,,-11.463,,,,-1379.76,,-11.448,-1807.41,,-11.452,-2186.93,,-11.449,-2164.98
-11.456,-510.27,,-11.483,,,,-1377.27,,-11.482,-1806.11,,-11.461,-2192.46,,-11.472,-2169.76
-11.476,-514.27,,-11.534,,,,-1376.8,,-11.497,-1800.49,,-11.496,-2198.65,,-11.494,-2173.24
-11.52,-517.17,,-11.553,,,,-1378.54,,-11.507,-1791.47,,-11.529,-2200.84,,-11.529,-2173.14
-11.544,-520.31,,-11.556,,,,-1383.43,,-11.544,-1783.29,,-11.551,-2201.25,,-11.551,-2172.35
-11.563,-521.79,,-11.584,,,,-1389.19,,-11.554,-1784.72,,-11.582,-2203.25,,-11.582,-2170.74
-11.605,-522.48,,-11.602,,,,-1396.29,,-11.603,-1792.34,,-11.595,-2208.63,,-11.583,-2171.31
-11.605,-518.44,,-11.638,,,,-1405.95,,-11.586,-1801.27,,-11.586,-2213.48,,-11.583,-2169.25
-11.628,-510.93,,-11.625,,,,-1416.38,,-11.617,-1811.66,,-11.601,-2212.83,,-11.633,-2165.28
-11.667,-502.65,,-11.635,,,,-1420.38,,-11.612,-1815.96,,-11.617,-2208.69,,-11.617,-2162.45
-11.649,-495.25,,-11.675,,,,-1415.06,,-11.633,-1817.92,,-11.63,-2205.34,,-11.633,-2163.96
-11.677,-490.34,,-11.676,,,,-1402.62,,-11.622,-1815.79,,-11.651,-2201.25,,-11.627,-2166.14
-11.69,-489.46,,-11.672,,,,-1390.22,,-11.647,-1812.92,,-11.642,-2197.9,,-11.654,-2166.9
-11.706,-492.1,,-11.678,,,,-1382.78,,-11.65,-1809.56,,-11.66,-2195.82,,-11.629,-2167.52
-11.722,-496.09,,-11.703,,,,-1379.89,,-11.661,-1798.36,,-11.642,-2195.84,,-11.661,-2166.18
-11.718,-503.6,,-11.708,,,,-1384.24,,-11.644,-1793.46,,-11.643,-2197.83,,-11.662,-2168.86
-11.732,-511.19,,-11.692,,,,-1390.26,,-11.64,-1792.89,,-11.651,-2201.26,,-11.652,-2170.87
-11.716,-515,,-11.691,,,,-1398.84,,-11.653,-1794.45,,-11.67,-2206.03,,-11.673,-2172.13
-11.74,-515.16,,-11.692,,,,-1406.38,,-11.666,-1798.77,,-11.668,-2209.44,,-11.657,-2169.35
-11.737,-508.33,,-11.726,,,,-1413.31,,-11.656,-1801.4,,-11.662,-2205.97,,-11.646,-2161.16
-11.745,-498.35,,-11.713,,,,-1414.38,,-11.674,-1800.65,,-11.674,-2196.34,,-11.677,-2153.59
-11.737,-490.14,,-11.704,,,,-1408.07,,-11.668,-1803.52,,-11.665,-2188.73,,-11.695,-2150.9
-11.75,-486.75,,-11.705,,,,-1398.96,,-11.691,-1805.42,,-11.676,-2183.93,,-11.683,-2152.25
-11.738,-487.82,,-11.722,,,,-1386.9,,-11.687,-1808.14,,-11.69,-2184.76,,-11.677,-2154.42
-11.74,-490.28,,-11.719,,,,-1380.06,,-11.69,-1808.69,,-11.698,-2185.48,,-11.677,-2156.45
-11.764,-496.11,,-11.729,,,,-1380.87,,-11.709,-1805.31,,-12.182,-2188.95,,-11.699,-2159.21
-11.779,-500.93,,-11.729,,,,-1384.31,,-12.161,-1796.37,,-12.187,-2191.07,,-12.178,-2162.66
-12.077,-505.7,,-11.749,,,,-1389.88,,-12.164,-1789.38,,-12.161,-2191.55,,-12.167,-2165.32
-12.077,-510.58,,-12.111,,,,-1393.94,,-12.145,-1785.42,,-12.171,-2195.66,,-12.17,-2167.27
-12.059,-510.73,,-12.099,,,,-1398.66,,-12.135,-1784.63,,-12.14,-2198.23,,-12.128,-2165.16
-12.056,-508.54,,-12.07,,,,-1401.99,,-12.107,-1786.16,,-12.124,-2196.95,,-12.107,-2156.86
-12.053,-502.6,,-12.048,,,,-1404.86,,-12.054,-1790.23,,-12.105,-2192.75,,-12.102,-2147.15
-12.024,-494.1,,-12.047,,,,-1403.34,,-12.065,-1794.34,,-12.086,-2184.39,,-12.064,-2143.78
-12.023,-490.1,,-11.998,,,,-1396.9,,-12.019,-1799.75,,-12.026,-2181.76,,-12.046,-2144
-11.974,-488.27,,-11.968,,,,-1387.43,,-11.993,-1804.76,,-12.006,-2180.53,,-12.012,-2147.54
-11.963,-489.07,,-11.946,,,,-1377.88,,-11.952,-1806.68,,-11.969,-2180.64,,-11.971,-2148.93
-11.923,-493.94,,-11.905,,,,-1373.09,,-11.933,-1802.42,,-11.94,-2181.95,,-11.944,-2150.4
-11.897,-497.76,,-11.895,,,,-1374.33,,-11.882,-1793.62,,-11.924,-2182.83,,-11.916,-2151.67
-11.871,-501.76,,-11.833,,,,-1376.53,,-11.87,-1784.68,,-11.874,-2182.67,,-11.866,-2152.98
-11.812,-505.24,,-11.819,,,,-1382.94,,-11.809,-1780.53,,-11.84,-2185.41,,-11.849,-2154.9
-11.795,-509.2,,-11.788,,,,-1387.03,,-11.775,-1780.53,,-11.804,-2190.05,,-11.814,-2154.22
-11.748,-509.21,,-11.728,,,,-1394.09,,-11.752,-1783.33,,-11.769,-2193.65,,-11.761,-2150.62
-11.702,-502.76,,-11.707,,,,-1397.09,,-11.73,-1785.67,,-11.739,-2192.79,,-11.745,-2141.78
-11.675,-495.96,,-11.661,,,,-1400.82,,-11.683,-1788.33,,-11.685,-2185.9,,-11.713,-2137.67
-11.654,-489.83,,-11.642,,,,-1395.62,,-11.654,-1790.14,,-11.69,-2177.67,,-11.678,-2134.94
-11.613,-485.78,,-11.586,,,,-1387.54,,-11.623,-1793.84,,-11.64,-2174.33,,-11.637,-2135.1
-11.578,-488.31,,-11.59,,,,-1374.38,,-11.579,-1795.56,,-11.622,-2172.94,,-11.612,-2137.28
-11.549,-490.15,,-11.549,,,,-1365.87,,-11.546,-1796.16,,-11.583,-2175.03,,-11.562,-2138.55
-11.512,-495.1,,-11.494,,,,-1365.6,,-11.527,-1791.51,,-11.532,-2175.85,,-11.542,-2139.82
-11.495,-499.3,,-11.479,,,,-1368.47,,-11.475,-1783.19,,-11.51,-2178.66,,-11.502,-2143.89
-11.452,-501.12,,-11.435,,,,-1373.09,,-11.443,-1775.6,,-11.481,-2181.98,,-11.454,-2148.72
-11.441,-504.81,,-11.386,,,,-1380.61,,-11.408,-1773.76,,-11.44,-2184.7,,-11.42,-2151.37
-11.406,-506.3,,-11.362,,,,-1386.92,,-11.347,-1775.05,,-11.405,-2185.86,,-11.392,-2147.19
-11.362,-504.44,,-11.326,,,,-1392.28,,-11.325,-1775.07,,-11.345,-2182.38,,-11.338,-2138.85
-11.308,-499.71,,-11.273,,,,-1393.81,,-11.293,-1776.44,,-11.305,-2173.42,,-11.299,-2130.83
-11.259,-493.49,,-11.234,,,,-1392.13,,-11.253,-1778.59,,-11.279,-2163.89,,-11.258,-2124.49
-11.235,-491.05,,-11.213,,,,-1386.06,,-11.211,-1784.17,,-11.244,-2157.07,,-11.218,-2122.46
-11.18,-489.01,,-11.152,,,,-1376.14,,-11.177,-1788.84,,-11.185,-2156.94,,-11.194,-2126.05
-11.156,-491.54,,-11.112,,,,-1368.34,,-11.142,-1792.26,,-11.137,-2161.25,,-11.139,-2129.55
-11.116,-491.43,,-11.079,,,,-1364.67,,-11.1,-1790.94,,-11.108,-2168.22,,-11.109,-2134.58
-11.071,-493.05,,-11.055,,,,-1366.17,,-11.05,-1783.86,,-11.073,-2172.3,,-11.087,-2139.9
-11.046,-495.13,,-11.011,,,,-1369.8,,-11.018,-1773.69,,-11.035,-2175.14,,-11.033,-2140.51
-11.009,-498.7,,-10.954,,,,-1374.63,,-10.98,-1768.2,,-10.98,-2177.75,,-10.996,-2143.22
-10.957,-501.19,,-10.918,,,,-1378.83,,-10.945,-1765.51,,-10.966,-2177.08,,-10.967,-2138.27
-10.92,-503.02,,-10.897,,,,-1383.5,,-10.888,-1767,,-10.909,-2174.8,,-10.911,-2130.59
-10.879,-504.23,,-10.843,,,,-1388.36,,-10.873,-1770.29,,-10.906,-2169.99,,-10.869,-2122.38
-10.843,-500.19,,-10.823,,,,-1390.23,,-10.833,-1774.5,,-10.861,-2163.14,,-10.832,-2116.98
-10.8,-495.01,,-10.748,,,,-1388.97,,-10.776,-1780.47,,-10.804,-2161.73,,-10.812,-2117.02
-10.75,-491.59,,-10.744,,,,-1382.41,,-10.738,-1786.06,,-10.779,-2161.85,,-10.765,-2121.25
-10.726,-490.14,,-10.717,,,,-1373.58,,-10.692,-1789.36,,-10.717,-2163.31,,-10.711,-2128.21
-10.699,-489.62,,-10.662,,,,-1368.04,,-10.674,-1790.05,,-10.698,-2165.59,,-10.674,-2132.43
-10.647,-491.54,,-10.618,,,,-1364.74,,-10.627,-1782.42,,-10.657,-2166.25,,-10.641,-2135.21
-10.623,-494.15,,-10.568,,,,-1365.11,,-10.601,-1772.74,,-10.615,-2166.2,,-10.61,-2135.07
-10.575,-497.04,,-10.551,,,,-1366.98,,-10.556,-1766.77,,-10.558,-2166.02,,-10.576,-2136.95
-10.518,-500.32,,-10.499,,,,-1369.16,,-10.516,-1764.66,,-10.526,-2169.34,,-10.514,-2134.77
-10.483,-503.62,,-10.45,,,,-1372.92,,-10.469,-1766.89,,-10.482,-2169.95,,-10.474,-2129.28
-10.459,-505.81,,-10.404,,,,-1380.06,,-10.415,-1769.63,,-10.436,-2167.94,,-10.445,-2121.73
-10.417,-503.38,,-10.387,,,,-1385.47,,-10.373,-1773.66,,-10.391,-2163.1,,-10.408,-2116.2
-10.35,-496.61,,-10.33,,,,-1385.96,,-10.333,-1778.42,,-10.362,-2156.3,,-10.353,-2117.75
-10.334,-489.9,,-10.29,,,,-1383.35,,-10.3,-1782.54,,-10.327,-2152.28,,-10.316,-2119.9
-10.288,-484.98,,-10.245,,,,-1370.83,,-10.265,-1782.47,,-10.29,-2153.04,,-10.29,-2124.13
-10.252,-485.32,,-10.226,,,,-1360.61,,-10.213,-1781.75,,-10.238,-2156.47,,-10.237,-2128.16
-10.228,-486.48,,-10.187,,,,-1353.87,,-10.18,-1774.13,,-10.211,-2157.21,,-10.202,-2130.25
-10.183,-492.26,,-10.124,,,,-1352.29,,-10.148,-1765.2,,-10.156,-2154.41,,-10.174,-2131.59
-10.139,-496.93,,-10.106,,,,-1353.23,,-10.091,-1756.97,,-10.11,-2159.23,,-10.132,-2133.54
-10.076,-499.94,,-10.053,,,,-1356.55,,-10.069,-1752.12,,-10.1,-2159.22,,-10.084,-2131.43
-10.065,-503.31,,-10.02,,,,-1361.47,,-10.042,-1753.15,,-10.052,-2160.49,,-10.032,-2127.23
-10,-506.56,,-9.985,,,,-1366.95,,-9.994,-1755.78,,-10.014,-2159.06,,-10.024,-2119.61
-9.983,-507.57,,-9.95,,,,-1371.49,,-9.966,-1758.64,,-9.964,-2153.4,,-9.978,-2109.36
-9.918,-500.39,,-9.907,,,,-1374.87,,-9.908,-1761.23,,-9.917,-2146.59,,-9.913,-2103.89
-9.897,-494.95,,-9.858,,,,-1370.71,,-9.876,-1764.73,,-9.873,-2143.21,,-9.895,-2103.95
-9.869,-487.56,,-9.839,,,,-1363.38,,-9.838,-1767.44,,-9.846,-2142.66,,-9.853,-2106.69
-9.804,-484.79,,-9.798,,,,-1350.95,,-9.805,-1766.72,,-9.824,-2142.74,,-9.809,-2108.29
-9.752,-487.07,,-9.73,,,,-1344.67,,-9.756,-1764.44,,-9.765,-2145.47,,-9.779,-2109.64
-9.749,-491.64,,-9.707,,,,-1339.4,,-9.726,-1755.59,,-9.723,-2145.46,,-9.737,-2109.56
-9.699,-495.53,,-9.675,,,,-1340.84,,-9.686,-1747.43,,-9.698,-2146.18,,-9.699,-2109.36
-9.655,-499.05,,-9.625,,,,-1343.65,,-9.626,-1743.33,,-9.647,-2145.28,,-9.667,-2112.8
-9.598,-502.24,,-9.578,,,,-1346.34,,-9.607,-1741.96,,-9.631,-2146.57,,-9.597,-2109.31
-9.575,-506.62,,-9.55,,,,-1352.3,,-9.561,-1744.29,,-9.569,-2144.44,,-9.579,-2103.74
-9.548,-506.02,,-9.499,,,,-1357.87,,-9.52,-1746.19,,-9.536,-2140.95,,-9.529,-2096.83
-9.51,-504.81,,-9.469,,,,-1361.37,,-9.466,-1749.66,,-9.477,-2134.9,,-9.487,-2091.42
-9.465,-497.52,,-9.422,,,,-1361.38,,-9.431,-1750.9,,-9.465,-2129.51,,-9.458,-2090.2
-9.433,-491.68,,-9.395,,,,-1353.78,,-9.381,-1752.88,,-9.41,-2125.41,,-9.424,-2092.98
-9.364,-489.6,,-9.338,,,,-1343.93,,-9.367,-1755.72,,-9.385,-2128.29,,-9.373,-2095.11
-9.345,-489.98,,-9.33,,,,-1335.01,,-9.301,-1752.81,,-9.357,-2127.56,,-9.316,-2095.09
-9.291,-490.99,,-9.265,,,,-1328.99,,-9.294,-1747.33,,-9.306,-2128.94,,-9.285,-2095.05
-9.247,-495.5,,-9.238,,,,-1325.45,,-9.223,-1739.67,,-9.258,-2128.27,,-9.271,-2095.06
-9.225,-499.26,,-9.179,,,,-1325.72,,-9.213,-1732.97,,-9.213,-2127.36,,-9.211,-2094.14
-9.193,-502.54,,-9.129,,,,-1331.11,,-9.177,-1729.01,,-9.17,-2130.06,,-9.174,-2094.17
-9.14,-505.73,,-9.122,,,,-1336.74,,-9.104,-1729.7,,-9.154,-2129.37,,-9.133,-2090.73
-9.097,-507.04,,-9.077,,,,-1340.71,,-9.087,-1730.41,,-9.084,-2126.53,,-9.088,-2083.72
-9.048,-505.35,,-9.043,,,,-1345.98,,-9.029,-1731.7,,-9.068,-2120.36,,-9.056,-2076.17
-9.028,-501.57,,-8.986,,,,-1346.02,,-8.991,-1733.12,,-9.014,-2113.45,,-9.003,-2075.63
-8.988,-495.85,,-8.961,,,,-1341.83,,-8.951,-1733.84,,-8.97,-2110.16,,-8.98,-2076.43
-8.95,-491.22,,-8.906,,,,-1330.8,,-8.906,-1735.53,,-8.929,-2108.81,,-8.944,-2076.5
-8.915,-490.1,,-8.863,,,,-1319.24,,-8.867,-1736.85,,-8.894,-2108.91,,-8.896,-2077.94
-8.858,-493.48,,-8.847,,,,-1310.9,,-8.837,-1735.46,,-8.854,-2108.96,,-8.86,-2075.82
-8.816,-495.71,,-8.787,,,,-1307.5,,-8.807,-1727.9,,-8.81,-2109.54,,-8.83,-2075.75
-8.787,-500.67,,-8.759,,,,-1308.42,,-8.772,-1721.81,,-8.793,-2110.18,,-8.772,-2074.26
-8.734,-503.95,,-8.71,,,,-1311.03,,-8.707,-1717.7,,-8.742,-2111.54,,-8.727,-2072.76
-8.69,-506.65,,-8.672,,,,-1317.04,,-8.682,-1716.45,,-8.709,-2110.74,,-8.681,-2069.96
-8.668,-507.82,,-8.636,,,,-1322.77,,-8.656,-1715.2,,-8.651,-2109.22,,-8.648,-2063.03
-8.621,-507.81,,-8.597,,,,-1326.11,,-8.6,-1715.68,,-8.619,-2104.57,,-8.629,-2056.21
-8.598,-502.68,,-8.565,,,,-1328,,-8.565,-1715.82,,-8.59,-2096.91,,-8.58,-2051.57
-8.548,-500.02,,-8.509,,,,-1325.27,,-8.526,-1718.57,,-8.541,-2090.85,,-8.538,-2051.47
-8.509,-494.13,,-8.476,,,,-1317.64,,-8.473,-1720.39,,-8.506,-2088.74,,-8.493,-2052.91
-8.466,-491.4,,-8.422,,,,-1308.69,,-8.429,-1722.38,,-8.468,-2088.91,,-8.456,-2055.23
-8.415,-491.8,,-8.4,,,,-1300.5,,-8.402,-1722.56,,-8.426,-2088.81,,-8.422,-2052.99
-8.399,-493.24,,-8.335,,,,-1294.7,,-8.369,-1716.18,,-8.372,-2090.15,,-8.395,-2053.65
-8.323,-497.32,,-8.3,,,,-1292.59,,-8.315,-1707.24,,-8.359,-2089.53,,-8.346,-2052.29
-8.3,-501.65,,-8.262,,,,-1293.15,,-8.276,-1702,,-8.299,-2091.59,,-8.288,-2051.29
-8.254,-503.91,,-8.25,,,,-1295.95,,-8.229,-1697.11,,-8.253,-2090.09,,-8.251,-2048.52
-8.219,-505.78,,-8.182,,,,-1299.48,,-8.209,-1695.22,,-8.227,-2087.97,,-8.209,-2041.72
-8.175,-507.23,,-8.16,,,,-1301.8,,-8.159,-1693.6,,-8.196,-2080.97,,-8.171,-2033.41
-8.137,-507.26,,-8.112,,,,-1306.67,,-8.115,-1693.63,,-8.146,-2072.7,,-8.13,-2027.23
-8.083,-503.81,,-8.084,,,,-1305.38,,-8.078,-1695.76,,-8.107,-2064.48,,-8.111,-2026.04
-8.077,-498.04,,-8.022,,,,-1303.15,,-8.055,-1698.47,,-8.056,-2060.5,,-8.055,-2026.72
-8.017,-493.25,,-7.984,,,,-1294.86,,-7.994,-1700.35,,-8.031,-2059.11,,-8.016,-2026.04
-7.968,-491.49,,-7.945,,,,-1286.08,,-7.96,-1701,,-7.99,-2059.2,,-7.956,-2026.11
-7.931,-490.15,,-7.895,,,,-1278.56,,-7.926,-1694.92,,-7.937,-2057.07,,-7.922,-2024
-7.899,-492.67,,-7.879,,,,-1275.39,,-7.875,-1687.91,,-7.901,-2055.08,,-7.895,-2023.86
-7.861,-498,,-7.815,,,,-1271.6,,-7.852,-1679.29,,-7.872,-2054.88,,-7.859,-2021.76
-7.833,-499.6,,-7.793,,,,-1273.66,,-7.811,-1672.91,,-7.809,-2054.8,,-7.82,-2020.34
-7.789,-502.46,,-7.759,,,,-1275.91,,-7.768,-1669.55,,-7.79,-2055.52,,-7.769,-2014.72
-7.738,-506.31,,-7.717,,,,-1279.97,,-7.72,-1666.81,,-7.738,-2052.04,,-7.741,-2005.81
-7.688,-507.26,,-7.68,,,,-1284.55,,-7.691,-1668.19,,-7.692,-2045.09,,-7.703,-1998.36
-7.65,-505.38,,-7.642,,,,-1285.84,,-7.646,-1669.53,,-7.652,-2037.58,,-7.656,-1994.21
-7.627,-498.19,,-7.591,,,,-1283.8,,-7.609,-1672.29,,-7.61,-2033.59,,-7.62,-1993.69
-7.595,-493.99,,-7.541,,,,-1279.31,,-7.567,-1674.25,,-7.563,-2030.92,,-7.565,-1992.37
-7.547,-487.02,,-7.519,,,,-1269.01,,-7.53,-1675.47,,-7.526,-2028.18,,-7.526,-1991.72
-7.495,-487.26,,-7.459,,,,-1261.16,,-7.483,-1671.41,,-7.515,-2027.52,,-7.494,-1990.78
-7.459,-489.06,,-7.434,,,,-1253.98,,-7.438,-1662.31,,-7.461,-2025.36,,-7.451,-1990.17
-7.434,-494.43,,-7.386,,,,-1252.23,,-7.398,-1651.42,,-7.433,-2024.64,,-7.41,-1987.9
-7.389,-497.54,,-7.364,,,,-1252.26,,-7.36,-1643.81,,-7.385,-2023.79,,-7.39,-1987.15
-7.327,-502.12,,-7.32,,,,-1253.26,,-7.314,-1639.68,,-7.338,-2022.4,,-7.314,-1982.96
-7.317,-504.02,,-7.284,,,,-1257.79,,-7.277,-1637.09,,-7.32,-2018.19,,-7.31,-1976.04
-7.273,-506.66,,-7.222,,,,-1261.37,,-7.26,-1637.2,,-7.257,-2011.97,,-7.258,-1969.2
-7.234,-506.2,,-7.186,,,,-1263.32,,-7.205,-1638.56,,-7.221,-2003.75,,-7.225,-1963.91
-7.201,-501.19,,-7.167,,,,-1263.83,,-7.163,-1639.88,,-7.192,-1999.08,,-7.174,-1960.44
-7.146,-494.67,,-7.114,,,,-1260.36,,-7.124,-1642.49,,-7.152,-1996.97,,-7.15,-1957.13
-7.095,-486.78,,-7.084,,,,-1250.2,,-7.075,-1643.16,,-7.104,-1992.99,,-7.093,-1954.28
-7.046,-483.47,,-7.053,,,,-1241.9,,-7.034,-1639.57,,-7.064,-1990.24,,-7.058,-1952.26
-7.046,-482.35,,-7.005,,,,-1234.34,,-6.989,-1632.71,,-7.05,-1986.71,,-7.022,-1950.14
-6.986,-486.1,,-6.961,,,,-1229.66,,-6.973,-1622.6,,-7,-1983.23,,-6.986,-1947.2
-6.946,-491.6,,-6.92,,,,-1228.28,,-6.942,-1612.83,,-6.934,-1981.66,,-6.929,-1944.41
-6.9,-497.24,,-6.871,,,,-1228.21,,-6.891,-1606.11,,-6.905,-1980.31,,-6.907,-1941.61
-6.886,-501.27,,-6.836,,,,-1230.91,,-6.844,-1602.6,,-6.86,-1976.06,,-6.861,-1936.06
-6.83,-506.75,,-6.791,,,,-1236.44,,-6.806,-1600.65,,-6.817,-1971.92,,-6.83,-1929.94
-6.796,-507.3,,-6.752,,,,-1240.57,,-6.774,-1598.62,,-6.769,-1963.01,,-6.782,-1923.76
-6.748,-504.18,,-6.733,,,,-1240.62,,-6.74,-1598.51,,-6.729,-1957.57,,-6.747,-1918.41
-6.713,-497.42,,-6.687,,,,-1238.26,,-6.708,-1598.46,,-6.725,-1951.53,,-6.692,-1913.55
-6.657,-488.41,,-6.659,,,,-1229.48,,-6.631,-1598.94,,-6.664,-1946.64,,-6.654,-1908.71
-6.644,-480.77,,-6.605,,,,-1219.35,,-6.597,-1596.87,,-6.627,-1941.83,,-6.611,-1903.29
-6.609,-478.91,,-6.567,,,,-1211.86,,-6.578,-1592.67,,-6.579,-1936.34,,-6.568,-1899.04
-6.554,-481.2,,-6.504,,,,-1207.67,,-6.518,-1583.69,,-6.534,-1932.13,,-6.556,-1895.48
-6.504,-484.74,,-6.472,,,,-1202.64,,-6.493,-1575.62,,-6.526,-1931.38,,-6.505,-1894.62
-6.462,-491.82,,-6.449,,,,-1204.2,,-6.438,-1568.87,,-6.487,-1929.17,,-6.476,-1889.83
-6.434,-499.12,,-6.417,,,,-1206.8,,-6.423,-1564.08,,-6.419,-1926.4,,-6.418,-1884.24
-6.378,-500.84,,-6.338,,,,-1212.22,,-6.367,-1559.95,,-6.403,-1921.59,,-6.374,-1876.85
-6.342,-503.38,,-6.314,,,,-1214.95,,-6.319,-1558.37,,-6.36,-1914.06,,-6.343,-1870.6
-6.309,-501.65,,-6.279,,,,-1217.65,,-6.302,-1558.5,,-6.311,-1905.89,,-6.32,-1865.25
-6.276,-495.79,,-6.228,,,,-1215.64,,-6.265,-1558.42,,-6.253,-1899.05,,-6.261,-1859.77
-6.236,-487.21,,-6.219,,,,-1208.7,,-6.202,-1557.56,,-6.231,-1890.1,,-6.21,-1854.32
-6.188,-477.61,,-6.171,,,,-1199.03,,-6.158,-1556.8,,-6.206,-1885.33,,-6.191,-1848.78
-6.143,-475.34,,-6.123,,,,-1188.81,,-6.136,-1552.86,,-6.15,-1878.23,,-6.14,-1843.16
-6.127,-475.25,,-6.086,,,,-1182.61,,-6.096,-1545.85,,-6.117,-1873.44,,-6.091,-1839.58
-6.051,-479.7,,-6.025,,,,-1178.79,,-6.056,-1538.45,,-6.058,-1871.99,,-6.048,-1836.79
-6.048,-485.94,,-6.016,,,,-1178.63,,-6.011,-1531.53,,-6.022,-1869.2,,-6.018,-1835.39
-5.969,-491.81,,-5.953,,,,-1181.51,,-5.96,-1524.77,,-5.992,-1866.3,,-5.974,-1830.56
-5.929,-497.24,,-5.895,,,,-1184.22,,-5.917,-1521.81,,-5.94,-1861.57,,-5.929,-1825.13
-5.916,-499.03,,-5.87,,,,-1187.96,,-5.878,-1518.57,,-5.889,-1853.97,,-5.901,-1816.91
-5.859,-498.32,,-5.827,,,,-1189.47,,-5.851,-1514.38,,-5.873,-1845.79,,-5.849,-1808.64
-5.827,-493.43,,-5.789,,,,-1190.02,,-5.8,-1513.4,,-5.826,-1836.75,,-5.808,-1804.51
-5.777,-486.17,,-5.762,,,,-1183.78,,-5.756,-1511.96,,-5.783,-1828.58,,-5.789,-1797.02
-5.744,-476.31,,-5.729,,,,-1174.22,,-5.715,-1510.55,,-5.744,-1820.99,,-5.733,-1790.08
-5.72,-471.5,,-5.684,,,,-1163.18,,-5.68,-1507.1,,-5.715,-1814.22,,-5.716,-1783.85
-5.672,-469.26,,-5.645,,,,-1154.94,,-5.635,-1499.71,,-5.672,-1807.98,,-5.663,-1779.52
-5.618,-471.14,,-5.59,,,,-1148.87,,-5.601,-1492.75,,-5.628,-1803,,-5.613,-1778.77
-5.572,-476.9,,-5.539,,,,-1144.75,,-5.559,-1485.92,,-5.586,-1801.47,,-5.588,-1775.3
-5.553,-482.77,,-5.528,,,,-1147.56,,-5.518,-1479.79,,-5.557,-1798.73,,-5.543,-1771.88
-5.508,-488.64,,-5.462,,,,-1148.73,,-5.475,-1474.35,,-5.497,-1794.61,,-5.486,-1764.96
-5.45,-492.22,,-5.443,,,,-1153.49,,-5.455,-1470.25,,-5.465,-1787.69,,-5.452,-1755.39
-5.426,-492.32,,-5.395,,,,-1155.77,,-5.383,-1466.7,,-5.443,-1778.86,,-5.423,-1747.23
-5.401,-488.78,,-5.357,,,,-1159.25,,-5.378,-1464.58,,-5.378,-1769.21,,-5.371,-1739.03
-5.356,-483.52,,-5.308,,,,-1154.93,,-5.335,-1465.9,,-5.339,-1760.36,,-5.344,-1731.36
-5.302,-472.84,,-5.269,,,,-1146.64,,-5.28,-1464.47,,-5.32,-1753.44,,-5.309,-1724.55
-5.259,-463.58,,-5.242,,,,-1136.33,,-5.247,-1462.96,,-5.266,-1744.51,,-5.264,-1718.25
-5.221,-458.27,,-5.207,,,,-1126.63,,-5.22,-1459.03,,-5.241,-1739.01,,-5.235,-1714.79
-5.205,-458.88,,-5.178,,,,-1120.82,,-5.151,-1451.35,,-5.187,-1733.98,,-5.167,-1711.22
-5.142,-463.2,,-5.144,,,,-1115.86,,-5.148,-1441.05,,-5.144,-1729.16,,-5.156,-1709.17
-5.097,-468.46,,-5.085,,,,-1115.13,,-5.091,-1433.01,,-5.114,-1729.81,,-5.122,-1705.61
-5.072,-475.04,,-5.039,,,,-1116.41,,-5.056,-1426.88,,-5.046,-1725.6,,-5.069,-1698.81
-5.024,-479.13,,-5.022,,,,-1119.27,,-5.019,-1419.94,,-5.048,-1719.45,,-5.021,-1690.59
-4.983,-480.04,,-4.985,,,,-1123.73,,-4.972,-1416.27,,-5.005,-1711.16,,-4.999,-1681.04
-4.973,-480.51,,-4.934,,,,-1124.63,,-4.934,-1412.15,,-4.967,-1702.35,,-4.958,-1672.14
-4.925,-476.7,,-4.893,,,,-1121,,-4.911,-1412.93,,-4.912,-1694.09,,-4.917,-1663.21
-4.85,-468.03,,-4.839,,,,-1114.14,,-4.857,-1411.26,,-4.888,-1683.17,,-4.868,-1654.13
-4.819,-461.37,,-4.789,,,,-1104.65,,-4.812,-1410.66,,-4.847,-1671.46,,-4.829,-1647.93
-4.815,-452.22,,-4.76,,,,-1093.62,,-4.769,-1404.36,,-4.793,-1663.03,,-4.778,-1643.68
-4.745,-448.44,,-4.712,,,,-1086.27,,-4.737,-1396.94,,-4.747,-1656.06,,-4.732,-1639.46
-4.72,-449.5,,-4.691,,,,-1080.74,,-4.698,-1386,,-4.729,-1651.86,,-4.704,-1636.73
-4.664,-451.04,,-4.636,,,,-1077.11,,-4.655,-1378.4,,-4.678,-1647.07,,-4.672,-1632.59
-4.642,-454.26,,-4.59,,,,-1077.22,,-4.616,-1368.86,,-4.614,-1644.11,,-4.629,-1627.07
-4.587,-458.52,,-4.56,,,,-1079.18,,-4.582,-1362.06,,-4.611,-1637.99,,-4.578,-1616.03
-4.546,-461.15,,-4.514,,,,-1079.76,,-4.553,-1355.72,,-4.562,-1629.87,,-4.549,-1605.82
-4.501,-462.55,,-4.497,,,,-1080.65,,-4.502,-1352.27,,-4.527,-1620.25,,-4.503,-1597.66
-4.451,-459.81,,-4.44,,,,-1078.4,,-4.453,-1350.19,,-4.473,-1610.72,,-4.464,-1587.32
-4.446,-457.44,,-4.413,,,,-1071.44,,-4.408,-1349.28,,-4.423,-1598.88,,-4.413,-1578.29
-4.365,-448.23,,-4.331,,,,-1062.62,,-4.377,-1347.33,,-4.393,-1588.59,,-4.402,-1569.28
-4.344,-438.54,,-4.328,,,,-1052.2,,-4.341,-1343.87,,-4.343,-1578.87,,-4.338,-1560.9
-4.309,-432.81,,-4.298,,,,-1042.78,,-4.298,-1334.84,,-4.325,-1569.96,,-4.312,-1555.49
-4.265,-430.09,,-4.263,,,,-1034.56,,-4.254,-1326.57,,-4.264,-1564.26,,-4.258,-1552.52
-4.24,-429.3,,-4.204,,,,-1031,,-4.225,-1316.37,,-4.22,-1559.38,,-4.236,-1547.02
-4.183,-432.7,,-4.154,,,,-1029,,-4.164,-1306.9,,-4.203,-1555.26,,-4.196,-1540.82
-4.142,-437.16,,-4.127,,,,-1029.64,,-4.13,-1299.1,,-4.137,-1549.66,,-4.144,-1531.82
-4.106,-440.54,,-4.086,,,,-1029.33,,-4.077,-1290.16,,-4.124,-1542.86,,-4.125,-1520.93
-4.091,-444.77,,-4.049,,,,-1030.11,,-4.058,-1283.33,,-4.093,-1532.63,,-4.081,-1512.09
-4.027,-443.65,,-3.999,,,,-1029.32,,-4.015,-1279.68,,-4.036,-1520.94,,-4.012,-1501.08
-4.005,-442.53,,-3.97,,,,-1024.76,,-3.949,-1277.46,,-3.985,-1508.58,,-3.98,-1489.47
-3.948,-434.69,,-3.929,,,,-1016.23,,-3.925,-1274.04,,-3.939,-1496.19,,-3.959,-1480.41
-3.932,-424.63,,-3.89,,,,-1004.7,,-3.899,-1271.43,,-3.919,-1484.52,,-3.907,-1469.27
-3.885,-416.43,,-3.83,,,,-991.65,,-3.873,-1264.51,,-3.885,-1473.32,,-3.883,-1463.01
-3.834,-409.65,,-3.818,,,,-982.55,,-3.81,-1251.96,,-3.837,-1466.36,,-3.806,-1456.01
-3.788,-406.56,,-3.761,,,,-977.3,,-3.776,-1243.24,,-3.779,-1460.7,,-3.78,-1449.71
-3.736,-409.35,,-3.714,,,,-972.28,,-3.735,-1231.73,,-3.742,-1454.47,,-3.765,-1443.53
-3.708,-408.81,,-3.684,,,,-970.43,,-3.678,-1220.57,,-3.72,-1446.88,,-3.709,-1433.88
-3.679,-414.21,,-3.647,,,,-969.35,,-3.649,-1211.51,,-3.681,-1438.66,,-3.686,-1425.11
-3.623,-416.03,,-3.615,,,,-968.58,,-3.623,-1203.86,,-3.618,-1426.35,,-3.633,-1414.14
-3.592,-419.13,,-3.555,,,,-966.6,,-3.583,-1197.56,,-3.588,-1413.38,,-3.579,-1401.75
-3.538,-417.7,,-3.526,,,,-961.64,,-3.531,-1193.47,,-3.546,-1401,,-3.553,-1390.75
-3.489,-413.01,,-3.476,,,,-954.04,,-3.512,-1189.86,,-3.526,-1387.22,,-3.528,-1376.93
-3.484,-405.28,,-3.438,,,,-942.62,,-3.474,-1183.69,,-3.471,-1373.44,,-3.472,-1365.12
-3.427,-394.96,,-3.391,,,,-931.99,,-3.402,-1175.97,,-3.442,-1361.57,,-3.453,-1354.65
-3.411,-385.76,,-3.343,,,,-919.93,,-3.386,-1164.53,,-3.395,-1351.24,,-3.382,-1345.6
-3.335,-379.6,,-3.311,,,,-911.57,,-3.338,-1151.52,,-3.35,-1342.09,,-3.363,-1339.39
-3.315,-377.8,,-3.271,,,,-904.02,,-3.295,-1140.36,,-3.324,-1335.13,,-3.326,-1329.01
-3.268,-378.62,,-3.235,,,,-900.05,,-3.254,-1128.8,,-3.27,-1326.81,,-3.274,-1318.63
-3.25,-381.64,,-3.216,,,,-893.6,,-3.221,-1117,,-3.246,-1316.62,,-3.233,-1306.33
-3.199,-386,,-3.164,,,,-891.52,,-3.174,-1107.37,,-3.216,-1304.18,,-3.196,-1292.52
-3.148,-388.2,,-3.121,,,,-889.96,,-3.149,-1100.4,,-3.157,-1290.56,,-3.139,-1280.2
-3.122,-388.59,,-3.094,,,,-885.02,,-3.093,-1093.33,,-3.109,-1278.18,,-3.111,-1265.15
-3.079,-387.19,,-3.069,,,,-877.01,,-3.068,-1087.14,,-3.094,-1260.92,,-3.088,-1250.63
-3.037,-379.84,,-3.018,,,,-867.98,,-3.019,-1080.72,,-3.033,-1247.82,,-3.029,-1237.38
-3.003,-371.63,,-2.983,,,,-855.05,,-2.968,-1072.63,,-3.021,-1231.85,,-2.98,-1224.93
-2.977,-361.52,,-2.935,,,,-844.57,,-2.935,-1061.57,,-2.951,-1218.62,,-2.964,-1214.52
-2.91,-354.1,,-2.872,,,,-833.16,,-2.883,-1049.15,,-2.919,-1208.27,,-2.926,-1204.74
-2.864,-349.94,,-2.859,,,,-823.27,,-2.846,-1034.69,,-2.867,-1199.85,,-2.883,-1194.31
-2.855,-348.36,,-2.818,,,,-817.14,,-2.82,-1023.13,,-2.837,-1188.15,,-2.823,-1183.38
-2.781,-350,,-2.77,,,,-810.86,,-2.797,-1009.41,,-2.793,-1177.17,,-2.809,-1171.04
-2.755,-354.29,,-2.729,,,,-808.08,,-2.748,-998.42,,-2.756,-1164.12,,-2.762,-1157.32
-2.737,-357.26,,-2.692,,,,-802.29,,-2.712,-987.29,,-2.714,-1149.67,,-2.727,-1142.91
-2.668,-355.9,,-2.664,,,,-797.58,,-2.662,-979.63,,-2.68,-1134.61,,-2.686,-1128.45
-2.636,-354.03,,-2.615,,,,-790.68,,-2.634,-969.76,,-2.664,-1118.71,,-2.632,-1113.92
-2.585,-348.01,,-2.553,,,,-781.01,,-2.58,-962.8,,-2.609,-1101.41,,-2.591,-1096.62
-2.553,-340.28,,-2.547,,,,-770.29,,-2.552,-953.92,,-2.569,-1084.93,,-2.547,-1082.1
-2.509,-330,,-2.498,,,,-756.95,,-2.513,-940.81,,-2.53,-1070.38,,-2.515,-1068.26
-2.493,-322.97,,-2.461,,,,-744.01,,-2.472,-928.53,,-2.48,-1055.76,,-2.475,-1054.97
-2.44,-317.83,,-2.411,,,,-734.2,,-2.428,-913.41,,-2.442,-1045.24,,-2.418,-1045.3
-2.406,-314.37,,-2.387,,,,-724.79,,-2.377,-898.88,,-2.405,-1034.33,,-2.374,-1032.95
-2.355,-313.41,,-2.344,,,,-715.59,,-2.334,-884.36,,-2.351,-1019.76,,-2.338,-1019.25
-2.345,-315.97,,-2.303,,,,-708.37,,-2.289,-871.89,,-2.321,-1007.44,,-2.325,-1004.09
-2.285,-318.07,,-2.262,,,,-701.67,,-2.257,-860.13,,-2.283,-991.69,,-2.281,-991.05
-2.23,-317.97,,-2.214,,,,-695.49,,-2.216,-849.9,,-2.223,-976.57,,-2.238,-973.11
-2.202,-314.68,,-2.15,,,,-689.35,,-2.162,-837.15,,-2.205,-957.97,,-2.196,-956.71
-2.161,-310.55,,-2.131,,,,-680.21,,-2.117,-828.88,,-2.167,-940.01,,-2.139,-938.6
-2.132,-303.31,,-2.091,,,,-668.14,,-2.106,-819.46,,-2.132,-922.79,,-2.117,-920.61
-2.085,-295.54,,-2.062,,,,-654.68,,-2.062,-806.29,,-2.065,-906.18,,-2.082,-905.35
-2.029,-286.62,,-2.011,,,,-643.31,,-2.008,-791.83,,-2.03,-889.41,,-2.047,-889.44
-1.987,-279.76,,-1.973,,,,-629.87,,-1.979,-778.88,,-2.003,-874.94,,-1.987,-876.99
-1.968,-275.45,,-1.916,,,,-618.3,,-1.919,-762.94,,-1.97,-861.83,,-1.95,-863.13
-1.899,-272.15,,-1.888,,,,-608.63,,-1.883,-747.74,,-1.916,-849.48,,-1.918,-850.09
-1.884,-272.12,,-1.851,,,,-599.52,,-1.845,-733.4,,-1.883,-835.61,,-1.852,-835.05
-1.835,-270.07,,-1.791,,,,-591.39,,-1.818,-719.45,,-1.839,-819.87,,-1.826,-820.75
-1.794,-270.07,,-1.747,,,,-582.67,,-1.764,-706.44,,-1.775,-802.78,,-1.797,-802.73
-1.753,-268.1,,-1.734,,,,-575.37,,-1.714,-693.2,,-1.761,-784.14,,-1.729,-784.16
-1.715,-265.13,,-1.677,,,,-566.35,,-1.691,-680.68,,-1.706,-766.86,,-1.709,-765.56
-1.665,-259.86,,-1.641,,,,-554.28,,-1.65,-669.61,,-1.649,-746.9,,-1.652,-746.81
-1.63,-253.46,,-1.581,,,,-540.81,,-1.597,-656.42,,-1.626,-727.43,,-1.612,-728.01
-1.592,-243.41,,-1.544,,,,-528.16,,-1.561,-641.39,,-1.576,-710.14,,-1.588,-712.8
-1.554,-236.56,,-1.508,,,,-514.45,,-1.523,-626.24,,-1.544,-693.53,,-1.538,-698.23
-1.5,-232.12,,-1.471,,,,-502.37,,-1.486,-611.13,,-1.503,-680.42,,-1.484,-684.49
-1.459,-228.17,,-1.446,,,,-487.96,,-1.457,-596.1,,-1.448,-664.53,,-1.456,-670.02
-1.412,-224.24,,-1.385,,,,-478.15,,-1.4,-580.19,,-1.412,-650.11,,-1.427,-655.6
-1.399,-220.77,,-1.372,,,,-467.68,,-1.375,-565.1,,-1.411,-632.91,,-1.389,-637.88
-1.367,-218.87,,-1.325,,,,-458.33,,-1.346,-549.1,,-1.336,-615.69,,-1.359,-619.28
-1.291,-217.6,,-1.278,,,,-447.9,,-1.279,-534.45,,-1.323,-597.22,,-1.297,-601.34
-1.276,-213.12,,-1.24,,,,-438.24,,-1.268,-521.44,,-1.288,-576.51,,-1.254,-580.61
-1.247,-207.67,,-1.214,,,,-424.98,,-1.233,-506.04,,-1.263,-557.19,,-1.237,-559.16
,,,-1.16,,,,-412.7,,-1.184,-492.16,,-1.214,-536.46,,-1.196,-540.48
,,,-1.141,,,,-398.14,,-1.165,-478.57,,-1.176,-518.41,,-1.161,-523.12
,,,-1.101,,,,-382.96,,-1.119,-461.21,,-1.132,-501.05,,-1.117,-508.57
,,,-1.076,,,,-369.31,,-1.096,-445.62,,-1.116,-485.81,,-1.115,-492.01
,,,-1.025,,,,-355.32,,-1.048,-428.49,,-1.056,-471.3,,-1.068,-476.9
,,,-0.997,,,,-341.83,,-0.991,-411.16,,-1.026,-454.76,,-1.011,-460.37
,,,-0.965,,,,-329.34,,-0.961,-393.95,,-0.985,-437.05,,-0.988,-441.79
,,,-0.926,,,,-316.18,,-0.912,-375.81,,-0.936,-416.24,,-0.928,-421.89
,,,-0.874,,,,-304,,-0.888,-359.99,,-0.912,-396.39,,-0.915,-400.56
,,,-0.813,,,,-291.87,,-0.833,-341.19,,-0.854,-375.08,,-0.846,-379.79
,,,-0.797,,,,-276.64,,-0.783,-325.19,,-0.8,-353.64,,-0.786,-357.75
,,,-0.733,,,,-263.8,,-0.743,-308.06,,-0.766,-332.24,,-0.761,-338.39
,,,-0.696,,,,-247.01,,-0.676,-290.97,,-0.703,-311.41,,-0.723,-316.84
,,,-0.641,,,,-230.54,,-0.663,-272.96,,-0.654,-292.04,,-0.663,-300.17
,,,-0.601,,,,-213.68,,-0.6,-254.54,,-0.626,-273.97,,-0.603,-282.98
,,,-0.557,,,,-196.29,,-0.543,-234.53,,-0.596,-255.42,,-0.573,-265.08
,,,-0.521,,,,-181.19,,-0.52,-214.61,,-0.553,-236.77,,-0.513,-245.19
,,,-0.456,,,,-164.13,,-0.46,-195.73,,-0.496,-217.54,,,
,,,-0.431,,,,-148.2,,-0.441,-177.21,,-0.468,-195.55,,,
,,,-0.383,,,,-134.04,,-0.413,-155.87,,-0.43,-173.52,,,
,,,-0.345,,,,-117.68,,-0.363,-137.77,,-0.371,-150.79,,,
,,,-0.292,,,,-103.31,,-0.335,-118.4,,-0.338,-127.39,,,
,,,-0.29,,,,-88.16,,-0.289,-99.65,,-0.303,-104.52,,,
,,,-0.233,,,,-71.95,,-0.252,-83.22,,-0.279,-82.42,,,
,,,-0.211,,,,-56.24,,-0.204,-64.4,,-0.247,-63.79,,,
,,,-0.156,,,,-39.99,,-0.179,-46.78,,-0.2,-43.52,,,
,,,-0.123,,,,-22.82,,-0.137,-28.81,,-0.164,-27.68,,,
,,,-0.091,,,,-4.86,,-0.115,-9.69,,-0.131,-9.09,,,
,,,-0.063,,,,11.13,,-0.058,11.08,,-0.105,10.15,,,
,,,,,,,,,,,,-0.044,30.12,,,
