Slip Ratio [%],Longitudinal Force [N],Normal Load [N],Tyre Pressure [kPa],Temperature [C]
0.141,433.43,222.0,200,25
0.14,417.12,222.0,200,25
0.139,399.7,222.0,200,25
0.138,378.74,222.0,200,25
0.136,361.17,222.0,200,25
0.134,351.05,222.0,200,25
0.132,363.98,222.0,200,25
0.13,393.76,222.0,200,25
0.13,426.34,222.0,200,25
0.13,444.17,222.0,200,25
0.13,443.39,222.0,200,25
0.13,430.61,222.0,200,25
0.13,414.95,222.0,200,25
0.129,398.75,222.0,200,25
0.127,378.79,222.0,200,25
0.125,359.06,222.0,200,25
0.123,348.82,222.0,200,25
0.121,357.73,222.0,200,25
0.12,388.0,222.0,200,25
0.119,423.42,222.0,200,25
0.119,442.58,222.0,200,25
0.119,444.34,222.0,200,25
0.119,429.44,222.0,200,25
0.118,411.6,222.0,200,25
0.117,395.44,222.0,200,25
0.115,377.67,222.0,200,25
0.114,357.13,222.0,200,25
0.111,344.66,222.0,200,25
0.109,350.4,222.0,200,25
0.108,375.81,222.0,200,25
0.108,410.31,222.0,200,25
0.108,435.55,222.0,200,25
0.108,440.0,222.0,200,25
0.107,427.9,222.0,200,25
0.106,409.88,222.0,200,25
0.105,395.99,222.0,200,25
0.104,380.13,222.0,200,25
0.102,360.06,222.0,200,25
0.101,344.82,222.0,200,25
0.1,342.93,222.0,200,25
0.099,363.72,222.0,200,25
0.099,395.93,222.0,200,25
0.099,424.48,222.0,200,25
0.099,432.89,222.0,200,25
0.098,424.08,222.0,200,25
0.096,405.21,222.0,200,25
0.094,390.71,222.0,200,25
0.092,375.76,222.0,200,25
0.091,357.03,222.0,200,25
0.09,338.88,222.0,200,25
0.089,330.13,222.0,200,25
0.089,342.46,222.0,200,25
0.089,373.13,222.0,200,25
0.089,406.22,222.0,200,25
0.089,424.29,222.0,200,25
0.088,422.87,222.0,200,25
0.087,406.7,222.0,200,25
0.085,389.88,222.0,200,25
0.084,375.95,222.0,200,25
0.083,361.4,222.0,200,25
0.083,343.32,222.0,200,25
0.082,329.14,222.0,200,25
0.08,326.25,222.0,200,25
0.08,343.86,222.0,200,25
0.078,372.77,222.0,200,25
0.076,397.3,222.0,200,25
0.075,404.8,222.0,200,25
0.074,394.55,222.0,200,25
0.072,378.21,222.0,200,25
0.071,361.42,222.0,200,25
0.07,349.38,222.0,200,25
0.071,332.07,222.0,200,25
0.07,315.85,222.0,200,25
0.068,306.34,222.0,200,25
0.067,312.8,222.0,200,25
0.065,336.37,222.0,200,25
0.063,363.43,222.0,200,25
0.062,383.78,222.0,200,25
0.062,386.97,222.0,200,25
0.061,376.41,222.0,200,25
0.062,362.13,222.0,200,25
0.062,352.64,222.0,200,25
0.062,342.67,222.0,200,25
0.062,328.47,222.0,200,25
0.061,310.11,222.0,200,25
0.059,302.07,222.0,200,25
0.057,309.03,222.0,200,25
0.055,331.87,222.0,200,25
0.054,360.43,222.0,200,25
0.053,376.25,222.0,200,25
0.053,376.06,222.0,200,25
0.051,360.17,222.0,200,25
0.051,343.42,222.0,200,25
0.05,329.06,222.0,200,25
0.049,317.26,222.0,200,25
0.047,298.66,222.0,200,25
0.045,278.67,222.0,200,25
0.043,269.84,222.0,200,25
0.042,281.14,222.0,200,25
0.041,307.18,222.0,200,25
0.041,338.96,222.0,200,25
0.042,357.3,222.0,200,25
0.042,355.13,222.0,200,25
0.042,338.61,222.0,200,25
0.041,318.95,222.0,200,25
0.039,302.79,222.0,200,25
0.037,288.56,222.0,200,25
0.036,269.82,222.0,200,25
0.035,253.85,222.0,200,25
0.034,250.15,222.0,200,25
0.033,262.74,222.0,200,25
0.032,290.4,222.0,200,25
0.032,316.2,222.0,200,25
0.031,330.37,222.0,200,25
0.03,325.74,222.0,200,25
0.028,303.17,222.0,200,25
0.026,278.18,222.0,200,25
0.024,255.98,222.0,200,25
0.023,240.33,222.0,200,25
0.022,224.92,222.0,200,25
0.022,211.22,222.0,200,25
0.021,206.52,222.0,200,25
0.021,215.29,222.0,200,25
0.021,238.13,222.0,200,25
0.021,262.21,222.0,200,25
0.02,276.01,222.0,200,25
0.019,271.13,222.0,200,25
0.017,245.63,222.0,200,25
0.016,215.73,222.0,200,25
0.014,193.38,222.0,200,25
0.014,177.84,222.0,200,25
0.014,166.98,222.0,200,25
0.014,157.56,222.0,200,25
0.013,152.17,222.0,200,25
0.013,153.69,222.0,200,25
0.012,158.78,222.0,200,25
0.01,168.42,222.0,200,25
0.01,172.9,222.0,200,25
0.008,164.62,222.0,200,25
0.006,138.12,222.0,200,25
0.005,101.43,222.0,200,25
0.004,73.09,222.0,200,25
0.004,58.75,222.0,200,25
0.004,51.87,222.0,200,25
0.005,43.18,222.0,200,25
0.004,25.76,222.0,200,25
0.002,1.98,222.0,200,25
0.0,-20.52,222.0,200,25
-0.002,-28.84,222.0,200,25
-0.002,-24.6,222.0,200,25
-0.003,-9.22,222.0,200,25
-0.003,-3.28,222.0,200,25
-0.003,-13.59,222.0,200,25
-0.004,-40.7,222.0,200,25
-0.005,-73.24,222.0,200,25
-0.006,-110.77,222.0,200,25
-0.007,-150.13,222.0,200,25
-0.009,-184.78,222.0,200,25
-0.011,-210.71,222.0,200,25
-0.013,-225.44,222.0,200,25
-0.014,-224.32,222.0,200,25
-0.015,-206.53,222.0,200,25
-0.014,-181.33,222.0,200,25
-0.014,-167.53,222.0,200,25
-0.015,-178.18,222.0,200,25
-0.017,-211.13,222.0,200,25
-0.018,-252.53,222.0,200,25
-0.02,-293.32,222.0,200,25
-0.021,-327.85,222.0,200,25
-0.022,-352.94,222.0,200,25
-0.023,-367.58,222.0,200,25
-0.025,-372.08,222.0,200,25
-0.026,-368.02,222.0,200,25
-0.028,-360.06,222.0,200,25
-0.029,-349.39,222.0,200,25
-0.031,-340.61,222.0,200,25
-0.032,-339.65,222.0,200,25
-0.033,-347.1,222.0,200,25
-0.035,-360.76,222.0,200,25
-0.035,-376.27,222.0,200,25
-0.036,-397.72,222.0,200,25
-0.035,-417.37,222.0,200,25
-0.035,-431.35,222.0,200,25
-0.035,-434.25,222.0,200,25
-0.035,-427.51,222.0,200,25
-0.037,-420.26,222.0,200,25
-0.039,-412.13,222.0,200,25
-0.04,-402.56,222.0,200,25
-0.042,-387.31,222.0,200,25
-0.043,-372.39,222.0,200,25
-0.044,-363.56,222.0,200,25
-0.045,-363.64,222.0,200,25
-0.045,-380.7,222.0,200,25
-0.046,-409.56,222.0,200,25
-0.046,-443.09,222.0,200,25
-0.047,-467.17,222.0,200,25
-0.049,-475.9,222.0,200,25
-0.05,-466.47,222.0,200,25
-0.052,-453.29,222.0,200,25
-0.054,-439.92,222.0,200,25
-0.055,-422.5,222.0,200,25
-0.056,-406.19,222.0,200,25
-0.057,-388.18,222.0,200,25
-0.058,-379.15,222.0,200,25
-0.06,-380.44,222.0,200,25
-0.062,-401.11,222.0,200,25
-0.064,-434.65,222.0,200,25
-0.065,-473.64,222.0,200,25
-0.066,-497.71,222.0,200,25
-0.067,-500.37,222.0,200,25
-0.068,-484.88,222.0,200,25
-0.068,-462.64,222.0,200,25
-0.069,-446.0,222.0,200,25
-0.069,-433.42,222.0,200,25
-0.069,-418.05,222.0,200,25
-0.07,-400.68,222.0,200,25
-0.071,-386.84,222.0,200,25
-0.074,-380.71,222.0,200,25
-0.074,-388.95,222.0,200,25
-0.075,-412.97,222.0,200,25
-0.075,-446.91,222.0,200,25
-0.075,-478.37,222.0,200,25
-0.075,-494.78,222.0,200,25
-0.076,-489.1,222.0,200,25
-0.077,-471.83,222.0,200,25
-0.08,-452.2,222.0,200,25
-0.082,-439.04,222.0,200,25
-0.084,-426.11,222.0,200,25
-0.085,-410.93,222.0,200,25
-0.086,-397.11,222.0,200,25
-0.087,-384.15,222.0,200,25
-0.088,-381.0,222.0,200,25
-0.088,-392.9,222.0,200,25
-0.088,-421.45,222.0,200,25
-0.088,-459.32,222.0,200,25
-0.089,-486.43,222.0,200,25
-0.09,-491.31,222.0,200,25
-0.092,-474.61,222.0,200,25
-0.094,-450.35,222.0,200,25
-0.095,-433.31,222.0,200,25
-0.096,-414.91,222.0,200,25
-0.096,-403.18,222.0,200,25
-0.096,-387.78,222.0,200,25
-0.097,-373.83,222.0,200,25
-0.099,-364.85,222.0,200,25
-0.101,-369.35,222.0,200,25
-0.103,-387.34,222.0,200,25
-0.104,-420.28,222.0,200,25
-0.105,-454.16,222.0,200,25
-0.106,-477.9,222.0,200,25
-0.106,-475.78,222.0,200,25
-0.106,-457.81,222.0,200,25
-0.108,-433.11,222.0,200,25
-0.109,-411.89,222.0,200,25
-0.111,-396.6,222.0,200,25
-0.112,-385.11,222.0,200,25
-0.113,-369.4,222.0,200,25
-0.114,-353.96,222.0,200,25
-0.116,-343.48,222.0,200,25
-0.116,-344.8,222.0,200,25
-0.117,-359.88,222.0,200,25
-0.117,-391.12,222.0,200,25
-0.117,-425.06,222.0,200,25
-0.118,-451.76,222.0,200,25
-0.119,-455.08,222.0,200,25
-0.121,-438.48,222.0,200,25
-0.123,-414.44,222.0,200,25
-0.125,-392.66,222.0,200,25
-0.126,-380.32,222.0,200,25
-0.126,-370.62,222.0,200,25
-0.126,-359.74,222.0,200,25
-0.126,-346.67,222.0,200,25
-0.127,-336.89,222.0,200,25
-0.128,-334.73,222.0,200,25
-0.13,-347.32,222.0,200,25
-0.131,-372.17,222.0,200,25
-0.133,-407.81,222.0,200,25
-0.134,-436.13,222.0,200,25
-0.134,-447.02,222.0,200,25
-0.135,-437.47,222.0,200,25
-0.136,-416.94,222.0,200,25
-0.136,-400.35,222.0,200,25
-0.136,-387.39,222.0,200,25
-0.137,-378.76,222.0,200,25
-0.137,-368.57,222.0,200,25
-0.137,-356.54,222.0,200,25
-0.138,-345.78,222.0,200,25
-0.14,-341.81,222.0,200,25
-0.142,-348.35,222.0,200,25
-0.143,-366.02,222.0,200,25
-0.143,-394.85,222.0,200,25
-0.144,-429.3,222.0,200,25
-0.144,-453.72,222.0,200,25
-0.144,-455.35,222.0,200,25
-0.146,-442.33,222.0,200,25
-0.147,-419.73,222.0,200,25
-0.149,-401.42,222.0,200,25
-0.152,-391.04,222.0,200,25
-0.154,-382.16,222.0,200,25
-0.156,-372.99,222.0,200,25
-0.157,-360.96,222.0,200,25
-0.157,-348.96,222.0,200,25
-0.158,-344.42,222.0,200,25
-0.155,-433.84,222.0,200,25
-0.154,-462.72,222.0,200,25
-0.153,-472.91,222.0,200,25
-0.153,-462.61,222.0,200,25
-0.153,-438.6,222.0,200,25
-0.153,-417.1,222.0,200,25
-0.153,-401.43,222.0,200,25
-0.154,-389.14,222.0,200,25
-0.153,-376.04,222.0,200,25
-0.152,-365.1,222.0,200,25
-0.152,-353.46,222.0,200,25
-0.153,-346.24,222.0,200,25
-0.152,-348.95,222.0,200,25
-0.153,-363.32,222.0,200,25
-0.152,-392.35,222.0,200,25
-0.152,-427.69,222.0,200,25
-0.152,-455.09,222.0,200,25
-0.152,-462.02,222.0,200,25
-0.151,-449.55,222.0,200,25
-0.151,-426.43,222.0,200,25
-0.151,-405.69,222.0,200,25
-0.15,-393.41,222.0,200,25
-0.148,-383.94,222.0,200,25
-0.147,-375.1,222.0,200,25
-0.145,-363.06,222.0,200,25
-0.144,-352.03,222.0,200,25
-0.143,-347.07,222.0,200,25
-0.144,-353.45,222.0,200,25
-0.143,-374.59,222.0,200,25
-0.143,-406.7,222.0,200,25
-0.142,-442.22,222.0,200,25
-0.14,-463.54,222.0,200,25
-0.138,-468.06,222.0,200,25
-0.137,-452.42,222.0,200,25
-0.135,-432.51,222.0,200,25
-0.134,-415.82,222.0,200,25
-0.134,-406.03,222.0,200,25
-0.134,-395.6,222.0,200,25
-0.133,-381.97,222.0,200,25
-0.131,-369.0,222.0,200,25
-0.131,-359.87,222.0,200,25
-0.129,-361.48,222.0,200,25
-0.127,-375.24,222.0,200,25
-0.125,-405.94,222.0,200,25
-0.124,-441.82,222.0,200,25
-0.122,-474.65,222.0,200,25
-0.121,-486.42,222.0,200,25
-0.121,-476.07,222.0,200,25
-0.12,-456.14,222.0,200,25
-0.121,-434.98,222.0,200,25
-0.12,-421.08,222.0,200,25
-0.118,-410.21,222.0,200,25
-0.116,-399.0,222.0,200,25
-0.114,-386.86,222.0,200,25
-0.113,-376.84,222.0,200,25
-0.113,-374.31,222.0,200,25
-0.113,-387.41,222.0,200,25
-0.114,-412.61,222.0,200,25
-0.113,-448.97,222.0,200,25
-0.113,-482.67,222.0,200,25
-0.112,-499.1,222.0,200,25
-0.111,-493.07,222.0,200,25
-0.109,-472.79,222.0,200,25
-0.107,-452.58,222.0,200,25
-0.106,-437.55,222.0,200,25
-0.104,-428.33,222.0,200,25
-0.103,-416.62,222.0,200,25
-0.102,-402.88,222.0,200,25
-0.101,-387.77,222.0,200,25
-0.101,-381.93,222.0,200,25
-0.1,-388.52,222.0,200,25
-0.099,-413.49,222.0,200,25
-0.097,-449.52,222.0,200,25
-0.095,-482.04,222.0,200,25
-0.094,-496.75,222.0,200,25
-0.093,-491.55,222.0,200,25
-0.093,-474.35,222.0,200,25
-0.093,-455.87,222.0,200,25
-0.093,-440.48,222.0,200,25
-0.092,-428.0,222.0,200,25
-0.09,-412.08,222.0,200,25
-0.089,-395.03,222.0,200,25
-0.086,-383.2,222.0,200,25
-0.085,-379.18,222.0,200,25
-0.084,-391.39,222.0,200,25
-0.082,-418.45,222.0,200,25
-0.082,-453.14,222.0,200,25
-0.081,-482.18,222.0,200,25
-0.08,-490.84,222.0,200,25
-0.079,-477.08,222.0,200,25
-0.078,-454.83,222.0,200,25
-0.076,-434.42,222.0,200,25
-0.075,-420.23,222.0,200,25
-0.075,-406.87,222.0,200,25
-0.074,-390.21,222.0,200,25
-0.074,-372.99,222.0,200,25
-0.075,-359.62,222.0,200,25
-0.076,-363.02,222.0,200,25
-0.076,-378.79,222.0,200,25
-0.076,-409.32,222.0,200,25
-0.074,-442.03,222.0,200,25
-0.072,-462.43,222.0,200,25
-0.07,-463.58,222.0,200,25
-0.068,-446.55,222.0,200,25
-0.066,-424.88,222.0,200,25
-0.065,-405.22,222.0,200,25
-0.064,-391.54,222.0,200,25
-0.063,-375.01,222.0,200,25
-0.063,-355.1,222.0,200,25
-0.062,-339.37,222.0,200,25
-0.062,-334.82,222.0,200,25
-0.062,-344.01,222.0,200,25
-0.06,-366.34,222.0,200,25
-0.058,-397.36,222.0,200,25
-0.056,-425.08,222.0,200,25
-0.055,-435.51,222.0,200,25
-0.054,-430.94,222.0,200,25
-0.054,-416.3,222.0,200,25
-0.054,-399.36,222.0,200,25
-0.053,-381.57,222.0,200,25
-0.052,-360.54,222.0,200,25
-0.05,-335.42,222.0,200,25
-0.048,-312.54,222.0,200,25
-0.047,-299.88,222.0,200,25
-0.045,-306.0,222.0,200,25
-0.044,-326.62,222.0,200,25
-0.043,-358.15,222.0,200,25
-0.042,-388.56,222.0,200,25
-0.042,-402.28,222.0,200,25
-0.041,-396.33,222.0,200,25
-0.04,-380.99,222.0,200,25
-0.038,-356.64,222.0,200,25
-0.037,-331.36,222.0,200,25
-0.036,-305.51,222.0,200,25
-0.034,-281.03,222.0,200,25
-0.033,-262.88,222.0,200,25
-0.033,-259.59,222.0,200,25
-0.033,-270.04,222.0,200,25
-0.033,-291.81,222.0,200,25
-0.033,-322.04,222.0,200,25
-0.032,-346.47,222.0,200,25
-0.031,-356.66,222.0,200,25
-0.03,-349.09,222.0,200,25
-0.028,-330.1,222.0,200,25
-0.027,-304.67,222.0,200,25
-0.025,-277.43,222.0,200,25
-0.023,-248.1,222.0,200,25
-0.022,-221.96,222.0,200,25
-0.021,-204.19,222.0,200,25
-0.02,-196.93,222.0,200,25
-0.019,-199.92,222.0,200,25
-0.018,-207.9,222.0,200,25
-0.016,-218.02,222.0,200,25
-0.015,-230.69,222.0,200,25
-0.014,-236.89,222.0,200,25
-0.014,-240.37,222.0,200,25
-0.014,-236.47,222.0,200,25
-0.014,-220.27,222.0,200,25
-0.013,-196.88,222.0,200,25
-0.012,-161.07,222.0,200,25
-0.011,-120.23,222.0,200,25
-0.008,-92.12,222.0,200,25
-0.007,-78.82,222.0,200,25
-0.006,-80.12,222.0,200,25
-0.005,-88.62,222.0,200,25
-0.004,-96.82,222.0,200,25
-0.003,-104.25,222.0,200,25
-0.003,-109.13,222.0,200,25
-0.003,-108.65,222.0,200,25
-0.002,-97.44,222.0,200,25
-0.002,-67.35,222.0,200,25
0.0,-17.9,222.0,200,25
0.002,41.13,222.0,200,25
0.004,88.36,222.0,200,25
0.006,107.75,222.0,200,25
0.007,100.7,222.0,200,25
0.006,79.34,222.0,200,25
0.007,56.37,222.0,200,25
0.006,38.1,222.0,200,25
0.006,30.24,222.0,200,25
0.007,32.76,222.0,200,25
0.008,49.53,222.0,200,25
0.009,84.61,222.0,200,25
0.011,136.82,222.0,200,25
0.013,195.4,222.0,200,25
0.015,243.9,222.0,200,25
0.016,268.14,222.0,200,25
0.018,265.48,222.0,200,25
0.018,256.48,222.0,200,25
0.019,250.77,222.0,200,25
0.021,255.13,222.0,200,25
0.022,261.96,222.0,200,25
0.024,270.06,222.0,200,25
0.026,280.54,222.0,200,25
0.027,298.17,222.0,200,25
0.027,323.98,222.0,200,25
0.028,355.17,222.0,200,25
0.028,377.47,222.0,200,25
0.029,380.77,222.0,200,25
0.029,372.72,222.0,200,25
0.029,360.37,222.0,200,25
0.031,352.88,222.0,200,25
0.032,351.59,222.0,200,25
0.034,348.1,222.0,200,25
0.035,337.13,222.0,200,25
0.035,329.4,222.0,200,25
0.035,330.35,222.0,200,25
0.034,343.01,222.0,200,25
0.035,368.53,222.0,200,25
0.035,396.48,222.0,200,25
0.037,410.61,222.0,200,25
0.038,408.84,222.0,200,25
0.04,397.74,222.0,200,25
0.042,387.36,222.0,200,25
0.043,378.96,222.0,200,25
0.045,367.52,222.0,200,25
0.045,349.49,222.0,200,25
0.045,337.58,222.0,200,25
0.045,343.64,222.0,200,25
0.045,365.22,222.0,200,25
0.047,398.16,222.0,200,25
0.049,427.67,222.0,200,25
0.051,440.25,222.0,200,25
0.053,431.09,222.0,200,25
0.054,414.34,222.0,200,25
0.055,399.3,222.0,200,25
0.056,384.55,222.0,200,25
0.056,367.44,222.0,200,25
0.057,352.02,222.0,200,25
0.058,345.66,222.0,200,25
0.059,356.17,222.0,200,25
0.06,385.64,222.0,200,25
0.063,422.68,222.0,200,25
0.065,447.61,222.0,200,25
0.067,451.98,222.0,200,25
0.067,438.14,222.0,200,25
0.068,420.0,222.0,200,25
0.068,404.97,222.0,200,25
0.068,393.91,222.0,200,25
0.069,381.0,222.0,200,25
0.069,364.47,222.0,200,25
0.071,361.02,222.0,200,25
0.071,375.58,222.0,200,25
0.074,407.49,222.0,200,25
0.075,443.52,222.0,200,25
0.078,466.85,222.0,200,25
0.079,469.04,222.0,200,25
0.079,452.0,222.0,200,25
0.079,430.6,222.0,200,25
0.079,417.62,222.0,200,25
0.08,403.55,222.0,200,25
0.081,391.79,222.0,200,25
0.082,379.74,222.0,200,25
0.084,378.54,222.0,200,25
0.085,395.29,222.0,200,25
0.086,427.85,222.0,200,25
0.087,457.21,222.0,200,25
0.087,468.75,222.0,200,25
0.086,463.44,222.0,200,25
0.086,449.12,222.0,200,25
0.087,435.53,222.0,200,25
0.088,426.28,222.0,200,25
0.09,415.0,222.0,200,25
0.092,398.51,222.0,200,25
0.094,387.65,222.0,200,25
0.096,395.27,222.0,200,25
0.096,420.61,222.0,200,25
0.097,450.9,222.0,200,25
0.097,470.48,222.0,200,25
0.097,473.98,222.0,200,25
0.098,462.76,222.0,200,25
0.099,448.84,222.0,200,25
0.1,433.51,222.0,200,25
0.102,419.17,222.0,200,25
0.104,402.23,222.0,200,25
0.105,386.64,222.0,200,25
0.105,382.54,222.0,200,25
0.106,400.51,222.0,200,25
0.105,430.98,222.0,200,25
0.106,461.02,222.0,200,25
0.108,476.24,222.0,200,25
0.109,472.19,222.0,200,25
0.111,458.87,222.0,200,25
0.113,446.17,222.0,200,25
0.116,430.28,222.0,200,25
0.117,413.11,222.0,200,25
0.118,392.61,222.0,200,25
0.119,383.67,222.0,200,25
0.119,393.38,222.0,200,25
0.119,422.95,222.0,200,25
0.12,455.08,222.0,200,25
0.121,476.95,222.0,200,25
0.124,476.36,222.0,200,25
0.124,465.03,222.0,200,25
0.125,445.61,222.0,200,25
0.126,427.94,222.0,200,25
0.125,407.15,222.0,200,25
0.125,383.75,222.0,200,25
0.124,374.03,222.0,200,25
0.124,385.17,222.0,200,25
0.124,409.33,222.0,200,25
0.126,444.27,222.0,200,25
0.128,467.04,222.0,200,25
0.131,471.89,222.0,200,25
0.132,461.21,222.0,200,25
0.134,445.42,222.0,200,25
0.135,429.03,222.0,200,25
0.136,409.27,222.0,200,25
0.136,387.58,222.0,200,25
0.137,373.76,222.0,200,25
0.137,380.26,222.0,200,25
0.138,406.36,222.0,200,25
0.14,439.48,222.0,200,25
0.141,463.04,222.0,200,25
0.142,468.15,222.0,200,25
0.143,458.02,222.0,200,25
0.144,440.55,222.0,200,25
0.138,1611.31,667.0,200,25
0.138,1595.35,667.0,200,25
0.137,1574.63,667.0,200,25
0.137,1549.59,667.0,200,25
0.137,1520.87,667.0,200,25
0.136,1503.19,667.0,200,25
0.135,1504.76,667.0,200,25
0.135,1530.6,667.0,200,25
0.135,1567.17,667.0,200,25
0.136,1597.48,667.0,200,25
0.136,1614.88,667.0,200,25
0.137,1615.24,667.0,200,25
0.137,1602.07,667.0,200,25
0.138,1587.97,667.0,200,25
0.137,1570.5,667.0,200,25
0.137,1552.72,667.0,200,25
0.136,1544.04,667.0,200,25
0.135,1556.67,667.0,200,25
0.135,1585.54,667.0,200,25
0.135,1621.82,667.0,200,25
0.136,1649.14,667.0,200,25
0.137,1657.38,667.0,200,25
0.136,1646.46,667.0,200,25
0.135,1622.9,667.0,200,25
0.134,1598.37,667.0,200,25
0.132,1571.01,667.0,200,25
0.13,1542.52,667.0,200,25
0.129,1525.86,667.0,200,25
0.128,1529.35,667.0,200,25
0.128,1553.09,667.0,200,25
0.128,1589.09,667.0,200,25
0.127,1617.87,667.0,200,25
0.127,1629.66,667.0,200,25
0.126,1625.39,667.0,200,25
0.124,1610.62,667.0,200,25
0.121,1592.58,667.0,200,25
0.119,1571.49,667.0,200,25
0.118,1546.62,667.0,200,25
0.117,1533.3,667.0,200,25
0.116,1537.7,667.0,200,25
0.116,1561.11,667.0,200,25
0.116,1600.28,667.0,200,25
0.116,1630.67,667.0,200,25
0.115,1642.83,667.0,200,25
0.114,1633.11,667.0,200,25
0.111,1616.03,667.0,200,25
0.108,1595.87,667.0,200,25
0.107,1576.95,667.0,200,25
0.106,1553.4,667.0,200,25
0.106,1533.54,667.0,200,25
0.106,1531.33,667.0,200,25
0.106,1550.11,667.0,200,25
0.106,1581.07,667.0,200,25
0.106,1614.76,667.0,200,25
0.104,1628.22,667.0,200,25
0.103,1625.78,667.0,200,25
0.102,1612.24,667.0,200,25
0.1,1596.08,667.0,200,25
0.1,1578.68,667.0,200,25
0.099,1556.51,667.0,200,25
0.099,1533.13,667.0,200,25
0.099,1522.61,667.0,200,25
0.097,1530.94,667.0,200,25
0.096,1559.43,667.0,200,25
0.094,1590.79,667.0,200,25
0.091,1609.52,667.0,200,25
0.089,1609.06,667.0,200,25
0.088,1588.49,667.0,200,25
0.086,1566.86,667.0,200,25
0.086,1547.17,667.0,200,25
0.087,1531.63,667.0,200,25
0.088,1511.28,667.0,200,25
0.088,1495.28,667.0,200,25
0.087,1493.07,667.0,200,25
0.086,1510.38,667.0,200,25
0.084,1540.58,667.0,200,25
0.082,1565.15,667.0,200,25
0.08,1573.33,667.0,200,25
0.078,1560.84,667.0,200,25
0.077,1538.77,667.0,200,25
0.077,1513.59,667.0,200,25
0.076,1488.29,667.0,200,25
0.076,1457.52,667.0,200,25
0.075,1426.72,667.0,200,25
0.073,1403.98,667.0,200,25
0.071,1402.86,667.0,200,25
0.069,1422.0,667.0,200,25
0.068,1450.27,667.0,200,25
0.068,1474.34,667.0,200,25
0.067,1479.48,667.0,200,25
0.068,1469.74,667.0,200,25
0.067,1449.55,667.0,200,25
0.068,1430.59,667.0,200,25
0.066,1407.48,667.0,200,25
0.066,1378.14,667.0,200,25
0.064,1352.01,667.0,200,25
0.062,1333.4,667.0,200,25
0.06,1340.28,667.0,200,25
0.059,1369.07,667.0,200,25
0.058,1406.28,667.0,200,25
0.058,1431.01,667.0,200,25
0.058,1429.84,667.0,200,25
0.056,1400.23,667.0,200,25
0.055,1356.5,667.0,200,25
0.053,1311.46,667.0,200,25
0.052,1266.42,667.0,200,25
0.05,1226.77,667.0,200,25
0.049,1195.5,667.0,200,25
0.047,1180.61,667.0,200,25
0.046,1186.08,667.0,200,25
0.046,1211.2,667.0,200,25
0.046,1243.52,667.0,200,25
0.046,1258.73,667.0,200,25
0.045,1244.34,667.0,200,25
0.044,1199.24,667.0,200,25
0.042,1138.46,667.0,200,25
0.04,1081.79,667.0,200,25
0.039,1039.28,667.0,200,25
0.037,1012.83,667.0,200,25
0.037,1007.3,667.0,200,25
0.038,1026.79,667.0,200,25
0.039,1060.59,667.0,200,25
0.039,1106.49,667.0,200,25
0.039,1138.4,667.0,200,25
0.038,1139.21,667.0,200,25
0.037,1105.66,667.0,200,25
0.035,1041.78,667.0,200,25
0.032,970.26,667.0,200,25
0.031,908.98,667.0,200,25
0.029,867.87,667.0,200,25
0.029,840.67,667.0,200,25
0.028,827.91,667.0,200,25
0.027,820.75,667.0,200,25
0.026,823.6,667.0,200,25
0.025,828.98,667.0,200,25
0.024,831.8,667.0,200,25
0.023,818.96,667.0,200,25
0.022,783.34,667.0,200,25
0.021,733.09,667.0,200,25
0.019,675.91,667.0,200,25
0.017,625.15,667.0,200,25
0.017,583.73,667.0,200,25
0.015,542.72,667.0,200,25
0.014,498.28,667.0,200,25
0.012,451.32,667.0,200,25
0.011,409.51,667.0,200,25
0.009,386.98,667.0,200,25
0.009,394.17,667.0,200,25
0.009,418.98,667.0,200,25
0.009,441.33,667.0,200,25
0.009,442.53,667.0,200,25
0.01,420.66,667.0,200,25
0.009,385.91,667.0,200,25
0.008,338.44,667.0,200,25
0.007,276.12,667.0,200,25
0.005,200.04,667.0,200,25
0.003,119.4,667.0,200,25
0.001,44.11,667.0,200,25
0.0,-2.79,667.0,200,25
-0.001,-15.47,667.0,200,25
0.0,-1.44,667.0,200,25
0.0,8.17,667.0,200,25
-0.001,-11.84,667.0,200,25
-0.002,-69.52,667.0,200,25
-0.003,-141.23,667.0,200,25
-0.004,-213.49,667.0,200,25
-0.005,-272.95,667.0,200,25
-0.005,-318.92,667.0,200,25
-0.006,-351.01,667.0,200,25
-0.006,-367.66,667.0,200,25
-0.006,-370.26,667.0,200,25
-0.007,-354.05,667.0,200,25
-0.006,-330.91,667.0,200,25
-0.007,-320.74,667.0,200,25
-0.007,-348.26,667.0,200,25
-0.009,-407.87,667.0,200,25
-0.01,-479.16,667.0,200,25
-0.011,-536.94,667.0,200,25
-0.011,-582.85,667.0,200,25
-0.012,-621.28,667.0,200,25
-0.013,-662.09,667.0,200,25
-0.014,-709.01,667.0,200,25
-0.016,-757.04,667.0,200,25
-0.018,-803.69,667.0,200,25
-0.02,-839.8,667.0,200,25
-0.021,-864.76,667.0,200,25
-0.022,-885.37,667.0,200,25
-0.023,-908.63,667.0,200,25
-0.023,-933.37,667.0,200,25
-0.024,-958.42,667.0,200,25
-0.025,-983.32,667.0,200,25
-0.026,-1011.06,667.0,200,25
-0.027,-1054.46,667.0,200,25
-0.029,-1101.41,667.0,200,25
-0.032,-1150.25,667.0,200,25
-0.034,-1194.04,667.0,200,25
-0.037,-1229.71,667.0,200,25
-0.039,-1251.01,667.0,200,25
-0.04,-1261.38,667.0,200,25
-0.042,-1267.84,667.0,200,25
-0.043,-1278.35,667.0,200,25
-0.044,-1298.74,667.0,200,25
-0.044,-1322.7,667.0,200,25
-0.045,-1348.0,667.0,200,25
-0.046,-1376.72,667.0,200,25
-0.047,-1405.08,667.0,200,25
-0.047,-1426.57,667.0,200,25
-0.048,-1430.18,667.0,200,25
-0.05,-1417.54,667.0,200,25
-0.05,-1395.91,667.0,200,25
-0.049,-1372.58,667.0,200,25
-0.05,-1354.34,667.0,200,25
-0.051,-1353.75,667.0,200,25
-0.053,-1371.57,667.0,200,25
-0.055,-1401.83,667.0,200,25
-0.056,-1437.86,667.0,200,25
-0.057,-1465.17,667.0,200,25
-0.057,-1487.92,667.0,200,25
-0.057,-1502.86,667.0,200,25
-0.058,-1512.17,667.0,200,25
-0.059,-1510.39,667.0,200,25
-0.061,-1507.65,667.0,200,25
-0.063,-1507.99,667.0,200,25
-0.064,-1510.84,667.0,200,25
-0.066,-1506.8,667.0,200,25
-0.067,-1497.96,667.0,200,25
-0.068,-1489.25,667.0,200,25
-0.069,-1487.97,667.0,200,25
-0.07,-1499.14,667.0,200,25
-0.07,-1522.36,667.0,200,25
-0.071,-1551.38,667.0,200,25
-0.071,-1576.82,667.0,200,25
-0.073,-1587.49,667.0,200,25
-0.074,-1583.83,667.0,200,25
-0.076,-1571.55,667.0,200,25
-0.078,-1562.48,667.0,200,25
-0.079,-1551.02,667.0,200,25
-0.08,-1536.49,667.0,200,25
-0.081,-1520.88,667.0,200,25
-0.082,-1507.43,667.0,200,25
-0.083,-1499.19,667.0,200,25
-0.084,-1506.62,667.0,200,25
-0.085,-1528.67,667.0,200,25
-0.086,-1559.15,667.0,200,25
-0.087,-1590.38,667.0,200,25
-0.088,-1610.08,667.0,200,25
-0.089,-1611.0,667.0,200,25
-0.09,-1601.75,667.0,200,25
-0.091,-1586.04,667.0,200,25
-0.092,-1575.36,667.0,200,25
-0.093,-1562.78,667.0,200,25
-0.094,-1545.0,667.0,200,25
-0.094,-1527.61,667.0,200,25
-0.095,-1513.41,667.0,200,25
-0.097,-1513.84,667.0,200,25
-0.098,-1526.06,667.0,200,25
-0.1,-1550.62,667.0,200,25
-0.1,-1584.74,667.0,200,25
-0.101,-1615.93,667.0,200,25
-0.101,-1632.81,667.0,200,25
-0.101,-1630.96,667.0,200,25
-0.101,-1620.3,667.0,200,25
-0.103,-1608.05,667.0,200,25
-0.104,-1597.4,667.0,200,25
-0.105,-1584.62,667.0,200,25
-0.107,-1568.2,667.0,200,25
-0.108,-1549.8,667.0,200,25
-0.108,-1533.35,667.0,200,25
-0.11,-1527.3,667.0,200,25
-0.111,-1534.93,667.0,200,25
-0.11,-1558.26,667.0,200,25
-0.11,-1591.42,667.0,200,25
-0.111,-1618.53,667.0,200,25
-0.112,-1634.98,667.0,200,25
-0.114,-1629.67,667.0,200,25
-0.116,-1614.16,667.0,200,25
-0.118,-1597.2,667.0,200,25
-0.119,-1585.47,667.0,200,25
-0.12,-1569.46,667.0,200,25
-0.121,-1550.97,667.0,200,25
-0.12,-1532.28,667.0,200,25
-0.12,-1517.47,667.0,200,25
-0.121,-1513.8,667.0,200,25
-0.122,-1527.14,667.0,200,25
-0.124,-1553.42,667.0,200,25
-0.125,-1585.46,667.0,200,25
-0.126,-1614.41,667.0,200,25
-0.127,-1627.26,667.0,200,25
-0.128,-1625.73,667.0,200,25
-0.129,-1611.96,667.0,200,25
-0.131,-1597.47,667.0,200,25
-0.131,-1585.93,667.0,200,25
-0.132,-1571.67,667.0,200,25
-0.133,-1554.0,667.0,200,25
-0.134,-1536.01,667.0,200,25
-0.136,-1523.15,667.0,200,25
-0.137,-1521.94,667.0,200,25
-0.138,-1536.53,667.0,200,25
-0.139,-1563.0,667.0,200,25
-0.14,-1597.74,667.0,200,25
-0.14,-1630.71,667.0,200,25
-0.139,-1648.86,667.0,200,25
-0.14,-1652.78,667.0,200,25
-0.141,-1647.22,667.0,200,25
-0.143,-1634.28,667.0,200,25
-0.145,-1627.39,667.0,200,25
-0.148,-1618.64,667.0,200,25
-0.149,-1609.49,667.0,200,25
-0.15,-1594.79,667.0,200,25
-0.151,-1579.78,667.0,200,25
-0.151,-1566.89,667.0,200,25
-0.152,-1565.06,667.0,200,25
-0.153,-1578.44,667.0,200,25
-0.154,-1606.11,667.0,200,25
-0.155,-1637.48,667.0,200,25
-0.156,-1661.99,667.0,200,25
-0.158,-1670.66,667.0,200,25
-0.16,-1663.08,667.0,200,25
-0.162,-1646.85,667.0,200,25
-0.163,-1629.83,667.0,200,25
-0.163,-1615.95,667.0,200,25
-0.163,-1586.15,667.0,200,25
-0.162,-1570.02,667.0,200,25
-0.161,-1553.18,667.0,200,25
-0.16,-1547.43,667.0,200,25
-0.16,-1552.32,667.0,200,25
-0.16,-1570.61,667.0,200,25
-0.16,-1597.98,667.0,200,25
-0.16,-1624.23,667.0,200,25
-0.16,-1643.35,667.0,200,25
-0.159,-1648.24,667.0,200,25
-0.159,-1639.27,667.0,200,25
-0.159,-1625.1,667.0,200,25
-0.159,-1611.5,667.0,200,25
-0.16,-1596.99,667.0,200,25
-0.161,-1580.25,667.0,200,25
-0.162,-1561.51,667.0,200,25
-0.162,-1541.51,667.0,200,25
-0.162,-1530.74,667.0,200,25
-0.162,-1525.83,667.0,200,25
-0.162,-1531.63,667.0,200,25
-0.161,-1549.93,667.0,200,25
-0.161,-1579.13,667.0,200,25
-0.16,-1610.52,667.0,200,25
-0.159,-1633.96,667.0,200,25
-0.159,-1639.5,667.0,200,25
-0.159,-1630.17,667.0,200,25
-0.16,-1609.21,667.0,200,25
-0.161,-1587.01,667.0,200,25
-0.162,-1565.1,667.0,200,25
-0.162,-1545.65,667.0,200,25
-0.161,-1525.87,667.0,200,25
-0.162,-1506.79,667.0,200,25
-0.161,-1494.16,667.0,200,25
-0.162,-1486.94,667.0,200,25
-0.161,-1494.25,667.0,200,25
-0.162,-1515.23,667.0,200,25
-0.162,-1547.36,667.0,200,25
-0.161,-1582.67,667.0,200,25
-0.161,-1601.57,667.0,200,25
-0.16,-1603.01,667.0,200,25
-0.16,-1589.12,667.0,200,25
-0.16,-1567.62,667.0,200,25
-0.161,-1553.01,667.0,200,25
-0.161,-1535.51,667.0,200,25
-0.161,-1521.65,667.0,200,25
-0.161,-1507.0,667.0,200,25
-0.161,-1488.58,667.0,200,25
-0.16,-1477.35,667.0,200,25
-0.16,-1472.02,667.0,200,25
-0.161,-1482.48,667.0,200,25
-0.16,-1507.39,667.0,200,25
-0.158,-1541.09,667.0,200,25
-0.156,-1575.44,667.0,200,25
-0.155,-1595.68,667.0,200,25
-0.153,-1598.78,667.0,200,25
-0.152,-1587.06,667.0,200,25
-0.151,-1571.5,667.0,200,25
-0.151,-1558.89,667.0,200,25
-0.151,-1548.11,667.0,200,25
-0.151,-1535.05,667.0,200,25
-0.149,-1517.52,667.0,200,25
-0.147,-1502.31,667.0,200,25
-0.146,-1498.89,667.0,200,25
-0.145,-1506.51,667.0,200,25
-0.144,-1527.04,667.0,200,25
-0.143,-1564.36,667.0,200,25
-0.142,-1604.52,667.0,200,25
-0.141,-1639.6,667.0,200,25
-0.141,-1653.55,667.0,200,25
-0.14,-1649.43,667.0,200,25
-0.14,-1638.24,667.0,200,25
-0.14,-1619.38,667.0,200,25
-0.139,-1604.24,667.0,200,25
-0.137,-1593.64,667.0,200,25
-0.135,-1577.64,667.0,200,25
-0.133,-1562.39,667.0,200,25
-0.132,-1552.52,667.0,200,25
-0.132,-1547.55,667.0,200,25
-0.131,-1558.06,667.0,200,25
-0.131,-1580.72,667.0,200,25
-0.129,-1615.53,667.0,200,25
-0.127,-1646.97,667.0,200,25
-0.125,-1663.91,667.0,200,25
-0.124,-1663.92,667.0,200,25
-0.122,-1651.0,667.0,200,25
-0.122,-1635.87,667.0,200,25
-0.122,-1623.96,667.0,200,25
-0.122,-1613.9,667.0,200,25
-0.121,-1597.47,667.0,200,25
-0.12,-1577.8,667.0,200,25
-0.119,-1557.62,667.0,200,25
-0.118,-1544.93,667.0,200,25
-0.116,-1546.59,667.0,200,25
-0.114,-1564.76,667.0,200,25
-0.112,-1591.7,667.0,200,25
-0.111,-1621.63,667.0,200,25
-0.109,-1641.87,667.0,200,25
-0.109,-1644.71,667.0,200,25
-0.108,-1634.23,667.0,200,25
-0.108,-1619.15,667.0,200,25
-0.107,-1603.81,667.0,200,25
-0.105,-1589.5,667.0,200,25
-0.104,-1569.15,667.0,200,25
-0.101,-1545.55,667.0,200,25
-0.1,-1527.14,667.0,200,25
-0.1,-1521.88,667.0,200,25
-0.1,-1532.38,667.0,200,25
-0.101,-1553.78,667.0,200,25
-0.101,-1582.99,667.0,200,25
-0.101,-1606.71,667.0,200,25
-0.1,-1617.3,667.0,200,25
-0.099,-1612.52,667.0,200,25
-0.098,-1594.94,667.0,200,25
-0.097,-1573.01,667.0,200,25
-0.095,-1554.31,667.0,200,25
-0.093,-1535.48,667.0,200,25
-0.092,-1514.75,667.0,200,25
-0.09,-1495.02,667.0,200,25
-0.089,-1478.96,667.0,200,25
-0.088,-1472.73,667.0,200,25
-0.087,-1480.07,667.0,200,25
-0.086,-1493.62,667.0,200,25
-0.084,-1510.72,667.0,200,25
-0.082,-1528.7,667.0,200,25
-0.081,-1536.56,667.0,200,25
-0.081,-1532.49,667.0,200,25
-0.081,-1519.43,667.0,200,25
-0.081,-1508.95,667.0,200,25
-0.081,-1495.67,667.0,200,25
-0.081,-1477.04,667.0,200,25
-0.079,-1453.18,667.0,200,25
-0.078,-1429.66,667.0,200,25
-0.076,-1413.69,667.0,200,25
-0.075,-1409.82,667.0,200,25
-0.073,-1418.93,667.0,200,25
-0.071,-1434.36,667.0,200,25
-0.069,-1451.51,667.0,200,25
-0.069,-1464.53,667.0,200,25
-0.068,-1469.28,667.0,200,25
-0.068,-1464.21,667.0,200,25
-0.068,-1449.35,667.0,200,25
-0.068,-1432.0,667.0,200,25
-0.066,-1408.34,667.0,200,25
-0.065,-1377.59,667.0,200,25
-0.063,-1350.72,667.0,200,25
-0.061,-1332.85,667.0,200,25
-0.061,-1333.88,667.0,200,25
-0.06,-1350.91,667.0,200,25
-0.059,-1369.09,667.0,200,25
-0.059,-1388.16,667.0,200,25
-0.057,-1397.93,667.0,200,25
-0.056,-1395.36,667.0,200,25
-0.054,-1381.93,667.0,200,25
-0.053,-1359.88,667.0,200,25
-0.052,-1329.85,667.0,200,25
-0.051,-1303.82,667.0,200,25
-0.05,-1279.13,667.0,200,25
-0.05,-1264.1,667.0,200,25
-0.049,-1258.64,667.0,200,25
-0.049,-1259.85,667.0,200,25
-0.048,-1259.66,667.0,200,25
-0.047,-1250.7,667.0,200,25
-0.046,-1240.06,667.0,200,25
-0.044,-1232.04,667.0,200,25
-0.043,-1223.34,667.0,200,25
-0.042,-1212.1,667.0,200,25
-0.041,-1193.26,667.0,200,25
-0.041,-1166.47,667.0,200,25
-0.04,-1134.87,667.0,200,25
-0.039,-1101.37,667.0,200,25
-0.038,-1068.9,667.0,200,25
-0.037,-1043.49,667.0,200,25
-0.036,-1025.14,667.0,200,25
-0.035,-1012.57,667.0,200,25
-0.034,-1005.02,667.0,200,25
-0.032,-998.06,667.0,200,25
-0.031,-1000.07,667.0,200,25
-0.031,-1004.37,667.0,200,25
-0.031,-1003.88,667.0,200,25
-0.031,-992.18,667.0,200,25
-0.03,-964.91,667.0,200,25
-0.029,-917.58,667.0,200,25
-0.027,-858.82,667.0,200,25
-0.026,-805.86,667.0,200,25
-0.025,-780.35,667.0,200,25
-0.024,-781.79,667.0,200,25
-0.024,-797.99,667.0,200,25
-0.023,-806.78,667.0,200,25
-0.022,-805.62,667.0,200,25
-0.021,-798.54,667.0,200,25
-0.02,-784.07,667.0,200,25
-0.019,-758.02,667.0,200,25
-0.018,-712.6,667.0,200,25
-0.017,-650.86,667.0,200,25
-0.016,-577.65,667.0,200,25
-0.013,-506.81,667.0,200,25
-0.012,-452.95,667.0,200,25
-0.011,-425.8,667.0,200,25
-0.011,-415.8,667.0,200,25
-0.01,-401.19,667.0,200,25
-0.007,-368.78,667.0,200,25
-0.006,-315.69,667.0,200,25
-0.004,-249.28,667.0,200,25
-0.002,-182.43,667.0,200,25
-0.001,-119.87,667.0,200,25
0.0,-62.2,667.0,200,25
0.0,-12.58,667.0,200,25
0.0,32.82,667.0,200,25
0.0,59.74,667.0,200,25
-0.001,54.52,667.0,200,25
-0.001,22.82,667.0,200,25
-0.001,-10.37,667.0,200,25
0.0,-11.42,667.0,200,25
0.001,29.09,667.0,200,25
0.003,102.7,667.0,200,25
0.005,190.85,667.0,200,25
0.006,276.31,667.0,200,25
0.007,348.84,667.0,200,25
0.007,410.14,667.0,200,25
0.008,471.41,667.0,200,25
0.01,540.66,667.0,200,25
0.011,608.67,667.0,200,25
0.013,668.56,667.0,200,25
0.014,714.25,667.0,200,25
0.015,751.15,667.0,200,25
0.016,774.8,667.0,200,25
0.016,780.2,667.0,200,25
0.016,774.82,667.0,200,25
0.016,765.83,667.0,200,25
0.016,769.46,667.0,200,25
0.017,799.23,667.0,200,25
0.018,858.65,667.0,200,25
0.02,933.35,667.0,200,25
0.022,1000.14,667.0,200,25
0.023,1036.09,667.0,200,25
0.024,1041.71,667.0,200,25
0.025,1032.07,667.0,200,25
0.025,1010.93,667.0,200,25
0.025,992.28,667.0,200,25
0.025,975.06,667.0,200,25
0.025,970.5,667.0,200,25
0.025,988.37,667.0,200,25
0.027,1037.54,667.0,200,25
0.029,1115.67,667.0,200,25
0.032,1199.53,667.0,200,25
0.035,1267.05,667.0,200,25
0.037,1301.58,667.0,200,25
0.038,1309.06,667.0,200,25
0.039,1299.34,667.0,200,25
0.04,1287.51,667.0,200,25
0.041,1282.29,667.0,200,25
0.042,1285.63,667.0,200,25
0.043,1301.87,667.0,200,25
0.044,1333.84,667.0,200,25
0.045,1381.23,667.0,200,25
0.047,1435.86,667.0,200,25
0.05,1485.44,667.0,200,25
0.05,1508.77,667.0,200,25
0.052,1504.65,667.0,200,25
0.052,1485.67,667.0,200,25
0.053,1473.05,667.0,200,25
0.055,1473.32,667.0,200,25
0.057,1479.63,667.0,200,25
0.057,1484.81,667.0,200,25
0.058,1482.59,667.0,200,25
0.058,1484.61,667.0,200,25
0.058,1496.48,667.0,200,25
0.058,1518.19,667.0,200,25
0.059,1541.83,667.0,200,25
0.059,1556.12,667.0,200,25
0.061,1557.02,667.0,200,25
0.062,1555.45,667.0,200,25
0.065,1554.65,667.0,200,25
0.066,1553.49,667.0,200,25
0.068,1550.02,667.0,200,25
0.069,1545.53,667.0,200,25
0.07,1549.39,667.0,200,25
0.07,1569.05,667.0,200,25
0.07,1601.92,667.0,200,25
0.07,1638.82,667.0,200,25
0.071,1665.23,667.0,200,25
0.072,1673.88,667.0,200,25
0.074,1667.35,667.0,200,25
0.075,1653.48,667.0,200,25
0.076,1641.82,667.0,200,25
0.077,1625.19,667.0,200,25
0.078,1601.41,667.0,200,25
0.079,1584.55,667.0,200,25
0.078,1582.98,667.0,200,25
0.078,1602.63,667.0,200,25
0.077,1637.23,667.0,200,25
0.077,1667.55,667.0,200,25
0.078,1683.31,667.0,200,25
0.079,1685.47,667.0,200,25
0.08,1677.42,667.0,200,25
0.083,1666.34,667.0,200,25
0.085,1651.56,667.0,200,25
0.086,1625.2,667.0,200,25
0.087,1602.16,667.0,200,25
0.087,1595.73,667.0,200,25
0.087,1614.54,667.0,200,25
0.087,1650.34,667.0,200,25
0.088,1686.75,667.0,200,25
0.09,1710.89,667.0,200,25
0.093,1713.38,667.0,200,25
0.095,1702.89,667.0,200,25
0.096,1685.07,667.0,200,25
0.098,1661.83,667.0,200,25
0.099,1630.62,667.0,200,25
0.1,1598.29,667.0,200,25
0.101,1586.08,667.0,200,25
0.102,1596.07,667.0,200,25
0.103,1627.56,667.0,200,25
0.104,1662.0,667.0,200,25
0.106,1681.42,667.0,200,25
0.107,1680.99,667.0,200,25
0.108,1669.58,667.0,200,25
0.108,1652.88,667.0,200,25
0.108,1632.3,667.0,200,25
0.109,1605.5,667.0,200,25
0.108,1576.76,667.0,200,25
0.109,1557.69,667.0,200,25
0.11,1563.72,667.0,200,25
0.111,1591.05,667.0,200,25
0.113,1622.78,667.0,200,25
0.114,1645.31,667.0,200,25
0.116,1650.01,667.0,200,25
0.117,1637.11,667.0,200,25
0.117,1621.59,667.0,200,25
0.117,1601.1,667.0,200,25
0.118,1575.04,667.0,200,25
0.119,1544.63,667.0,200,25
0.121,1525.04,667.0,200,25
0.123,1526.01,667.0,200,25
0.124,1548.21,667.0,200,25
0.126,1581.96,667.0,200,25
0.127,1607.32,667.0,200,25
0.127,1617.28,667.0,200,25
0.128,1611.03,667.0,200,25
0.128,1595.39,667.0,200,25
0.128,1572.37,667.0,200,25
0.13,1542.76,667.0,200,25
0.132,1511.79,667.0,200,25
0.134,1494.84,667.0,200,25
0.135,1500.28,667.0,200,25
0.137,1528.97,667.0,200,25
0.139,1562.92,667.0,200,25
0.14,1585.98,667.0,200,25
0.141,1593.76,667.0,200,25
0.145,2123.65,890.0,200,25
0.145,2096.5,890.0,200,25
0.145,2065.85,890.0,200,25
0.144,2038.11,890.0,200,25
0.143,2025.93,890.0,200,25
0.142,2038.59,890.0,200,25
0.142,2069.83,890.0,200,25
0.141,2109.04,890.0,200,25
0.142,2138.14,890.0,200,25
0.142,2149.69,890.0,200,25
0.142,2145.86,890.0,200,25
0.142,2132.26,890.0,200,25
0.141,2110.66,890.0,200,25
0.141,2086.75,890.0,200,25
0.141,2067.36,890.0,200,25
0.142,2063.2,890.0,200,25
0.142,2083.12,890.0,200,25
0.143,2119.58,890.0,200,25
0.144,2153.65,890.0,200,25
0.145,2175.91,890.0,200,25
0.144,2175.55,890.0,200,25
0.143,2161.69,890.0,200,25
0.141,2136.88,890.0,200,25
0.14,2108.96,890.0,200,25
0.138,2077.8,890.0,200,25
0.137,2055.6,890.0,200,25
0.136,2052.77,890.0,200,25
0.135,2071.92,890.0,200,25
0.134,2106.69,890.0,200,25
0.134,2143.92,890.0,200,25
0.133,2166.63,890.0,200,25
0.131,2170.37,890.0,200,25
0.129,2160.88,890.0,200,25
0.127,2141.96,890.0,200,25
0.126,2116.22,890.0,200,25
0.125,2088.69,890.0,200,25
0.125,2065.88,890.0,200,25
0.125,2063.51,890.0,200,25
0.126,2082.52,890.0,200,25
0.126,2115.88,890.0,200,25
0.126,2150.31,890.0,200,25
0.125,2170.76,890.0,200,25
0.123,2174.7,890.0,200,25
0.121,2162.55,890.0,200,25
0.119,2143.74,890.0,200,25
0.118,2115.64,890.0,200,25
0.116,2085.48,890.0,200,25
0.116,2061.13,890.0,200,25
0.116,2054.61,890.0,200,25
0.115,2074.43,890.0,200,25
0.113,2106.8,890.0,200,25
0.11,2144.82,890.0,200,25
0.108,2169.66,890.0,200,25
0.107,2176.73,890.0,200,25
0.105,2165.79,890.0,200,25
0.104,2148.5,890.0,200,25
0.104,2125.71,890.0,200,25
0.104,2097.75,890.0,200,25
0.104,2071.64,890.0,200,25
0.105,2060.68,890.0,200,25
0.105,2070.88,890.0,200,25
0.103,2103.21,890.0,200,25
0.102,2141.64,890.0,200,25
0.101,2165.68,890.0,200,25
0.099,2168.98,890.0,200,25
0.096,2157.13,890.0,200,25
0.094,2140.67,890.0,200,25
0.093,2121.17,890.0,200,25
0.093,2098.57,890.0,200,25
0.093,2070.29,890.0,200,25
0.092,2048.34,890.0,200,25
0.091,2043.92,890.0,200,25
0.089,2063.57,890.0,200,25
0.087,2099.31,890.0,200,25
0.086,2132.63,890.0,200,25
0.085,2149.33,890.0,200,25
0.085,2147.32,890.0,200,25
0.085,2132.61,890.0,200,25
0.085,2112.85,890.0,200,25
0.084,2084.48,890.0,200,25
0.084,2051.13,890.0,200,25
0.082,2017.81,890.0,200,25
0.08,1993.34,890.0,200,25
0.077,1992.52,890.0,200,25
0.075,2012.18,890.0,200,25
0.074,2040.57,890.0,200,25
0.073,2063.22,890.0,200,25
0.073,2068.62,890.0,200,25
0.073,2060.01,890.0,200,25
0.074,2044.65,890.0,200,25
0.074,2029.25,890.0,200,25
0.074,2009.94,890.0,200,25
0.074,1982.16,890.0,200,25
0.073,1957.4,890.0,200,25
0.071,1942.93,890.0,200,25
0.068,1949.5,890.0,200,25
0.067,1972.27,890.0,200,25
0.066,1997.66,890.0,200,25
0.064,2010.69,890.0,200,25
0.063,2001.26,890.0,200,25
0.062,1968.57,890.0,200,25
0.061,1922.3,890.0,200,25
0.059,1871.5,890.0,200,25
0.057,1822.22,890.0,200,25
0.056,1783.32,890.0,200,25
0.054,1757.48,890.0,200,25
0.053,1756.81,890.0,200,25
0.053,1778.34,890.0,200,25
0.053,1816.18,890.0,200,25
0.053,1844.19,890.0,200,25
0.052,1840.51,890.0,200,25
0.051,1796.29,890.0,200,25
0.048,1724.87,890.0,200,25
0.047,1652.23,890.0,200,25
0.045,1600.29,890.0,200,25
0.045,1572.67,890.0,200,25
0.045,1561.02,890.0,200,25
0.045,1560.47,890.0,200,25
0.044,1562.0,890.0,200,25
0.043,1564.32,890.0,200,25
0.042,1560.42,890.0,200,25
0.04,1548.63,890.0,200,25
0.038,1511.04,890.0,200,25
0.036,1453.83,890.0,200,25
0.035,1391.04,890.0,200,25
0.035,1347.23,890.0,200,25
0.036,1335.82,890.0,200,25
0.036,1346.64,890.0,200,25
0.036,1356.74,890.0,200,25
0.037,1354.43,890.0,200,25
0.036,1341.66,890.0,200,25
0.034,1317.76,890.0,200,25
0.032,1297.85,890.0,200,25
0.03,1268.46,890.0,200,25
0.029,1230.14,890.0,200,25
0.027,1173.19,890.0,200,25
0.025,1110.6,890.0,200,25
0.025,1067.97,890.0,200,25
0.025,1044.6,890.0,200,25
0.025,1031.34,890.0,200,25
0.024,1007.4,890.0,200,25
0.023,960.87,890.0,200,25
0.02,896.42,890.0,200,25
0.018,830.29,890.0,200,25
0.016,780.66,890.0,200,25
0.015,748.81,890.0,200,25
0.014,724.71,890.0,200,25
0.013,695.86,890.0,200,25
0.012,657.71,890.0,200,25
0.012,620.42,890.0,200,25
0.011,585.62,890.0,200,25
0.011,546.58,890.0,200,25
0.009,490.0,890.0,200,25
0.008,420.57,890.0,200,25
0.006,345.62,890.0,200,25
0.005,287.05,890.0,200,25
0.004,267.66,890.0,200,25
0.005,287.87,890.0,200,25
0.005,317.72,890.0,200,25
0.004,319.15,890.0,200,25
0.003,270.15,890.0,200,25
0.003,184.8,890.0,200,25
0.001,86.69,890.0,200,25
0.0,0.96,890.0,200,25
-0.001,-67.2,890.0,200,25
-0.002,-117.02,890.0,200,25
-0.002,-153.05,890.0,200,25
-0.003,-178.31,890.0,200,25
-0.003,-194.41,890.0,200,25
-0.004,-195.79,890.0,200,25
-0.004,-200.95,890.0,200,25
-0.005,-231.75,890.0,200,25
-0.006,-297.36,890.0,200,25
-0.007,-379.71,890.0,200,25
-0.007,-449.18,890.0,200,25
-0.007,-480.37,890.0,200,25
-0.006,-477.97,890.0,200,25
-0.005,-455.82,890.0,200,25
-0.005,-434.89,890.0,200,25
-0.006,-424.06,890.0,200,25
-0.006,-436.45,890.0,200,25
-0.007,-462.58,890.0,200,25
-0.008,-498.95,890.0,200,25
-0.01,-554.62,890.0,200,25
-0.011,-635.71,890.0,200,25
-0.013,-739.75,890.0,200,25
-0.015,-847.61,890.0,200,25
-0.016,-939.52,890.0,200,25
-0.018,-1012.34,890.0,200,25
-0.019,-1074.3,890.0,200,25
-0.02,-1136.65,890.0,200,25
-0.022,-1198.9,890.0,200,25
-0.024,-1256.22,890.0,200,25
-0.026,-1296.92,890.0,200,25
-0.027,-1315.16,890.0,200,25
-0.028,-1319.3,890.0,200,25
-0.028,-1330.73,890.0,200,25
-0.029,-1360.35,890.0,200,25
-0.031,-1417.24,890.0,200,25
-0.033,-1481.14,890.0,200,25
-0.035,-1549.13,890.0,200,25
-0.037,-1612.42,890.0,200,25
-0.039,-1671.29,890.0,200,25
-0.041,-1714.56,890.0,200,25
-0.042,-1736.97,890.0,200,25
-0.043,-1738.44,890.0,200,25
-0.043,-1723.7,890.0,200,25
-0.044,-1705.76,890.0,200,25
-0.043,-1689.76,890.0,200,25
-0.044,-1689.35,890.0,200,25
-0.046,-1718.0,890.0,200,25
-0.048,-1766.98,890.0,200,25
-0.05,-1822.06,890.0,200,25
-0.051,-1867.46,890.0,200,25
-0.052,-1892.22,890.0,200,25
-0.052,-1898.21,890.0,200,25
-0.052,-1891.25,890.0,200,25
-0.052,-1881.79,890.0,200,25
-0.053,-1885.24,890.0,200,25
-0.055,-1899.54,890.0,200,25
-0.056,-1914.05,890.0,200,25
-0.058,-1924.63,890.0,200,25
-0.06,-1928.55,890.0,200,25
-0.061,-1934.19,890.0,200,25
-0.062,-1935.78,890.0,200,25
-0.062,-1945.13,890.0,200,25
-0.062,-1952.87,890.0,200,25
-0.062,-1965.8,890.0,200,25
-0.062,-1982.63,890.0,200,25
-0.063,-1991.63,890.0,200,25
-0.064,-1997.36,890.0,200,25
-0.067,-2004.12,890.0,200,25
-0.069,-2008.25,890.0,200,25
-0.071,-2005.29,890.0,200,25
-0.072,-1993.52,890.0,200,25
-0.073,-1975.12,890.0,200,25
-0.073,-1961.41,890.0,200,25
-0.073,-1956.7,890.0,200,25
-0.074,-1965.43,890.0,200,25
-0.074,-1987.52,890.0,200,25
-0.074,-2020.36,890.0,200,25
-0.076,-2053.06,890.0,200,25
-0.077,-2076.16,890.0,200,25
-0.079,-2088.15,890.0,200,25
-0.081,-2087.47,890.0,200,25
-0.083,-2083.55,890.0,200,25
-0.084,-2073.08,890.0,200,25
-0.085,-2054.42,890.0,200,25
-0.086,-2030.53,890.0,200,25
-0.085,-2011.91,890.0,200,25
-0.085,-2004.92,890.0,200,25
-0.086,-2013.08,890.0,200,25
-0.088,-2034.99,890.0,200,25
-0.089,-2069.72,890.0,200,25
-0.091,-2101.06,890.0,200,25
-0.091,-2128.56,890.0,200,25
-0.092,-2135.08,890.0,200,25
-0.092,-2129.38,890.0,200,25
-0.092,-2120.57,890.0,200,25
-0.093,-2112.24,890.0,200,25
-0.094,-2104.0,890.0,200,25
-0.094,-2092.5,890.0,200,25
-0.096,-2079.22,890.0,200,25
-0.097,-2065.02,890.0,200,25
-0.099,-2057.08,890.0,200,25
-0.101,-2062.9,890.0,200,25
-0.102,-2083.34,890.0,200,25
-0.103,-2114.19,890.0,200,25
-0.104,-2146.94,890.0,200,25
-0.105,-2166.57,890.0,200,25
-0.106,-2169.67,890.0,200,25
-0.107,-2159.17,890.0,200,25
-0.109,-2151.33,890.0,200,25
-0.11,-2140.94,890.0,200,25
-0.11,-2129.58,890.0,200,25
-0.111,-2110.01,890.0,200,25
-0.111,-2086.88,890.0,200,25
-0.11,-2065.2,890.0,200,25
-0.111,-2055.99,890.0,200,25
-0.112,-2063.14,890.0,200,25
-0.114,-2084.69,890.0,200,25
-0.115,-2116.54,890.0,200,25
-0.116,-2142.81,890.0,200,25
-0.118,-2157.09,890.0,200,25
-0.119,-2152.02,890.0,200,25
-0.121,-2141.98,890.0,200,25
-0.122,-2132.39,890.0,200,25
-0.123,-2126.38,890.0,200,25
-0.123,-2116.75,890.0,200,25
-0.123,-2096.52,890.0,200,25
-0.124,-2074.57,890.0,200,25
-0.126,-2054.85,890.0,200,25
-0.128,-2041.93,890.0,200,25
-0.129,-2049.03,890.0,200,25
-0.131,-2071.66,890.0,200,25
-0.131,-2109.07,890.0,200,25
-0.132,-2145.38,890.0,200,25
-0.133,-2165.3,890.0,200,25
-0.134,-2165.69,890.0,200,25
-0.135,-2155.98,890.0,200,25
-0.137,-2140.09,890.0,200,25
-0.139,-2132.43,890.0,200,25
-0.141,-2125.19,890.0,200,25
-0.142,-2114.65,890.0,200,25
-0.142,-2098.52,890.0,200,25
-0.143,-2085.8,890.0,200,25
-0.143,-2078.78,890.0,200,25
-0.143,-2081.94,890.0,200,25
-0.143,-2099.45,890.0,200,25
-0.143,-2129.12,890.0,200,25
-0.143,-2162.11,890.0,200,25
-0.143,-2189.08,890.0,200,25
-0.144,-2199.45,890.0,200,25
-0.147,-2195.79,890.0,200,25
-0.148,-2182.1,890.0,200,25
-0.15,-2172.71,890.0,200,25
-0.152,-2163.52,890.0,200,25
-0.153,-2149.78,890.0,200,25
-0.153,-2131.74,890.0,200,25
-0.152,-2110.2,890.0,200,25
-0.152,-2092.22,890.0,200,25
-0.151,-2087.23,890.0,200,25
-0.151,-2096.25,890.0,200,25
-0.151,-2120.88,890.0,200,25
-0.151,-2156.66,890.0,200,25
-0.152,-2187.07,890.0,200,25
-0.152,-2203.7,890.0,200,25
-0.153,-2198.58,890.0,200,25
-0.153,-2185.69,890.0,200,25
-0.153,-2170.92,890.0,200,25
-0.153,-2160.27,890.0,200,25
-0.155,-2107.23,890.0,200,25
-0.155,-2085.97,890.0,200,25
-0.155,-2061.57,890.0,200,25
-0.154,-2041.18,890.0,200,25
-0.154,-2031.52,890.0,200,25
-0.154,-2034.27,890.0,200,25
-0.154,-2052.4,890.0,200,25
-0.153,-2078.56,890.0,200,25
-0.153,-2110.38,890.0,200,25
-0.154,-2129.5,890.0,200,25
-0.154,-2133.13,890.0,200,25
-0.154,-2123.05,890.0,200,25
-0.154,-2108.2,890.0,200,25
-0.154,-2093.45,890.0,200,25
-0.153,-2080.47,890.0,200,25
-0.153,-2063.93,890.0,200,25
-0.152,-2043.12,890.0,200,25
-0.152,-2021.01,890.0,200,25
-0.152,-2002.36,890.0,200,25
-0.153,-1991.15,890.0,200,25
-0.154,-1993.1,890.0,200,25
-0.154,-2012.88,890.0,200,25
-0.154,-2044.23,890.0,200,25
-0.153,-2077.51,890.0,200,25
-0.152,-2097.25,890.0,200,25
-0.15,-2101.83,890.0,200,25
-0.149,-2095.92,890.0,200,25
-0.148,-2084.58,890.0,200,25
-0.146,-2079.08,890.0,200,25
-0.146,-2073.27,890.0,200,25
-0.145,-2059.72,890.0,200,25
-0.144,-2039.37,890.0,200,25
-0.144,-2021.87,890.0,200,25
-0.144,-2007.19,890.0,200,25
-0.143,-2002.81,890.0,200,25
-0.143,-2016.44,890.0,200,25
-0.141,-2048.58,890.0,200,25
-0.139,-2086.31,890.0,200,25
-0.137,-2119.83,890.0,200,25
-0.135,-2135.0,890.0,200,25
-0.133,-2135.5,890.0,200,25
-0.133,-2128.68,890.0,200,25
-0.133,-2121.92,890.0,200,25
-0.133,-2113.08,890.0,200,25
-0.134,-2100.2,890.0,200,25
-0.132,-2077.94,890.0,200,25
-0.131,-2056.7,890.0,200,25
-0.129,-2042.35,890.0,200,25
-0.128,-2039.02,890.0,200,25
-0.127,-2053.04,890.0,200,25
-0.125,-2082.64,890.0,200,25
-0.124,-2119.29,890.0,200,25
-0.124,-2152.03,890.0,200,25
-0.123,-2165.26,890.0,200,25
-0.122,-2163.94,890.0,200,25
-0.12,-2151.56,890.0,200,25
-0.119,-2136.76,890.0,200,25
-0.118,-2124.35,890.0,200,25
-0.117,-2111.03,890.0,200,25
-0.115,-2096.26,890.0,200,25
-0.115,-2080.71,890.0,200,25
-0.115,-2067.44,890.0,200,25
-0.115,-2056.93,890.0,200,25
-0.115,-2063.26,890.0,200,25
-0.114,-2076.17,890.0,200,25
-0.112,-2102.09,890.0,200,25
-0.11,-2124.29,890.0,200,25
-0.108,-2137.74,890.0,200,25
-0.106,-2135.1,890.0,200,25
-0.104,-2122.73,890.0,200,25
-0.104,-2108.79,890.0,200,25
-0.104,-2097.13,890.0,200,25
-0.104,-2081.56,890.0,200,25
-0.104,-2063.07,890.0,200,25
-0.103,-2040.04,890.0,200,25
-0.101,-2018.59,890.0,200,25
-0.1,-2008.21,890.0,200,25
-0.098,-2009.45,890.0,200,25
-0.096,-2026.17,890.0,200,25
-0.094,-2048.56,890.0,200,25
-0.093,-2071.53,890.0,200,25
-0.093,-2086.31,890.0,200,25
-0.092,-2084.58,890.0,200,25
-0.092,-2070.96,890.0,200,25
-0.091,-2053.65,890.0,200,25
-0.091,-2033.63,890.0,200,25
-0.089,-2008.57,890.0,200,25
-0.086,-1978.14,890.0,200,25
-0.085,-1952.8,890.0,200,25
-0.084,-1937.02,890.0,200,25
-0.083,-1938.19,890.0,200,25
-0.083,-1952.62,890.0,200,25
-0.083,-1972.86,890.0,200,25
-0.082,-1996.29,890.0,200,25
-0.082,-2011.56,890.0,200,25
-0.081,-2011.84,890.0,200,25
-0.081,-2000.73,890.0,200,25
-0.08,-1980.57,890.0,200,25
-0.078,-1956.45,890.0,200,25
-0.077,-1931.13,890.0,200,25
-0.076,-1903.0,890.0,200,25
-0.074,-1876.03,890.0,200,25
-0.074,-1854.36,890.0,200,25
-0.073,-1845.59,890.0,200,25
-0.072,-1847.49,890.0,200,25
-0.071,-1855.86,890.0,200,25
-0.069,-1866.21,890.0,200,25
-0.066,-1871.67,890.0,200,25
-0.065,-1872.84,890.0,200,25
-0.064,-1866.76,890.0,200,25
-0.064,-1858.33,890.0,200,25
-0.063,-1841.05,890.0,200,25
-0.063,-1817.88,890.0,200,25
-0.061,-1783.02,890.0,200,25
-0.059,-1743.4,890.0,200,25
-0.058,-1713.46,890.0,200,25
-0.056,-1699.6,890.0,200,25
-0.055,-1698.51,890.0,200,25
-0.054,-1707.72,890.0,200,25
-0.053,-1723.19,890.0,200,25
-0.053,-1741.39,890.0,200,25
-0.053,-1756.8,890.0,200,25
-0.053,-1761.89,890.0,200,25
-0.053,-1757.45,890.0,200,25
-0.053,-1740.05,890.0,200,25
-0.052,-1707.44,890.0,200,25
-0.05,-1665.59,890.0,200,25
-0.048,-1619.94,890.0,200,25
-0.047,-1586.19,890.0,200,25
-0.046,-1570.92,890.0,200,25
-0.045,-1569.4,890.0,200,25
-0.045,-1570.58,890.0,200,25
-0.043,-1564.56,890.0,200,25
-0.042,-1547.23,890.0,200,25
-0.04,-1516.47,890.0,200,25
-0.038,-1476.24,890.0,200,25
-0.037,-1431.2,890.0,200,25
-0.036,-1391.37,890.0,200,25
-0.035,-1350.09,890.0,200,25
-0.034,-1310.26,890.0,200,25
-0.033,-1278.14,890.0,200,25
-0.033,-1264.09,890.0,200,25
-0.033,-1267.13,890.0,200,25
-0.033,-1276.5,890.0,200,25
-0.032,-1274.63,890.0,200,25
-0.031,-1252.15,890.0,200,25
-0.029,-1214.54,890.0,200,25
-0.028,-1171.56,890.0,200,25
-0.026,-1138.29,890.0,200,25
-0.026,-1109.68,890.0,200,25
-0.025,-1085.09,890.0,200,25
-0.025,-1050.98,890.0,200,25
-0.024,-1004.21,890.0,200,25
-0.023,-956.03,890.0,200,25
-0.022,-914.35,890.0,200,25
-0.02,-883.72,890.0,200,25
-0.019,-853.74,890.0,200,25
-0.018,-814.81,890.0,200,25
-0.016,-769.01,890.0,200,25
-0.015,-733.19,890.0,200,25
-0.014,-709.82,890.0,200,25
-0.014,-698.0,890.0,200,25
-0.014,-686.92,890.0,200,25
-0.014,-661.63,890.0,200,25
-0.013,-612.12,890.0,200,25
-0.011,-534.89,890.0,200,25
-0.01,-451.35,890.0,200,25
-0.008,-378.66,890.0,200,25
-0.007,-329.97,890.0,200,25
-0.006,-301.14,890.0,200,25
-0.005,-281.35,890.0,200,25
-0.005,-271.11,890.0,200,25
-0.005,-259.45,890.0,200,25
-0.004,-237.89,890.0,200,25
-0.003,-197.32,890.0,200,25
-0.002,-124.19,890.0,200,25
0.0,-14.89,890.0,200,25
0.002,124.02,890.0,200,25
0.003,261.88,890.0,200,25
0.005,370.59,890.0,200,25
0.006,425.98,890.0,200,25
0.006,438.62,890.0,200,25
0.005,428.78,890.0,200,25
0.007,423.95,890.0,200,25
0.007,436.62,890.0,200,25
0.007,472.05,890.0,200,25
0.008,532.56,890.0,200,25
0.01,610.81,890.0,200,25
0.011,709.45,890.0,200,25
0.012,817.95,890.0,200,25
0.013,909.98,890.0,200,25
0.014,968.51,890.0,200,25
0.014,974.03,890.0,200,25
0.013,944.47,890.0,200,25
0.013,906.87,890.0,200,25
0.014,887.44,890.0,200,25
0.014,896.36,890.0,200,25
0.015,929.53,890.0,200,25
0.016,977.35,890.0,200,25
0.017,1029.41,890.0,200,25
0.018,1083.92,890.0,200,25
0.019,1139.27,890.0,200,25
0.019,1184.4,890.0,200,25
0.02,1212.92,890.0,200,25
0.02,1221.97,890.0,200,25
0.022,1228.05,890.0,200,25
0.023,1253.06,890.0,200,25
0.026,1307.57,890.0,200,25
0.028,1386.17,890.0,200,25
0.031,1464.44,890.0,200,25
0.033,1528.36,890.0,200,25
0.034,1572.89,890.0,200,25
0.035,1608.49,890.0,200,25
0.035,1645.51,890.0,200,25
0.036,1687.38,890.0,200,25
0.038,1717.6,890.0,200,25
0.039,1738.15,890.0,200,25
0.041,1757.9,890.0,200,25
0.043,1778.66,890.0,200,25
0.045,1797.02,890.0,200,25
0.046,1814.0,890.0,200,25
0.047,1820.34,890.0,200,25
0.047,1821.89,890.0,200,25
0.048,1830.39,890.0,200,25
0.048,1860.01,890.0,200,25
0.049,1912.36,890.0,200,25
0.051,1967.52,890.0,200,25
0.053,2005.92,890.0,200,25
0.054,2019.32,890.0,200,25
0.056,2014.0,890.0,200,25
0.057,2005.11,890.0,200,25
0.058,1994.72,890.0,200,25
0.059,1983.8,890.0,200,25
0.058,1970.01,890.0,200,25
0.058,1963.46,890.0,200,25
0.058,1978.9,890.0,200,25
0.058,2019.53,890.0,200,25
0.06,2071.73,890.0,200,25
0.062,2119.54,890.0,200,25
0.063,2140.41,890.0,200,25
0.065,2134.38,890.0,200,25
0.065,2111.76,890.0,200,25
0.066,2086.9,890.0,200,25
0.066,2061.17,890.0,200,25
0.066,2042.88,890.0,200,25
0.066,2040.67,890.0,200,25
0.067,2063.39,890.0,200,25
0.068,2108.15,890.0,200,25
0.07,2162.23,890.0,200,25
0.072,2206.84,890.0,200,25
0.074,2224.95,890.0,200,25
0.075,2215.46,890.0,200,25
0.075,2190.96,890.0,200,25
0.075,2162.8,890.0,200,25
0.075,2136.46,890.0,200,25
0.075,2113.95,890.0,200,25
0.075,2102.12,890.0,200,25
0.076,2104.63,890.0,200,25
0.077,2130.77,890.0,200,25
0.079,2169.35,890.0,200,25
0.082,2205.97,890.0,200,25
0.084,2221.9,890.0,200,25
0.085,2219.45,890.0,200,25
0.086,2203.13,890.0,200,25
0.086,2185.62,890.0,200,25
0.086,2169.72,890.0,200,25
0.088,2149.17,890.0,200,25
0.09,2128.91,890.0,200,25
0.092,2117.36,890.0,200,25
0.093,2125.01,890.0,200,25
0.094,2150.56,890.0,200,25
0.095,2181.07,890.0,200,25
0.095,2201.64,890.0,200,25
0.096,2206.26,890.0,200,25
0.097,2198.21,890.0,200,25
0.098,2183.39,890.0,200,25
0.1,2163.36,890.0,200,25
0.103,2132.2,890.0,200,25
0.105,2096.53,890.0,200,25
0.106,2067.52,890.0,200,25
0.106,2059.51,890.0,200,25
0.106,2078.79,890.0,200,25
0.106,2110.66,890.0,200,25
0.105,2137.46,890.0,200,25
0.105,2147.74,890.0,200,25
0.105,2145.03,890.0,200,25
0.106,2131.98,890.0,200,25
0.107,2113.86,890.0,200,25
0.109,2085.86,890.0,200,25
0.111,2052.4,890.0,200,25
0.112,2027.15,890.0,200,25
0.113,2022.53,890.0,200,25
0.113,2044.18,890.0,200,25
0.114,2078.89,890.0,200,25
0.115,2108.31,890.0,200,25
0.116,2119.52,890.0,200,25
0.118,2115.87,890.0,200,25
0.12,2099.72,890.0,200,25
0.122,2075.61,890.0,200,25
0.124,2044.81,890.0,200,25
0.125,2009.37,890.0,200,25
0.127,1983.33,890.0,200,25
0.127,1984.13,890.0,200,25
0.127,2005.45,890.0,200,25
0.127,2044.06,890.0,200,25
0.128,2074.35,890.0,200,25
0.131,2087.63,890.0,200,25
0.133,2080.94,890.0,200,25
0.134,2066.71,890.0,200,25
0.136,2047.11,890.0,200,25
0.137,2022.74,890.0,200,25
0.138,1995.56,890.0,200,25
0.138,1974.43,890.0,200,25
0.138,1976.14,890.0,200,25
0.138,2005.94,890.0,200,25
0.138,2046.42,890.0,200,25
0.139,2081.93,890.0,200,25
0.14,2098.4,890.0,200,25
0.141,2096.98,890.0,200,25
0.142,2085.35,890.0,200,25
0.142,2070.67,890.0,200,25
0.143,2049.25,890.0,200,25
0.143,2021.55,890.0,200,25
0.143,2002.45,890.0,200,25
0.142,2002.14,890.0,200,25
0.142,2022.17,890.0,200,25
0.141,2057.58,890.0,200,25
0.141,2090.88,890.0,200,25
0.142,2110.84,890.0,200,25
0.143,2112.28,890.0,200,25
0.145,2102.71,890.0,200,25
0.145,2083.1,890.0,200,25
0.146,2055.82,890.0,200,25
0.146,2029.5,890.0,200,25
0.143,2481.25,1112.0,200,25
0.143,2473.42,1112.0,200,25
0.141,2485.62,1112.0,200,25
0.139,2518.36,1112.0,200,25
0.137,2548.29,1112.0,200,25
0.135,2569.21,1112.0,200,25
0.134,2570.25,1112.0,200,25
0.132,2554.04,1112.0,200,25
0.132,2530.47,1112.0,200,25
0.133,2498.94,1112.0,200,25
0.133,2465.88,1112.0,200,25
0.135,2439.77,1112.0,200,25
0.135,2435.23,1112.0,200,25
0.134,2454.7,1112.0,200,25
0.132,2489.59,1112.0,200,25
0.131,2524.59,1112.0,200,25
0.13,2547.58,1112.0,200,25
0.128,2554.26,1112.0,200,25
0.126,2546.06,1112.0,200,25
0.124,2530.26,1112.0,200,25
0.123,2505.63,1112.0,200,25
0.123,2476.99,1112.0,200,25
0.122,2454.13,1112.0,200,25
0.12,2447.45,1112.0,200,25
0.118,2470.18,1112.0,200,25
0.116,2504.64,1112.0,200,25
0.114,2544.05,1112.0,200,25
0.114,2567.46,1112.0,200,25
0.114,2571.75,1112.0,200,25
0.113,2559.77,1112.0,200,25
0.113,2541.71,1112.0,200,25
0.113,2515.68,1112.0,200,25
0.111,2484.2,1112.0,200,25
0.111,2454.86,1112.0,200,25
0.108,2440.69,1112.0,200,25
0.106,2452.41,1112.0,200,25
0.103,2484.94,1112.0,200,25
0.103,2521.57,1112.0,200,25
0.103,2550.36,1112.0,200,25
0.103,2555.08,1112.0,200,25
0.103,2545.37,1112.0,200,25
0.103,2525.59,1112.0,200,25
0.103,2497.8,1112.0,200,25
0.102,2464.32,1112.0,200,25
0.1,2434.68,1112.0,200,25
0.098,2419.23,1112.0,200,25
0.096,2427.0,1112.0,200,25
0.093,2458.57,1112.0,200,25
0.092,2495.43,1112.0,200,25
0.092,2525.87,1112.0,200,25
0.091,2534.58,1112.0,200,25
0.09,2525.92,1112.0,200,25
0.089,2502.83,1112.0,200,25
0.088,2477.77,1112.0,200,25
0.086,2445.09,1112.0,200,25
0.085,2413.06,1112.0,200,25
0.083,2393.01,1112.0,200,25
0.082,2394.86,1112.0,200,25
0.082,2423.72,1112.0,200,25
0.082,2465.9,1112.0,200,25
0.083,2503.03,1112.0,200,25
0.083,2518.33,1112.0,200,25
0.083,2510.3,1112.0,200,25
0.082,2486.17,1112.0,200,25
0.08,2454.91,1112.0,200,25
0.079,2421.13,1112.0,200,25
0.077,2384.29,1112.0,200,25
0.076,2357.83,1112.0,200,25
0.075,2346.03,1112.0,200,25
0.074,2354.96,1112.0,200,25
0.073,2383.25,1112.0,200,25
0.071,2412.84,1112.0,200,25
0.07,2427.7,1112.0,200,25
0.068,2415.28,1112.0,200,25
0.066,2376.96,1112.0,200,25
0.064,2332.95,1112.0,200,25
0.063,2296.01,1112.0,200,25
0.062,2272.69,1112.0,200,25
0.062,2261.76,1112.0,200,25
0.062,2261.65,1112.0,200,25
0.061,2267.12,1112.0,200,25
0.061,2279.87,1112.0,200,25
0.06,2292.99,1112.0,200,25
0.059,2307.64,1112.0,200,25
0.057,2304.75,1112.0,200,25
0.056,2279.43,1112.0,200,25
0.054,2229.55,1112.0,200,25
0.053,2175.21,1112.0,200,25
0.052,2135.1,1112.0,200,25
0.052,2112.28,1112.0,200,25
0.052,2098.91,1112.0,200,25
0.051,2081.2,1112.0,200,25
0.05,2055.51,1112.0,200,25
0.048,2028.76,1112.0,200,25
0.046,2002.66,1112.0,200,25
0.045,1989.66,1112.0,200,25
0.044,1973.5,1112.0,200,25
0.043,1951.44,1112.0,200,25
0.042,1918.72,1112.0,200,25
0.042,1885.06,1112.0,200,25
0.042,1852.13,1112.0,200,25
0.041,1819.18,1112.0,200,25
0.04,1774.78,1112.0,200,25
0.038,1721.27,1112.0,200,25
0.036,1659.11,1112.0,200,25
0.034,1611.66,1112.0,200,25
0.033,1594.75,1112.0,200,25
0.033,1610.06,1112.0,200,25
0.033,1635.76,1112.0,200,25
0.033,1650.3,1112.0,200,25
0.033,1639.86,1112.0,200,25
0.033,1605.63,1112.0,200,25
0.032,1556.75,1112.0,200,25
0.031,1498.49,1112.0,200,25
0.029,1434.17,1112.0,200,25
0.027,1364.9,1112.0,200,25
0.025,1293.62,1112.0,200,25
0.023,1242.74,1112.0,200,25
0.023,1221.52,1112.0,200,25
0.022,1228.36,1112.0,200,25
0.022,1234.18,1112.0,200,25
0.021,1208.68,1112.0,200,25
0.019,1137.17,1112.0,200,25
0.017,1030.52,1112.0,200,25
0.015,912.39,1112.0,200,25
0.013,800.22,1112.0,200,25
0.012,706.75,1112.0,200,25
0.011,640.17,1112.0,200,25
0.011,609.02,1112.0,200,25
0.011,617.77,1112.0,200,25
0.011,668.01,1112.0,200,25
0.012,740.42,1112.0,200,25
0.012,793.89,1112.0,200,25
0.012,791.7,1112.0,200,25
0.01,722.54,1112.0,200,25
0.009,608.06,1112.0,200,25
0.007,485.36,1112.0,200,25
0.006,374.04,1112.0,200,25
0.005,285.08,1112.0,200,25
0.004,221.51,1112.0,200,25
0.003,172.34,1112.0,200,25
0.002,131.16,1112.0,200,25
0.001,93.3,1112.0,200,25
0.0,59.09,1112.0,200,25
0.0,20.51,1112.0,200,25
-0.001,-33.86,1112.0,200,25
-0.002,-106.52,1112.0,200,25
-0.003,-186.04,1112.0,200,25
-0.003,-255.01,1112.0,200,25
-0.004,-307.84,1112.0,200,25
-0.004,-353.83,1112.0,200,25
-0.005,-406.44,1112.0,200,25
-0.006,-475.03,1112.0,200,25
-0.008,-551.66,1112.0,200,25
-0.009,-617.0,1112.0,200,25
-0.009,-651.13,1112.0,200,25
-0.009,-650.2,1112.0,200,25
-0.009,-628.95,1112.0,200,25
-0.009,-612.65,1112.0,200,25
-0.008,-610.78,1112.0,200,25
-0.009,-626.67,1112.0,200,25
-0.008,-655.78,1112.0,200,25
-0.01,-705.45,1112.0,200,25
-0.012,-789.21,1112.0,200,25
-0.014,-901.7,1112.0,200,25
-0.016,-1025.33,1112.0,200,25
-0.018,-1135.75,1112.0,200,25
-0.019,-1214.21,1112.0,200,25
-0.02,-1244.81,1112.0,200,25
-0.02,-1243.14,1112.0,200,25
-0.021,-1240.09,1112.0,200,25
-0.021,-1271.26,1112.0,200,25
-0.023,-1343.28,1112.0,200,25
-0.025,-1439.8,1112.0,200,25
-0.027,-1539.82,1112.0,200,25
-0.028,-1637.82,1112.0,200,25
-0.03,-1721.1,1112.0,200,25
-0.032,-1793.13,1112.0,200,25
-0.033,-1851.67,1112.0,200,25
-0.035,-1894.39,1112.0,200,25
-0.036,-1919.54,1112.0,200,25
-0.038,-1929.68,1112.0,200,25
-0.038,-1938.46,1112.0,200,25
-0.039,-1959.33,1112.0,200,25
-0.04,-2005.21,1112.0,200,25
-0.042,-2066.93,1112.0,200,25
-0.043,-2126.07,1112.0,200,25
-0.044,-2167.27,1112.0,200,25
-0.044,-2194.91,1112.0,200,25
-0.045,-2205.5,1112.0,200,25
-0.045,-2199.68,1112.0,200,25
-0.045,-2187.36,1112.0,200,25
-0.045,-2175.57,1112.0,200,25
-0.046,-2170.18,1112.0,200,25
-0.047,-2172.98,1112.0,200,25
-0.048,-2182.48,1112.0,200,25
-0.049,-2201.64,1112.0,200,25
-0.051,-2229.08,1112.0,200,25
-0.053,-2256.69,1112.0,200,25
-0.054,-2278.02,1112.0,200,25
-0.054,-2294.43,1112.0,200,25
-0.055,-2315.74,1112.0,200,25
-0.056,-2342.39,1112.0,200,25
-0.058,-2366.67,1112.0,200,25
-0.06,-2387.35,1112.0,200,25
-0.062,-2400.33,1112.0,200,25
-0.064,-2402.05,1112.0,200,25
-0.065,-2389.0,1112.0,200,25
-0.065,-2364.13,1112.0,200,25
-0.065,-2341.35,1112.0,200,25
-0.065,-2327.03,1112.0,200,25
-0.066,-2334.11,1112.0,200,25
-0.067,-2354.68,1112.0,200,25
-0.068,-2388.81,1112.0,200,25
-0.07,-2424.77,1112.0,200,25
-0.071,-2451.6,1112.0,200,25
-0.072,-2461.91,1112.0,200,25
-0.074,-2460.52,1112.0,200,25
-0.075,-2452.55,1112.0,200,25
-0.076,-2445.88,1112.0,200,25
-0.076,-2436.04,1112.0,200,25
-0.077,-2421.44,1112.0,200,25
-0.078,-2409.0,1112.0,200,25
-0.079,-2403.8,1112.0,200,25
-0.081,-2409.31,1112.0,200,25
-0.083,-2427.41,1112.0,200,25
-0.085,-2456.4,1112.0,200,25
-0.085,-2488.92,1112.0,200,25
-0.086,-2515.68,1112.0,200,25
-0.086,-2526.32,1112.0,200,25
-0.086,-2522.62,1112.0,200,25
-0.085,-2510.06,1112.0,200,25
-0.086,-2504.03,1112.0,200,25
-0.086,-2498.56,1112.0,200,25
-0.087,-2492.34,1112.0,200,25
-0.088,-2480.76,1112.0,200,25
-0.089,-2469.72,1112.0,200,25
-0.091,-2463.35,1112.0,200,25
-0.093,-2464.81,1112.0,200,25
-0.093,-2477.6,1112.0,200,25
-0.094,-2505.72,1112.0,200,25
-0.094,-2538.82,1112.0,200,25
-0.095,-2565.47,1112.0,200,25
-0.097,-2577.07,1112.0,200,25
-0.098,-2579.06,1112.0,200,25
-0.1,-2578.29,1112.0,200,25
-0.102,-2579.22,1112.0,200,25
-0.103,-2569.86,1112.0,200,25
-0.103,-2555.73,1112.0,200,25
-0.103,-2537.36,1112.0,200,25
-0.103,-2518.32,1112.0,200,25
-0.104,-2504.41,1112.0,200,25
-0.105,-2504.85,1112.0,200,25
-0.106,-2523.08,1112.0,200,25
-0.108,-2553.98,1112.0,200,25
-0.109,-2586.34,1112.0,200,25
-0.111,-2606.35,1112.0,200,25
-0.113,-2607.25,1112.0,200,25
-0.115,-2596.25,1112.0,200,25
-0.116,-2586.2,1112.0,200,25
-0.117,-2579.25,1112.0,200,25
-0.118,-2569.92,1112.0,200,25
-0.119,-2554.88,1112.0,200,25
-0.12,-2532.58,1112.0,200,25
-0.121,-2507.55,1112.0,200,25
-0.122,-2491.46,1112.0,200,25
-0.124,-2492.79,1112.0,200,25
-0.125,-2516.7,1112.0,200,25
-0.125,-2560.29,1112.0,200,25
-0.125,-2602.1,1112.0,200,25
-0.125,-2629.52,1112.0,200,25
-0.125,-2636.45,1112.0,200,25
-0.126,-2626.82,1112.0,200,25
-0.128,-2613.61,1112.0,200,25
-0.13,-2602.41,1112.0,200,25
-0.131,-2590.53,1112.0,200,25
-0.133,-2573.52,1112.0,200,25
-0.133,-2555.98,1112.0,200,25
-0.133,-2545.79,1112.0,200,25
-0.134,-2548.04,1112.0,200,25
-0.134,-2569.41,1112.0,200,25
-0.135,-2603.23,1112.0,200,25
-0.136,-2644.14,1112.0,200,25
-0.136,-2678.86,1112.0,200,25
-0.138,-2694.64,1112.0,200,25
-0.139,-2697.38,1112.0,200,25
-0.141,-2689.54,1112.0,200,25
-0.143,-2680.79,1112.0,200,25
-0.144,-2675.93,1112.0,200,25
-0.145,-2673.73,1112.0,200,25
-0.145,-2660.43,1112.0,200,25
-0.145,-2637.52,1112.0,200,25
-0.145,-2609.28,1112.0,200,25
-0.146,-2580.75,1112.0,200,25
-0.148,-2562.97,1112.0,200,25
-0.15,-2562.42,1112.0,200,25
-0.151,-2580.12,1112.0,200,25
-0.152,-2611.5,1112.0,200,25
-0.153,-2638.07,1112.0,200,25
-0.153,-2652.09,1112.0,200,25
-0.153,-2644.78,1112.0,200,25
-0.152,-2630.95,1112.0,200,25
-0.152,-2618.57,1112.0,200,25
-0.152,-2606.3,1112.0,200,25
-0.151,-2593.27,1112.0,200,25
-0.152,-2567.91,1112.0,200,25
-0.152,-2539.36,1112.0,200,25
-0.152,-2510.59,1112.0,200,25
-0.153,-2491.52,1112.0,200,25
-0.154,-2488.48,1112.0,200,25
-0.154,-2502.39,1112.0,200,25
-0.154,-2532.68,1112.0,200,25
-0.153,-2563.99,1112.0,200,25
-0.153,-2587.24,1112.0,200,25
-0.153,-2591.46,1112.0,200,25
-0.153,-2578.2,1112.0,200,25
-0.154,-2561.02,1112.0,200,25
-0.155,-2544.97,1112.0,200,25
-0.155,-2528.41,1112.0,200,25
-0.156,-2509.88,1112.0,200,25
-0.157,-2482.77,1112.0,200,25
-0.157,-2459.75,1112.0,200,25
-0.156,-2440.75,1112.0,200,25
-0.156,-2429.83,1112.0,200,25
-0.155,-2432.72,1112.0,200,25
-0.155,-2448.87,1112.0,200,25
-0.154,-2480.58,1112.0,200,25
-0.154,-2511.66,1112.0,200,25
-0.154,-2535.22,1112.0,200,25
-0.154,-2539.0,1112.0,200,25
-0.155,-2529.18,1112.0,200,25
-0.155,-2513.49,1112.0,200,25
-0.156,-2499.22,1112.0,200,25
-0.156,-2484.76,1112.0,200,25
-0.156,-2465.94,1112.0,200,25
-0.156,-2438.76,1112.0,200,25
-0.156,-2412.22,1112.0,200,25
-0.157,-2390.15,1112.0,200,25
-0.157,-2379.6,1112.0,200,25
-0.157,-2385.67,1112.0,200,25
-0.157,-2411.19,1112.0,200,25
-0.156,-2446.99,1112.0,200,25
-0.155,-2477.24,1112.0,200,25
-0.155,-2493.61,1112.0,200,25
-0.154,-2490.37,1112.0,200,25
-0.154,-2478.78,1112.0,200,25
-0.155,-2463.35,1112.0,200,25
-0.155,-2449.03,1112.0,200,25
-0.156,-2432.66,1112.0,200,25
-0.156,-2415.39,1112.0,200,25
-0.156,-2398.25,1112.0,200,25
-0.155,-2386.68,1112.0,200,25
-0.154,-2382.67,1112.0,200,25
-0.152,-2389.45,1112.0,200,25
-0.151,-2407.65,1112.0,200,25
-0.149,-2444.61,1112.0,200,25
-0.147,-2480.94,1112.0,200,25
-0.146,-2511.8,1112.0,200,25
-0.146,-2524.04,1112.0,200,25
-0.145,-2517.6,1112.0,200,25
-0.145,-2510.33,1112.0,200,25
-0.145,-2500.84,1112.0,200,25
-0.144,-2502.55,1112.0,200,25
-0.142,-2501.71,1112.0,200,25
-0.14,-2498.41,1112.0,200,25
-0.139,-2489.37,1112.0,200,25
-0.138,-2477.0,1112.0,200,25
-0.136,-2466.48,1112.0,200,25
-0.136,-2473.27,1112.0,200,25
-0.136,-2499.29,1112.0,200,25
-0.135,-2537.5,1112.0,200,25
-0.134,-2573.32,1112.0,200,25
-0.133,-2594.06,1112.0,200,25
-0.132,-2595.15,1112.0,200,25
-0.131,-2584.88,1112.0,200,25
-0.129,-2571.07,1112.0,200,25
-0.128,-2555.58,1112.0,200,25
-0.127,-2539.38,1112.0,200,25
-0.127,-2518.38,1112.0,200,25
-0.127,-2495.29,1112.0,200,25
-0.127,-2478.35,1112.0,200,25
-0.126,-2468.47,1112.0,200,25
-0.125,-2471.42,1112.0,200,25
-0.123,-2488.98,1112.0,200,25
-0.121,-2516.86,1112.0,200,25
-0.119,-2547.43,1112.0,200,25
-0.116,-2564.45,1112.0,200,25
-0.115,-2565.14,1112.0,200,25
-0.114,-2558.49,1112.0,200,25
-0.113,-2544.92,1112.0,200,25
-0.112,-2534.24,1112.0,200,25
-0.111,-2517.13,1112.0,200,25
-0.109,-2495.37,1112.0,200,25
-0.108,-2470.95,1112.0,200,25
-0.106,-2452.0,1112.0,200,25
-0.105,-2445.91,1112.0,200,25
-0.104,-2452.29,1112.0,200,25
-0.103,-2470.94,1112.0,200,25
-0.103,-2495.76,1112.0,200,25
-0.102,-2519.81,1112.0,200,25
-0.102,-2534.98,1112.0,200,25
-0.101,-2535.94,1112.0,200,25
-0.101,-2524.54,1112.0,200,25
-0.1,-2506.82,1112.0,200,25
-0.1,-2490.35,1112.0,200,25
-0.099,-2469.27,1112.0,200,25
-0.097,-2445.59,1112.0,200,25
-0.096,-2421.28,1112.0,200,25
-0.095,-2400.05,1112.0,200,25
-0.095,-2392.13,1112.0,200,25
-0.094,-2392.1,1112.0,200,25
-0.092,-2402.89,1112.0,200,25
-0.089,-2417.89,1112.0,200,25
-0.088,-2432.25,1112.0,200,25
-0.086,-2437.31,1112.0,200,25
-0.084,-2434.71,1112.0,200,25
-0.084,-2424.27,1112.0,200,25
-0.084,-2417.5,1112.0,200,25
-0.084,-2400.25,1112.0,200,25
-0.083,-2377.99,1112.0,200,25
-0.084,-2353.93,1112.0,200,25
-0.083,-2333.41,1112.0,200,25
-0.083,-2319.62,1112.0,200,25
-0.083,-2316.07,1112.0,200,25
-0.082,-2321.37,1112.0,200,25
-0.08,-2329.21,1112.0,200,25
-0.078,-2338.72,1112.0,200,25
-0.076,-2346.14,1112.0,200,25
-0.075,-2345.5,1112.0,200,25
-0.075,-2341.58,1112.0,200,25
-0.074,-2332.69,1112.0,200,25
-0.074,-2318.02,1112.0,200,25
-0.073,-2289.88,1112.0,200,25
-0.071,-2251.02,1112.0,200,25
-0.07,-2214.1,1112.0,200,25
-0.068,-2186.57,1112.0,200,25
-0.066,-2173.76,1112.0,200,25
-0.065,-2176.4,1112.0,200,25
-0.065,-2191.96,1112.0,200,25
-0.065,-2213.63,1112.0,200,25
-0.064,-2232.29,1112.0,200,25
-0.063,-2237.24,1112.0,200,25
-0.063,-2232.04,1112.0,200,25
-0.062,-2214.59,1112.0,200,25
-0.061,-2186.73,1112.0,200,25
-0.059,-2151.97,1112.0,200,25
-0.058,-2112.89,1112.0,200,25
-0.056,-2085.23,1112.0,200,25
-0.054,-2066.73,1112.0,200,25
-0.054,-2065.49,1112.0,200,25
-0.054,-2070.87,1112.0,200,25
-0.053,-2081.04,1112.0,200,25
-0.053,-2085.96,1112.0,200,25
-0.052,-2088.48,1112.0,200,25
-0.05,-2078.98,1112.0,200,25
-0.048,-2057.26,1112.0,200,25
-0.047,-2028.99,1112.0,200,25
-0.047,-2003.72,1112.0,200,25
-0.046,-1980.09,1112.0,200,25
-0.046,-1958.73,1112.0,200,25
-0.046,-1938.53,1112.0,200,25
-0.046,-1924.88,1112.0,200,25
-0.045,-1918.44,1112.0,200,25
-0.045,-1912.11,1112.0,200,25
-0.043,-1894.36,1112.0,200,25
-0.041,-1860.61,1112.0,200,25
-0.039,-1817.29,1112.0,200,25
-0.037,-1773.75,1112.0,200,25
-0.036,-1741.81,1112.0,200,25
-0.035,-1720.93,1112.0,200,25
-0.035,-1707.53,1112.0,200,25
-0.035,-1681.71,1112.0,200,25
-0.034,-1631.9,1112.0,200,25
-0.032,-1566.59,1112.0,200,25
-0.031,-1503.18,1112.0,200,25
-0.029,-1454.13,1112.0,200,25
-0.028,-1422.95,1112.0,200,25
-0.027,-1405.75,1112.0,200,25
-0.026,-1385.97,1112.0,200,25
-0.025,-1367.82,1112.0,200,25
-0.024,-1344.0,1112.0,200,25
-0.023,-1305.2,1112.0,200,25
-0.022,-1247.68,1112.0,200,25
-0.021,-1173.66,1112.0,200,25
-0.019,-1084.28,1112.0,200,25
-0.018,-996.27,1112.0,200,25
-0.017,-928.03,1112.0,200,25
-0.016,-895.65,1112.0,200,25
-0.016,-897.9,1112.0,200,25
-0.016,-913.7,1112.0,200,25
-0.015,-922.5,1112.0,200,25
-0.014,-911.58,1112.0,200,25
-0.014,-882.86,1112.0,200,25
-0.013,-837.29,1112.0,200,25
-0.012,-775.28,1112.0,200,25
-0.011,-699.41,1112.0,200,25
-0.01,-607.48,1112.0,200,25
-0.008,-505.89,1112.0,200,25
-0.007,-411.91,1112.0,200,25
-0.006,-349.54,1112.0,200,25
-0.006,-329.25,1112.0,200,25
-0.005,-321.63,1112.0,200,25
-0.005,-292.02,1112.0,200,25
-0.003,-224.22,1112.0,200,25
-0.001,-125.69,1112.0,200,25
0.0,-17.66,1112.0,200,25
0.001,78.96,1112.0,200,25
0.002,160.25,1112.0,200,25
0.002,231.4,1112.0,200,25
0.003,301.22,1112.0,200,25
0.003,366.96,1112.0,200,25
0.004,411.23,1112.0,200,25
0.004,430.82,1112.0,200,25
0.005,440.45,1112.0,200,25
0.006,472.86,1112.0,200,25
0.008,543.48,1112.0,200,25
0.009,644.33,1112.0,200,25
0.011,750.78,1112.0,200,25
0.012,843.3,1112.0,200,25
0.012,905.16,1112.0,200,25
0.012,939.85,1112.0,200,25
0.012,961.73,1112.0,200,25
0.012,982.16,1112.0,200,25
0.012,1011.04,1112.0,200,25
0.013,1042.09,1112.0,200,25
0.014,1076.4,1112.0,200,25
0.015,1113.21,1112.0,200,25
0.017,1156.67,1112.0,200,25
0.018,1202.26,1112.0,200,25
0.018,1232.51,1112.0,200,25
0.018,1244.32,1112.0,200,25
0.018,1242.52,1112.0,200,25
0.018,1255.19,1112.0,200,25
0.019,1309.31,1112.0,200,25
0.021,1406.18,1112.0,200,25
0.023,1523.02,1112.0,200,25
0.026,1630.28,1112.0,200,25
0.028,1710.29,1112.0,200,25
0.029,1758.61,1112.0,200,25
0.03,1779.25,1112.0,200,25
0.031,1776.82,1112.0,200,25
0.03,1762.13,1112.0,200,25
0.03,1750.43,1112.0,200,25
0.03,1759.95,1112.0,200,25
0.031,1804.09,1112.0,200,25
0.033,1883.2,1112.0,200,25
0.035,1989.89,1112.0,200,25
0.038,2093.83,1112.0,200,25
0.041,2175.03,1112.0,200,25
0.044,2222.64,1112.0,200,25
0.045,2247.47,1112.0,200,25
0.047,2265.51,1112.0,200,25
0.048,2295.87,1112.0,200,25
0.05,2330.45,1112.0,200,25
0.051,2373.26,1112.0,200,25
0.053,2414.62,1112.0,200,25
0.053,2455.5,1112.0,200,25
0.054,2491.43,1112.0,200,25
0.054,2513.27,1112.0,200,25
0.054,2512.08,1112.0,200,25
0.053,2482.5,1112.0,200,25
0.053,2439.92,1112.0,200,25
0.053,2401.06,1112.0,200,25
0.055,2383.83,1112.0,200,25
0.056,2388.4,1112.0,200,25
0.058,2411.49,1112.0,200,25
0.06,2445.64,1112.0,200,25
0.061,2483.38,1112.0,200,25
0.062,2526.45,1112.0,200,25
0.063,2562.27,1112.0,200,25
0.063,2584.53,1112.0,200,25
0.064,2586.79,1112.0,200,25
0.065,2574.68,1112.0,200,25
0.066,2564.14,1112.0,200,25
0.068,2560.43,1112.0,200,25
0.071,2556.23,1112.0,200,25
0.073,2545.68,1112.0,200,25
0.075,2535.41,1112.0,200,25
0.075,2531.44,1112.0,200,25
0.074,2544.34,1112.0,200,25
0.074,2568.21,1112.0,200,25
0.073,2595.4,1112.0,200,25
0.073,2604.64,1112.0,200,25
0.072,2595.32,1112.0,200,25
0.072,2578.81,1112.0,200,25
0.074,2566.23,1112.0,200,25
0.076,2554.65,1112.0,200,25
0.078,2538.37,1112.0,200,25
0.08,2517.91,1112.0,200,25
0.081,2505.25,1112.0,200,25
0.081,2513.56,1112.0,200,25
0.081,2542.41,1112.0,200,25
0.082,2580.87,1112.0,200,25
0.083,2609.56,1112.0,200,25
0.085,2615.93,1112.0,200,25
0.087,2609.92,1112.0,200,25
0.088,2592.63,1112.0,200,25
0.091,2568.9,1112.0,200,25
0.092,2535.06,1112.0,200,25
0.093,2503.57,1112.0,200,25
0.093,2486.44,1112.0,200,25
0.092,2493.62,1112.0,200,25
0.092,2526.35,1112.0,200,25
0.093,2567.81,1112.0,200,25
0.095,2596.49,1112.0,200,25
0.096,2602.89,1112.0,200,25
0.099,2591.12,1112.0,200,25
0.1,2570.6,1112.0,200,25
0.101,2547.63,1112.0,200,25
0.101,2518.35,1112.0,200,25
0.101,2489.22,1112.0,200,25
0.102,2473.54,1112.0,200,25
0.104,2481.04,1112.0,200,25
0.105,2514.37,1112.0,200,25
0.107,2546.14,1112.0,200,25
0.11,2563.74,1112.0,200,25
0.112,2565.22,1112.0,200,25
0.114,2549.61,1112.0,200,25
0.114,2527.82,1112.0,200,25
0.114,2508.05,1112.0,200,25
0.114,2482.35,1112.0,200,25
0.113,2455.28,1112.0,200,25
0.113,2435.24,1112.0,200,25
0.113,2434.42,1112.0,200,25
0.114,2456.97,1112.0,200,25
0.116,2489.18,1112.0,200,25
0.118,2517.64,1112.0,200,25
0.12,2528.97,1112.0,200,25
0.122,2522.83,1112.0,200,25
0.122,2506.53,1112.0,200,25
0.122,2484.52,1112.0,200,25
0.123,2458.56,1112.0,200,25
0.123,2428.57,1112.0,200,25
0.124,2411.04,1112.0,200,25
0.125,2416.69,1112.0,200,25
0.128,2446.4,1112.0,200,25
0.13,2489.68,1112.0,200,25
0.132,2524.38,1112.0,200,25
0.133,2540.56,1112.0,200,25
0.133,2541.38,1112.0,200,25
0.132,2533.46,1112.0,200,25
0.132,2513.76,1112.0,200,25
0.13,2484.71,1112.0,200,25
0.131,2449.59,1112.0,200,25
0.132,2421.57,1112.0,200,25
0.133,2416.05,1112.0,200,25
0.134,2438.21,1112.0,200,25
0.136,2479.28,1112.0,200,25
0.138,2517.32,1112.0,200,25
0.14,2539.92,1112.0,200,25
0.141,2544.8,1112.0,200,25
0.141,2533.26,1112.0,200,25
0.141,2509.91,1112.0,200,25
0.141,2479.39,1112.0,200,25
0.141,2447.79,1112.0,200,25
0.141,2428.14,1112.0,200,25
0.142,2431.24,1112.0,200,25
0.141,2456.81,1112.0,200,25
0.142,2496.53,1112.0,200,25
0.142,2528.89,1112.0,200,25
0.142,2541.01,1112.0,200,25
0.142,2534.38,1112.0,200,25
0.142,2514.63,1112.0,200,25
0.143,2487.82,1112.0,200,25
0.142,2454.0,1112.0,200,25
0.143,2422.49,1112.0,200,25
0.144,2401.46,1112.0,200,25
