222N,,,667N,,,890N,,,1112N,,
SR,Fx [N],,SR,Fx [N],,SR,Fx [N],,SR,Fx [N],
0.14100,433.43000,,0.13800,1611.31000,,0.14500,2123.65000,,0.14300,2481.25000,
0.14000,417.12000,,0.13800,1595.35000,,0.14500,2096.50000,,0.14300,2473.42000,
0.13900,399.70000,,0.13700,1574.63000,,0.14500,2065.85000,,0.14100,2485.62000,
0.13800,378.74000,,0.13700,1549.59000,,0.14400,2038.11000,,0.13900,2518.36000,
0.13600,361.17000,,0.13700,1520.87000,,0.14300,2025.93000,,0.13700,2548.29000,
0.13400,351.05000,,0.13600,1503.19000,,0.14200,2038.59000,,0.13500,2569.21000,
0.13200,363.98000,,0.13500,1504.76000,,0.14200,2069.83000,,0.13400,2570.25000,
0.13000,393.76000,,0.13500,1530.60000,,0.14100,2109.04000,,0.13200,2554.04000,
0.13000,426.34000,,0.13500,1567.17000,,0.14200,2138.14000,,0.13200,2530.47000,
0.13000,444.17000,,0.13600,1597.48000,,0.14200,2149.69000,,0.13300,2498.94000,
0.13000,443.39000,,0.13600,1614.88000,,0.14200,2145.86000,,0.13300,2465.88000,
0.13000,430.61000,,0.13700,1615.24000,,0.14200,2132.26000,,0.13500,2439.77000,
0.13000,414.95000,,0.13700,1602.07000,,0.14100,2110.66000,,0.13500,2435.23000,
0.12900,398.75000,,0.13800,1587.97000,,0.14100,2086.75000,,0.13400,2454.70000,
0.12700,378.79000,,0.13700,1570.50000,,0.14100,2067.36000,,0.13200,2489.59000,
0.12500,359.06000,,0.13700,1552.72000,,0.14200,2063.20000,,0.13100,2524.59000,
0.12300,348.82000,,0.13600,1544.04000,,0.14200,2083.12000,,0.13000,2547.58000,
0.12100,357.73000,,0.13500,1556.67000,,0.14300,2119.58000,,0.12800,2554.26000,
0.12000,388.00000,,0.13500,1585.54000,,0.14400,2153.65000,,0.12600,2546.06000,
0.11900,423.42000,,0.13500,1621.82000,,0.14500,2175.91000,,0.12400,2530.26000,
0.11900,442.58000,,0.13600,1649.14000,,0.14400,2175.55000,,0.12300,2505.63000,
0.11900,444.34000,,0.13700,1657.38000,,0.14300,2161.69000,,0.12300,2476.99000,
0.11900,429.44000,,0.13600,1646.46000,,0.14100,2136.88000,,0.12200,2454.13000,
0.11800,411.60000,,0.13500,1622.90000,,0.14000,2108.96000,,0.12000,2447.45000,
0.11700,395.44000,,0.13400,1598.37000,,0.13800,2077.80000,,0.11800,2470.18000,
0.11500,377.67000,,0.13200,1571.01000,,0.13700,2055.60000,,0.11600,2504.64000,
0.11400,357.13000,,0.13000,1542.52000,,0.13600,2052.77000,,0.11400,2544.05000,
0.11100,344.66000,,0.12900,1525.86000,,0.13500,2071.92000,,0.11400,2567.46000,
0.10900,350.40000,,0.12800,1529.35000,,0.13400,2106.69000,,0.11400,2571.75000,
0.10800,375.81000,,0.12800,1553.09000,,0.13400,2143.92000,,0.11300,2559.77000,
0.10800,410.31000,,0.12800,1589.09000,,0.13300,2166.63000,,0.11300,2541.71000,
0.10800,435.55000,,0.12700,1617.87000,,0.13100,2170.37000,,0.11300,2515.68000,
0.10800,440.00000,,0.12700,1629.66000,,0.12900,2160.88000,,0.11100,2484.20000,
0.10700,427.90000,,0.12600,1625.39000,,0.12700,2141.96000,,0.11100,2454.86000,
0.10600,409.88000,,0.12400,1610.62000,,0.12600,2116.22000,,0.10800,2440.69000,
0.10500,395.99000,,0.12100,1592.58000,,0.12500,2088.69000,,0.10600,2452.41000,
0.10400,380.13000,,0.11900,1571.49000,,0.12500,2065.88000,,0.10300,2484.94000,
0.10200,360.06000,,0.11800,1546.62000,,0.12500,2063.51000,,0.10300,2521.57000,
0.10100,344.82000,,0.11700,1533.30000,,0.12600,2082.52000,,0.10300,2550.36000,
0.10000,342.93000,,0.11600,1537.70000,,0.12600,2115.88000,,0.10300,2555.08000,
0.09900,363.72000,,0.11600,1561.11000,,0.12600,2150.31000,,0.10300,2545.37000,
0.09900,395.93000,,0.11600,1600.28000,,0.12500,2170.76000,,0.10300,2525.59000,
0.09900,424.48000,,0.11600,1630.67000,,0.12300,2174.70000,,0.10300,2497.80000,
0.09900,432.89000,,0.11500,1642.83000,,0.12100,2162.55000,,0.10200,2464.32000,
0.09800,424.08000,,0.11400,1633.11000,,0.11900,2143.74000,,0.10000,2434.68000,
0.09600,405.21000,,0.11100,1616.03000,,0.11800,2115.64000,,0.09800,2419.23000,
0.09400,390.71000,,0.10800,1595.87000,,0.11600,2085.48000,,0.09600,2427.00000,
0.09200,375.76000,,0.10700,1576.95000,,0.11600,2061.13000,,0.09300,2458.57000,
0.09100,357.03000,,0.10600,1553.40000,,0.11600,2054.61000,,0.09200,2495.43000,
0.09000,338.88000,,0.10600,1533.54000,,0.11500,2074.43000,,0.09200,2525.87000,
0.08900,330.13000,,0.10600,1531.33000,,0.11300,2106.80000,,0.09100,2534.58000,
0.08900,342.46000,,0.10600,1550.11000,,0.11000,2144.82000,,0.09000,2525.92000,
0.08900,373.13000,,0.10600,1581.07000,,0.10800,2169.66000,,0.08900,2502.83000,
0.08900,406.22000,,0.10600,1614.76000,,0.10700,2176.73000,,0.08800,2477.77000,
0.08900,424.29000,,0.10400,1628.22000,,0.10500,2165.79000,,0.08600,2445.09000,
0.08800,422.87000,,0.10300,1625.78000,,0.10400,2148.50000,,0.08500,2413.06000,
0.08700,406.70000,,0.10200,1612.24000,,0.10400,2125.71000,,0.08300,2393.01000,
0.08500,389.88000,,0.10000,1596.08000,,0.10400,2097.75000,,0.08200,2394.86000,
0.08400,375.95000,,0.10000,1578.68000,,0.10400,2071.64000,,0.08200,2423.72000,
0.08300,361.40000,,0.09900,1556.51000,,0.10500,2060.68000,,0.08200,2465.90000,
0.08300,343.32000,,0.09900,1533.13000,,0.10500,2070.88000,,0.08300,2503.03000,
0.08200,329.14000,,0.09900,1522.61000,,0.10300,2103.21000,,0.08300,2518.33000,
0.08000,326.25000,,0.09700,1530.94000,,0.10200,2141.64000,,0.08300,2510.30000,
0.08000,343.86000,,0.09600,1559.43000,,0.10100,2165.68000,,0.08200,2486.17000,
0.07800,372.77000,,0.09400,1590.79000,,0.09900,2168.98000,,0.08000,2454.91000,
0.07600,397.30000,,0.09100,1609.52000,,0.09600,2157.13000,,0.07900,2421.13000,
0.07500,404.80000,,0.08900,1609.06000,,0.09400,2140.67000,,0.07700,2384.29000,
0.07400,394.55000,,0.08800,1588.49000,,0.09300,2121.17000,,0.07600,2357.83000,
0.07200,378.21000,,0.08600,1566.86000,,0.09300,2098.57000,,0.07500,2346.03000,
0.07100,361.42000,,0.08600,1547.17000,,0.09300,2070.29000,,0.07400,2354.96000,
0.07000,349.38000,,0.08700,1531.63000,,0.09200,2048.34000,,0.07300,2383.25000,
0.07100,332.07000,,0.08800,1511.28000,,0.09100,2043.92000,,0.07100,2412.84000,
0.07000,315.85000,,0.08800,1495.28000,,0.08900,2063.57000,,0.07000,2427.70000,
0.06800,306.34000,,0.08700,1493.07000,,0.08700,2099.31000,,0.06800,2415.28000,
0.06700,312.80000,,0.08600,1510.38000,,0.08600,2132.63000,,0.06600,2376.96000,
0.06500,336.37000,,0.08400,1540.58000,,0.08500,2149.33000,,0.06400,2332.95000,
0.06300,363.43000,,0.08200,1565.15000,,0.08500,2147.32000,,0.06300,2296.01000,
0.06200,383.78000,,0.08000,1573.33000,,0.08500,2132.61000,,0.06200,2272.69000,
0.06200,386.97000,,0.07800,1560.84000,,0.08500,2112.85000,,0.06200,2261.76000,
0.06100,376.41000,,0.07700,1538.77000,,0.08400,2084.48000,,0.06200,2261.65000,
0.06200,362.13000,,0.07700,1513.59000,,0.08400,2051.13000,,0.06100,2267.12000,
0.06200,352.64000,,0.07600,1488.29000,,0.08200,2017.81000,,0.06100,2279.87000,
0.06200,342.67000,,0.07600,1457.52000,,0.08000,1993.34000,,0.06000,2292.99000,
0.06200,328.47000,,0.07500,1426.72000,,0.07700,1992.52000,,0.05900,2307.64000,
0.06100,310.11000,,0.07300,1403.98000,,0.07500,2012.18000,,0.05700,2304.75000,
0.05900,302.07000,,0.07100,1402.86000,,0.07400,2040.57000,,0.05600,2279.43000,
0.05700,309.03000,,0.06900,1422.00000,,0.07300,2063.22000,,0.05400,2229.55000,
0.05500,331.87000,,0.06800,1450.27000,,0.07300,2068.62000,,0.05300,2175.21000,
0.05400,360.43000,,0.06800,1474.34000,,0.07300,2060.01000,,0.05200,2135.10000,
0.05300,376.25000,,0.06700,1479.48000,,0.07400,2044.65000,,0.05200,2112.28000,
0.05300,376.06000,,0.06800,1469.74000,,0.07400,2029.25000,,0.05200,2098.91000,
0.05100,360.17000,,0.06700,1449.55000,,0.07400,2009.94000,,0.05100,2081.20000,
0.05100,343.42000,,0.06800,1430.59000,,0.07400,1982.16000,,0.05000,2055.51000,
0.05000,329.06000,,0.06600,1407.48000,,0.07300,1957.40000,,0.04800,2028.76000,
0.04900,317.26000,,0.06600,1378.14000,,0.07100,1942.93000,,0.04600,2002.66000,
0.04700,298.66000,,0.06400,1352.01000,,0.06800,1949.50000,,0.04500,1989.66000,
0.04500,278.67000,,0.06200,1333.40000,,0.06700,1972.27000,,0.04400,1973.50000,
0.04300,269.84000,,0.06000,1340.28000,,0.06600,1997.66000,,0.04300,1951.44000,
0.04200,281.14000,,0.05900,1369.07000,,0.06400,2010.69000,,0.04200,1918.72000,
0.04100,307.18000,,0.05800,1406.28000,,0.06300,2001.26000,,0.04200,1885.06000,
0.04100,338.96000,,0.05800,1431.01000,,0.06200,1968.57000,,0.04200,1852.13000,
0.04200,357.30000,,0.05800,1429.84000,,0.06100,1922.30000,,0.04100,1819.18000,
0.04200,355.13000,,0.05600,1400.23000,,0.05900,1871.50000,,0.04000,1774.78000,
0.04200,338.61000,,0.05500,1356.50000,,0.05700,1822.22000,,0.03800,1721.27000,
0.04100,318.95000,,0.05300,1311.46000,,0.05600,1783.32000,,0.03600,1659.11000,
0.03900,302.79000,,0.05200,1266.42000,,0.05400,1757.48000,,0.03400,1611.66000,
0.03700,288.56000,,0.05000,1226.77000,,0.05300,1756.81000,,0.03300,1594.75000,
0.03600,269.82000,,0.04900,1195.50000,,0.05300,1778.34000,,0.03300,1610.06000,
0.03500,253.85000,,0.04700,1180.61000,,0.05300,1816.18000,,0.03300,1635.76000,
0.03400,250.15000,,0.04600,1186.08000,,0.05300,1844.19000,,0.03300,1650.30000,
0.03300,262.74000,,0.04600,1211.20000,,0.05200,1840.51000,,0.03300,1639.86000,
0.03200,290.40000,,0.04600,1243.52000,,0.05100,1796.29000,,0.03300,1605.63000,
0.03200,316.20000,,0.04600,1258.73000,,0.04800,1724.87000,,0.03200,1556.75000,
0.03100,330.37000,,0.04500,1244.34000,,0.04700,1652.23000,,0.03100,1498.49000,
0.03000,325.74000,,0.04400,1199.24000,,0.04500,1600.29000,,0.02900,1434.17000,
0.02800,303.17000,,0.04200,1138.46000,,0.04500,1572.67000,,0.02700,1364.90000,
0.02600,278.18000,,0.04000,1081.79000,,0.04500,1561.02000,,0.02500,1293.62000,
0.02400,255.98000,,0.03900,1039.28000,,0.04500,1560.47000,,0.02300,1242.74000,
0.02300,240.33000,,0.03700,1012.83000,,0.04400,1562.00000,,0.02300,1221.52000,
0.02200,224.92000,,0.03700,1007.30000,,0.04300,1564.32000,,0.02200,1228.36000,
0.02200,211.22000,,0.03800,1026.79000,,0.04200,1560.42000,,0.02200,1234.18000,
0.02100,206.52000,,0.03900,1060.59000,,0.04000,1548.63000,,0.02100,1208.68000,
0.02100,215.29000,,0.03900,1106.49000,,0.03800,1511.04000,,0.01900,1137.17000,
0.02100,238.13000,,0.03900,1138.40000,,0.03600,1453.83000,,0.01700,1030.52000,
0.02100,262.21000,,0.03800,1139.21000,,0.03500,1391.04000,,0.01500,912.39000,
0.02000,276.01000,,0.03700,1105.66000,,0.03500,1347.23000,,0.01300,800.22000,
0.01900,271.13000,,0.03500,1041.78000,,0.03600,1335.82000,,0.01200,706.75000,
0.01700,245.63000,,0.03200,970.26000,,0.03600,1346.64000,,0.01100,640.17000,
0.01600,215.73000,,0.03100,908.98000,,0.03600,1356.74000,,0.01100,609.02000,
0.01400,193.38000,,0.02900,867.87000,,0.03700,1354.43000,,0.01100,617.77000,
0.01400,177.84000,,0.02900,840.67000,,0.03600,1341.66000,,0.01100,668.01000,
0.01400,166.98000,,0.02800,827.91000,,0.03400,1317.76000,,0.01200,740.42000,
0.01400,157.56000,,0.02700,820.75000,,0.03200,1297.85000,,0.01200,793.89000,
0.01300,152.17000,,0.02600,823.60000,,0.03000,1268.46000,,0.01200,791.70000,
0.01300,153.69000,,0.02500,828.98000,,0.02900,1230.14000,,0.01000,722.54000,
0.01200,158.78000,,0.02400,831.80000,,0.02700,1173.19000,,0.00900,608.06000,
0.01000,168.42000,,0.02300,818.96000,,0.02500,1110.60000,,0.00700,485.36000,
0.01000,172.90000,,0.02200,783.34000,,0.02500,1067.97000,,0.00600,374.04000,
0.00800,164.62000,,0.02100,733.09000,,0.02500,1044.60000,,0.00500,285.08000,
0.00600,138.12000,,0.01900,675.91000,,0.02500,1031.34000,,0.00400,221.51000,
0.00500,101.43000,,0.01700,625.15000,,0.02400,1007.40000,,0.00300,172.34000,
0.00400,73.09000,,0.01700,583.73000,,0.02300,960.87000,,0.00200,131.16000,
0.00400,58.75000,,0.01500,542.72000,,0.02000,896.42000,,0.00100,93.30000,
0.00400,51.87000,,0.01400,498.28000,,0.01800,830.29000,,0.00000,59.09000,
0.00500,43.18000,,0.01200,451.32000,,0.01600,780.66000,,0.00000,20.51000,
0.00400,25.76000,,0.01100,409.51000,,0.01500,748.81000,,-0.00100,-33.86000,
0.00200,1.98000,,0.00900,386.98000,,0.01400,724.71000,,-0.00200,-106.52000,
0.00000,-20.52000,,0.00900,394.17000,,0.01300,695.86000,,-0.00300,-186.04000,
-0.00200,-28.84000,,0.00900,418.98000,,0.01200,657.71000,,-0.00300,-255.01000,
-0.00200,-24.60000,,0.00900,441.33000,,0.01200,620.42000,,-0.00400,-307.84000,
-0.00300,-9.22000,,0.00900,442.53000,,0.01100,585.62000,,-0.00400,-353.83000,
-0.00300,-3.28000,,0.01000,420.66000,,0.01100,546.58000,,-0.00500,-406.44000,
-0.00300,-13.59000,,0.00900,385.91000,,0.00900,490.00000,,-0.00600,-475.03000,
-0.00400,-40.70000,,0.00800,338.44000,,0.00800,420.57000,,-0.00800,-551.66000,
-0.00500,-73.24000,,0.00700,276.12000,,0.00600,345.62000,,-0.00900,-617.00000,
-0.00600,-110.77000,,0.00500,200.04000,,0.00500,287.05000,,-0.00900,-651.13000,
-0.00700,-150.13000,,0.00300,119.40000,,0.00400,267.66000,,-0.00900,-650.20000,
-0.00900,-184.78000,,0.00100,44.11000,,0.00500,287.87000,,-0.00900,-628.95000,
-0.01100,-210.71000,,0.00000,-2.79000,,0.00500,317.72000,,-0.00900,-612.65000,
-0.01300,-225.44000,,-0.00100,-15.47000,,0.00400,319.15000,,-0.00800,-610.78000,
-0.01400,-224.32000,,0.00000,-1.44000,,0.00300,270.15000,,-0.00900,-626.67000,
-0.01500,-206.53000,,0.00000,8.17000,,0.00300,184.80000,,-0.00800,-655.78000,
-0.01400,-181.33000,,-0.00100,-11.84000,,0.00100,86.69000,,-0.01000,-705.45000,
-0.01400,-167.53000,,-0.00200,-69.52000,,0.00000,0.96000,,-0.01200,-789.21000,
-0.01500,-178.18000,,-0.00300,-141.23000,,-0.00100,-67.20000,,-0.01400,-901.70000,
-0.01700,-211.13000,,-0.00400,-213.49000,,-0.00200,-117.02000,,-0.01600,-1025.33000,
-0.01800,-252.53000,,-0.00500,-272.95000,,-0.00200,-153.05000,,-0.01800,-1135.75000,
-0.02000,-293.32000,,-0.00500,-318.92000,,-0.00300,-178.31000,,-0.01900,-1214.21000,
-0.02100,-327.85000,,-0.00600,-351.01000,,-0.00300,-194.41000,,-0.02000,-1244.81000,
-0.02200,-352.94000,,-0.00600,-367.66000,,-0.00400,-195.79000,,-0.02000,-1243.14000,
-0.02300,-367.58000,,-0.00600,-370.26000,,-0.00400,-200.95000,,-0.02100,-1240.09000,
-0.02500,-372.08000,,-0.00700,-354.05000,,-0.00500,-231.75000,,-0.02100,-1271.26000,
-0.02600,-368.02000,,-0.00600,-330.91000,,-0.00600,-297.36000,,-0.02300,-1343.28000,
-0.02800,-360.06000,,-0.00700,-320.74000,,-0.00700,-379.71000,,-0.02500,-1439.80000,
-0.02900,-349.39000,,-0.00700,-348.26000,,-0.00700,-449.18000,,-0.02700,-1539.82000,
-0.03100,-340.61000,,-0.00900,-407.87000,,-0.00700,-480.37000,,-0.02800,-1637.82000,
-0.03200,-339.65000,,-0.01000,-479.16000,,-0.00600,-477.97000,,-0.03000,-1721.10000,
-0.03300,-347.10000,,-0.01100,-536.94000,,-0.00500,-455.82000,,-0.03200,-1793.13000,
-0.03500,-360.76000,,-0.01100,-582.85000,,-0.00500,-434.89000,,-0.03300,-1851.67000,
-0.03500,-376.27000,,-0.01200,-621.28000,,-0.00600,-424.06000,,-0.03500,-1894.39000,
-0.03600,-397.72000,,-0.01300,-662.09000,,-0.00600,-436.45000,,-0.03600,-1919.54000,
-0.03500,-417.37000,,-0.01400,-709.01000,,-0.00700,-462.58000,,-0.03800,-1929.68000,
-0.03500,-431.35000,,-0.01600,-757.04000,,-0.00800,-498.95000,,-0.03800,-1938.46000,
-0.03500,-434.25000,,-0.01800,-803.69000,,-0.01000,-554.62000,,-0.03900,-1959.33000,
-0.03500,-427.51000,,-0.02000,-839.80000,,-0.01100,-635.71000,,-0.04000,-2005.21000,
-0.03700,-420.26000,,-0.02100,-864.76000,,-0.01300,-739.75000,,-0.04200,-2066.93000,
-0.03900,-412.13000,,-0.02200,-885.37000,,-0.01500,-847.61000,,-0.04300,-2126.07000,
-0.04000,-402.56000,,-0.02300,-908.63000,,-0.01600,-939.52000,,-0.04400,-2167.27000,
-0.04200,-387.31000,,-0.02300,-933.37000,,-0.01800,-1012.34000,,-0.04400,-2194.91000,
-0.04300,-372.39000,,-0.02400,-958.42000,,-0.01900,-1074.30000,,-0.04500,-2205.50000,
-0.04400,-363.56000,,-0.02500,-983.32000,,-0.02000,-1136.65000,,-0.04500,-2199.68000,
-0.04500,-363.64000,,-0.02600,-1011.06000,,-0.02200,-1198.90000,,-0.04500,-2187.36000,
-0.04500,-380.70000,,-0.02700,-1054.46000,,-0.02400,-1256.22000,,-0.04500,-2175.57000,
-0.04600,-409.56000,,-0.02900,-1101.41000,,-0.02600,-1296.92000,,-0.04600,-2170.18000,
-0.04600,-443.09000,,-0.03200,-1150.25000,,-0.02700,-1315.16000,,-0.04700,-2172.98000,
-0.04700,-467.17000,,-0.03400,-1194.04000,,-0.02800,-1319.30000,,-0.04800,-2182.48000,
-0.04900,-475.90000,,-0.03700,-1229.71000,,-0.02800,-1330.73000,,-0.04900,-2201.64000,
-0.05000,-466.47000,,-0.03900,-1251.01000,,-0.02900,-1360.35000,,-0.05100,-2229.08000,
-0.05200,-453.29000,,-0.04000,-1261.38000,,-0.03100,-1417.24000,,-0.05300,-2256.69000,
-0.05400,-439.92000,,-0.04200,-1267.84000,,-0.03300,-1481.14000,,-0.05400,-2278.02000,
-0.05500,-422.50000,,-0.04300,-1278.35000,,-0.03500,-1549.13000,,-0.05400,-2294.43000,
-0.05600,-406.19000,,-0.04400,-1298.74000,,-0.03700,-1612.42000,,-0.05500,-2315.74000,
-0.05700,-388.18000,,-0.04400,-1322.70000,,-0.03900,-1671.29000,,-0.05600,-2342.39000,
-0.05800,-379.15000,,-0.04500,-1348.00000,,-0.04100,-1714.56000,,-0.05800,-2366.67000,
-0.06000,-380.44000,,-0.04600,-1376.72000,,-0.04200,-1736.97000,,-0.06000,-2387.35000,
-0.06200,-401.11000,,-0.04700,-1405.08000,,-0.04300,-1738.44000,,-0.06200,-2400.33000,
-0.06400,-434.65000,,-0.04700,-1426.57000,,-0.04300,-1723.70000,,-0.06400,-2402.05000,
-0.06500,-473.64000,,-0.04800,-1430.18000,,-0.04400,-1705.76000,,-0.06500,-2389.00000,
-0.06600,-497.71000,,-0.05000,-1417.54000,,-0.04300,-1689.76000,,-0.06500,-2364.13000,
-0.06700,-500.37000,,-0.05000,-1395.91000,,-0.04400,-1689.35000,,-0.06500,-2341.35000,
-0.06800,-484.88000,,-0.04900,-1372.58000,,-0.04600,-1718.00000,,-0.06500,-2327.03000,
-0.06800,-462.64000,,-0.05000,-1354.34000,,-0.04800,-1766.98000,,-0.06600,-2334.11000,
-0.06900,-446.00000,,-0.05100,-1353.75000,,-0.05000,-1822.06000,,-0.06700,-2354.68000,
-0.06900,-433.42000,,-0.05300,-1371.57000,,-0.05100,-1867.46000,,-0.06800,-2388.81000,
-0.06900,-418.05000,,-0.05500,-1401.83000,,-0.05200,-1892.22000,,-0.07000,-2424.77000,
-0.07000,-400.68000,,-0.05600,-1437.86000,,-0.05200,-1898.21000,,-0.07100,-2451.60000,
-0.07100,-386.84000,,-0.05700,-1465.17000,,-0.05200,-1891.25000,,-0.07200,-2461.91000,
-0.07400,-380.71000,,-0.05700,-1487.92000,,-0.05200,-1881.79000,,-0.07400,-2460.52000,
-0.07400,-388.95000,,-0.05700,-1502.86000,,-0.05300,-1885.24000,,-0.07500,-2452.55000,
-0.07500,-412.97000,,-0.05800,-1512.17000,,-0.05500,-1899.54000,,-0.07600,-2445.88000,
-0.07500,-446.91000,,-0.05900,-1510.39000,,-0.05600,-1914.05000,,-0.07600,-2436.04000,
-0.07500,-478.37000,,-0.06100,-1507.65000,,-0.05800,-1924.63000,,-0.07700,-2421.44000,
-0.07500,-494.78000,,-0.06300,-1507.99000,,-0.06000,-1928.55000,,-0.07800,-2409.00000,
-0.07600,-489.10000,,-0.06400,-1510.84000,,-0.06100,-1934.19000,,-0.07900,-2403.80000,
-0.07700,-471.83000,,-0.06600,-1506.80000,,-0.06200,-1935.78000,,-0.08100,-2409.31000,
-0.08000,-452.20000,,-0.06700,-1497.96000,,-0.06200,-1945.13000,,-0.08300,-2427.41000,
-0.08200,-439.04000,,-0.06800,-1489.25000,,-0.06200,-1952.87000,,-0.08500,-2456.40000,
-0.08400,-426.11000,,-0.06900,-1487.97000,,-0.06200,-1965.80000,,-0.08500,-2488.92000,
-0.08500,-410.93000,,-0.07000,-1499.14000,,-0.06200,-1982.63000,,-0.08600,-2515.68000,
-0.08600,-397.11000,,-0.07000,-1522.36000,,-0.06300,-1991.63000,,-0.08600,-2526.32000,
-0.08700,-384.15000,,-0.07100,-1551.38000,,-0.06400,-1997.36000,,-0.08600,-2522.62000,
-0.08800,-381.00000,,-0.07100,-1576.82000,,-0.06700,-2004.12000,,-0.08500,-2510.06000,
-0.08800,-392.90000,,-0.07300,-1587.49000,,-0.06900,-2008.25000,,-0.08600,-2504.03000,
-0.08800,-421.45000,,-0.07400,-1583.83000,,-0.07100,-2005.29000,,-0.08600,-2498.56000,
-0.08800,-459.32000,,-0.07600,-1571.55000,,-0.07200,-1993.52000,,-0.08700,-2492.34000,
-0.08900,-486.43000,,-0.07800,-1562.48000,,-0.07300,-1975.12000,,-0.08800,-2480.76000,
-0.09000,-491.31000,,-0.07900,-1551.02000,,-0.07300,-1961.41000,,-0.08900,-2469.72000,
-0.09200,-474.61000,,-0.08000,-1536.49000,,-0.07300,-1956.70000,,-0.09100,-2463.35000,
-0.09400,-450.35000,,-0.08100,-1520.88000,,-0.07400,-1965.43000,,-0.09300,-2464.81000,
-0.09500,-433.31000,,-0.08200,-1507.43000,,-0.07400,-1987.52000,,-0.09300,-2477.60000,
-0.09600,-414.91000,,-0.08300,-1499.19000,,-0.07400,-2020.36000,,-0.09400,-2505.72000,
-0.09600,-403.18000,,-0.08400,-1506.62000,,-0.07600,-2053.06000,,-0.09400,-2538.82000,
-0.09600,-387.78000,,-0.08500,-1528.67000,,-0.07700,-2076.16000,,-0.09500,-2565.47000,
-0.09700,-373.83000,,-0.08600,-1559.15000,,-0.07900,-2088.15000,,-0.09700,-2577.07000,
-0.09900,-364.85000,,-0.08700,-1590.38000,,-0.08100,-2087.47000,,-0.09800,-2579.06000,
-0.10100,-369.35000,,-0.08800,-1610.08000,,-0.08300,-2083.55000,,-0.10000,-2578.29000,
-0.10300,-387.34000,,-0.08900,-1611.00000,,-0.08400,-2073.08000,,-0.10200,-2579.22000,
-0.10400,-420.28000,,-0.09000,-1601.75000,,-0.08500,-2054.42000,,-0.10300,-2569.86000,
-0.10500,-454.16000,,-0.09100,-1586.04000,,-0.08600,-2030.53000,,-0.10300,-2555.73000,
-0.10600,-477.90000,,-0.09200,-1575.36000,,-0.08500,-2011.91000,,-0.10300,-2537.36000,
-0.10600,-475.78000,,-0.09300,-1562.78000,,-0.08500,-2004.92000,,-0.10300,-2518.32000,
-0.10600,-457.81000,,-0.09400,-1545.00000,,-0.08600,-2013.08000,,-0.10400,-2504.41000,
-0.10800,-433.11000,,-0.09400,-1527.61000,,-0.08800,-2034.99000,,-0.10500,-2504.85000,
-0.10900,-411.89000,,-0.09500,-1513.41000,,-0.08900,-2069.72000,,-0.10600,-2523.08000,
-0.11100,-396.60000,,-0.09700,-1513.84000,,-0.09100,-2101.06000,,-0.10800,-2553.98000,
-0.11200,-385.11000,,-0.09800,-1526.06000,,-0.09100,-2128.56000,,-0.10900,-2586.34000,
-0.11300,-369.40000,,-0.10000,-1550.62000,,-0.09200,-2135.08000,,-0.11100,-2606.35000,
-0.11400,-353.96000,,-0.10000,-1584.74000,,-0.09200,-2129.38000,,-0.11300,-2607.25000,
-0.11600,-343.48000,,-0.10100,-1615.93000,,-0.09200,-2120.57000,,-0.11500,-2596.25000,
-0.11600,-344.80000,,-0.10100,-1632.81000,,-0.09300,-2112.24000,,-0.11600,-2586.20000,
-0.11700,-359.88000,,-0.10100,-1630.96000,,-0.09400,-2104.00000,,-0.11700,-2579.25000,
-0.11700,-391.12000,,-0.10100,-1620.30000,,-0.09400,-2092.50000,,-0.11800,-2569.92000,
-0.11700,-425.06000,,-0.10300,-1608.05000,,-0.09600,-2079.22000,,-0.11900,-2554.88000,
-0.11800,-451.76000,,-0.10400,-1597.40000,,-0.09700,-2065.02000,,-0.12000,-2532.58000,
-0.11900,-455.08000,,-0.10500,-1584.62000,,-0.09900,-2057.08000,,-0.12100,-2507.55000,
-0.12100,-438.48000,,-0.10700,-1568.20000,,-0.10100,-2062.90000,,-0.12200,-2491.46000,
-0.12300,-414.44000,,-0.10800,-1549.80000,,-0.10200,-2083.34000,,-0.12400,-2492.79000,
-0.12500,-392.66000,,-0.10800,-1533.35000,,-0.10300,-2114.19000,,-0.12500,-2516.70000,
-0.12600,-380.32000,,-0.11000,-1527.30000,,-0.10400,-2146.94000,,-0.12500,-2560.29000,
-0.12600,-370.62000,,-0.11100,-1534.93000,,-0.10500,-2166.57000,,-0.12500,-2602.10000,
-0.12600,-359.74000,,-0.11000,-1558.26000,,-0.10600,-2169.67000,,-0.12500,-2629.52000,
-0.12600,-346.67000,,-0.11000,-1591.42000,,-0.10700,-2159.17000,,-0.12500,-2636.45000,
-0.12700,-336.89000,,-0.11100,-1618.53000,,-0.10900,-2151.33000,,-0.12600,-2626.82000,
-0.12800,-334.73000,,-0.11200,-1634.98000,,-0.11000,-2140.94000,,-0.12800,-2613.61000,
-0.13000,-347.32000,,-0.11400,-1629.67000,,-0.11000,-2129.58000,,-0.13000,-2602.41000,
-0.13100,-372.17000,,-0.11600,-1614.16000,,-0.11100,-2110.01000,,-0.13100,-2590.53000,
-0.13300,-407.81000,,-0.11800,-1597.20000,,-0.11100,-2086.88000,,-0.13300,-2573.52000,
-0.13400,-436.13000,,-0.11900,-1585.47000,,-0.11000,-2065.20000,,-0.13300,-2555.98000,
-0.13400,-447.02000,,-0.12000,-1569.46000,,-0.11100,-2055.99000,,-0.13300,-2545.79000,
-0.13500,-437.47000,,-0.12100,-1550.97000,,-0.11200,-2063.14000,,-0.13400,-2548.04000,
-0.13600,-416.94000,,-0.12000,-1532.28000,,-0.11400,-2084.69000,,-0.13400,-2569.41000,
-0.13600,-400.35000,,-0.12000,-1517.47000,,-0.11500,-2116.54000,,-0.13500,-2603.23000,
-0.13600,-387.39000,,-0.12100,-1513.80000,,-0.11600,-2142.81000,,-0.13600,-2644.14000,
-0.13700,-378.76000,,-0.12200,-1527.14000,,-0.11800,-2157.09000,,-0.13600,-2678.86000,
-0.13700,-368.57000,,-0.12400,-1553.42000,,-0.11900,-2152.02000,,-0.13800,-2694.64000,
-0.13700,-356.54000,,-0.12500,-1585.46000,,-0.12100,-2141.98000,,-0.13900,-2697.38000,
-0.13800,-345.78000,,-0.12600,-1614.41000,,-0.12200,-2132.39000,,-0.14100,-2689.54000,
-0.14000,-341.81000,,-0.12700,-1627.26000,,-0.12300,-2126.38000,,-0.14300,-2680.79000,
-0.14200,-348.35000,,-0.12800,-1625.73000,,-0.12300,-2116.75000,,-0.14400,-2675.93000,
-0.14300,-366.02000,,-0.12900,-1611.96000,,-0.12300,-2096.52000,,-0.14500,-2673.73000,
-0.14300,-394.85000,,-0.13100,-1597.47000,,-0.12400,-2074.57000,,-0.14500,-2660.43000,
-0.14400,-429.30000,,-0.13100,-1585.93000,,-0.12600,-2054.85000,,-0.14500,-2637.52000,
-0.14400,-453.72000,,-0.13200,-1571.67000,,-0.12800,-2041.93000,,-0.14500,-2609.28000,
-0.14400,-455.35000,,-0.13300,-1554.00000,,-0.12900,-2049.03000,,-0.14600,-2580.75000,
-0.14600,-442.33000,,-0.13400,-1536.01000,,-0.13100,-2071.66000,,-0.14800,-2562.97000,
-0.14700,-419.73000,,-0.13600,-1523.15000,,-0.13100,-2109.07000,,-0.15000,-2562.42000,
-0.14900,-401.42000,,-0.13700,-1521.94000,,-0.13200,-2145.38000,,-0.15100,-2580.12000,
-0.15200,-391.04000,,-0.13800,-1536.53000,,-0.13300,-2165.30000,,-0.15200,-2611.50000,
-0.15400,-382.16000,,-0.13900,-1563.00000,,-0.13400,-2165.69000,,-0.15300,-2638.07000,
-0.15600,-372.99000,,-0.14000,-1597.74000,,-0.13500,-2155.98000,,-0.15300,-2652.09000,
-0.15700,-360.96000,,-0.14000,-1630.71000,,-0.13700,-2140.09000,,-0.15300,-2644.78000,
-0.15700,-348.96000,,-0.13900,-1648.86000,,-0.13900,-2132.43000,,-0.15200,-2630.95000,
-0.15800,-344.42000,,-0.14000,-1652.78000,,-0.14100,-2125.19000,,-0.15200,-2618.57000,
-0.15500,-433.84000,,-0.14100,-1647.22000,,-0.14200,-2114.65000,,-0.15200,-2606.30000,
-0.15400,-462.72000,,-0.14300,-1634.28000,,-0.14200,-2098.52000,,-0.15100,-2593.27000,
-0.15300,-472.91000,,-0.14500,-1627.39000,,-0.14300,-2085.80000,,-0.15200,-2567.91000,
-0.15300,-462.61000,,-0.14800,-1618.64000,,-0.14300,-2078.78000,,-0.15200,-2539.36000,
-0.15300,-438.60000,,-0.14900,-1609.49000,,-0.14300,-2081.94000,,-0.15200,-2510.59000,
-0.15300,-417.10000,,-0.15000,-1594.79000,,-0.14300,-2099.45000,,-0.15300,-2491.52000,
-0.15300,-401.43000,,-0.15100,-1579.78000,,-0.14300,-2129.12000,,-0.15400,-2488.48000,
-0.15400,-389.14000,,-0.15100,-1566.89000,,-0.14300,-2162.11000,,-0.15400,-2502.39000,
-0.15300,-376.04000,,-0.15200,-1565.06000,,-0.14300,-2189.08000,,-0.15400,-2532.68000,
-0.15200,-365.10000,,-0.15300,-1578.44000,,-0.14400,-2199.45000,,-0.15300,-2563.99000,
-0.15200,-353.46000,,-0.15400,-1606.11000,,-0.14700,-2195.79000,,-0.15300,-2587.24000,
-0.15300,-346.24000,,-0.15500,-1637.48000,,-0.14800,-2182.10000,,-0.15300,-2591.46000,
-0.15200,-348.95000,,-0.15600,-1661.99000,,-0.15000,-2172.71000,,-0.15300,-2578.20000,
-0.15300,-363.32000,,-0.15800,-1670.66000,,-0.15200,-2163.52000,,-0.15400,-2561.02000,
-0.15200,-392.35000,,-0.16000,-1663.08000,,-0.15300,-2149.78000,,-0.15500,-2544.97000,
-0.15200,-427.69000,,-0.16200,-1646.85000,,-0.15300,-2131.74000,,-0.15500,-2528.41000,
-0.15200,-455.09000,,-0.16300,-1629.83000,,-0.15200,-2110.20000,,-0.15600,-2509.88000,
-0.15200,-462.02000,,-0.16300,-1615.95000,,-0.15200,-2092.22000,,-0.15700,-2482.77000,
-0.15100,-449.55000,,-0.16300,-1586.15000,,-0.15100,-2087.23000,,-0.15700,-2459.75000,
-0.15100,-426.43000,,-0.16200,-1570.02000,,-0.15100,-2096.25000,,-0.15600,-2440.75000,
-0.15100,-405.69000,,-0.16100,-1553.18000,,-0.15100,-2120.88000,,-0.15600,-2429.83000,
-0.15000,-393.41000,,-0.16000,-1547.43000,,-0.15100,-2156.66000,,-0.15500,-2432.72000,
-0.14800,-383.94000,,-0.16000,-1552.32000,,-0.15200,-2187.07000,,-0.15500,-2448.87000,
-0.14700,-375.10000,,-0.16000,-1570.61000,,-0.15200,-2203.70000,,-0.15400,-2480.58000,
-0.14500,-363.06000,,-0.16000,-1597.98000,,-0.15300,-2198.58000,,-0.15400,-2511.66000,
-0.14400,-352.03000,,-0.16000,-1624.23000,,-0.15300,-2185.69000,,-0.15400,-2535.22000,
-0.14300,-347.07000,,-0.16000,-1643.35000,,-0.15300,-2170.92000,,-0.15400,-2539.00000,
-0.14400,-353.45000,,-0.15900,-1648.24000,,-0.15300,-2160.27000,,-0.15500,-2529.18000,
-0.14300,-374.59000,,-0.15900,-1639.27000,,-0.15500,-2107.23000,,-0.15500,-2513.49000,
-0.14300,-406.70000,,-0.15900,-1625.10000,,-0.15500,-2085.97000,,-0.15600,-2499.22000,
-0.14200,-442.22000,,-0.15900,-1611.50000,,-0.15500,-2061.57000,,-0.15600,-2484.76000,
-0.14000,-463.54000,,-0.16000,-1596.99000,,-0.15400,-2041.18000,,-0.15600,-2465.94000,
-0.13800,-468.06000,,-0.16100,-1580.25000,,-0.15400,-2031.52000,,-0.15600,-2438.76000,
-0.13700,-452.42000,,-0.16200,-1561.51000,,-0.15400,-2034.27000,,-0.15600,-2412.22000,
-0.13500,-432.51000,,-0.16200,-1541.51000,,-0.15400,-2052.40000,,-0.15700,-2390.15000,
-0.13400,-415.82000,,-0.16200,-1530.74000,,-0.15300,-2078.56000,,-0.15700,-2379.60000,
-0.13400,-406.03000,,-0.16200,-1525.83000,,-0.15300,-2110.38000,,-0.15700,-2385.67000,
-0.13400,-395.60000,,-0.16200,-1531.63000,,-0.15400,-2129.50000,,-0.15700,-2411.19000,
-0.13300,-381.97000,,-0.16100,-1549.93000,,-0.15400,-2133.13000,,-0.15600,-2446.99000,
-0.13100,-369.00000,,-0.16100,-1579.13000,,-0.15400,-2123.05000,,-0.15500,-2477.24000,
-0.13100,-359.87000,,-0.16000,-1610.52000,,-0.15400,-2108.20000,,-0.15500,-2493.61000,
-0.12900,-361.48000,,-0.15900,-1633.96000,,-0.15400,-2093.45000,,-0.15400,-2490.37000,
-0.12700,-375.24000,,-0.15900,-1639.50000,,-0.15300,-2080.47000,,-0.15400,-2478.78000,
-0.12500,-405.94000,,-0.15900,-1630.17000,,-0.15300,-2063.93000,,-0.15500,-2463.35000,
-0.12400,-441.82000,,-0.16000,-1609.21000,,-0.15200,-2043.12000,,-0.15500,-2449.03000,
-0.12200,-474.65000,,-0.16100,-1587.01000,,-0.15200,-2021.01000,,-0.15600,-2432.66000,
-0.12100,-486.42000,,-0.16200,-1565.10000,,-0.15200,-2002.36000,,-0.15600,-2415.39000,
-0.12100,-476.07000,,-0.16200,-1545.65000,,-0.15300,-1991.15000,,-0.15600,-2398.25000,
-0.12000,-456.14000,,-0.16100,-1525.87000,,-0.15400,-1993.10000,,-0.15500,-2386.68000,
-0.12100,-434.98000,,-0.16200,-1506.79000,,-0.15400,-2012.88000,,-0.15400,-2382.67000,
-0.12000,-421.08000,,-0.16100,-1494.16000,,-0.15400,-2044.23000,,-0.15200,-2389.45000,
-0.11800,-410.21000,,-0.16200,-1486.94000,,-0.15300,-2077.51000,,-0.15100,-2407.65000,
-0.11600,-399.00000,,-0.16100,-1494.25000,,-0.15200,-2097.25000,,-0.14900,-2444.61000,
-0.11400,-386.86000,,-0.16200,-1515.23000,,-0.15000,-2101.83000,,-0.14700,-2480.94000,
-0.11300,-376.84000,,-0.16200,-1547.36000,,-0.14900,-2095.92000,,-0.14600,-2511.80000,
-0.11300,-374.31000,,-0.16100,-1582.67000,,-0.14800,-2084.58000,,-0.14600,-2524.04000,
-0.11300,-387.41000,,-0.16100,-1601.57000,,-0.14600,-2079.08000,,-0.14500,-2517.60000,
-0.11400,-412.61000,,-0.16000,-1603.01000,,-0.14600,-2073.27000,,-0.14500,-2510.33000,
-0.11300,-448.97000,,-0.16000,-1589.12000,,-0.14500,-2059.72000,,-0.14500,-2500.84000,
-0.11300,-482.67000,,-0.16000,-1567.62000,,-0.14400,-2039.37000,,-0.14400,-2502.55000,
-0.11200,-499.10000,,-0.16100,-1553.01000,,-0.14400,-2021.87000,,-0.14200,-2501.71000,
-0.11100,-493.07000,,-0.16100,-1535.51000,,-0.14400,-2007.19000,,-0.14000,-2498.41000,
-0.10900,-472.79000,,-0.16100,-1521.65000,,-0.14300,-2002.81000,,-0.13900,-2489.37000,
-0.10700,-452.58000,,-0.16100,-1507.00000,,-0.14300,-2016.44000,,-0.13800,-2477.00000,
-0.10600,-437.55000,,-0.16100,-1488.58000,,-0.14100,-2048.58000,,-0.13600,-2466.48000,
-0.10400,-428.33000,,-0.16000,-1477.35000,,-0.13900,-2086.31000,,-0.13600,-2473.27000,
-0.10300,-416.62000,,-0.16000,-1472.02000,,-0.13700,-2119.83000,,-0.13600,-2499.29000,
-0.10200,-402.88000,,-0.16100,-1482.48000,,-0.13500,-2135.00000,,-0.13500,-2537.50000,
-0.10100,-387.77000,,-0.16000,-1507.39000,,-0.13300,-2135.50000,,-0.13400,-2573.32000,
-0.10100,-381.93000,,-0.15800,-1541.09000,,-0.13300,-2128.68000,,-0.13300,-2594.06000,
-0.10000,-388.52000,,-0.15600,-1575.44000,,-0.13300,-2121.92000,,-0.13200,-2595.15000,
-0.09900,-413.49000,,-0.15500,-1595.68000,,-0.13300,-2113.08000,,-0.13100,-2584.88000,
-0.09700,-449.52000,,-0.15300,-1598.78000,,-0.13400,-2100.20000,,-0.12900,-2571.07000,
-0.09500,-482.04000,,-0.15200,-1587.06000,,-0.13200,-2077.94000,,-0.12800,-2555.58000,
-0.09400,-496.75000,,-0.15100,-1571.50000,,-0.13100,-2056.70000,,-0.12700,-2539.38000,
-0.09300,-491.55000,,-0.15100,-1558.89000,,-0.12900,-2042.35000,,-0.12700,-2518.38000,
-0.09300,-474.35000,,-0.15100,-1548.11000,,-0.12800,-2039.02000,,-0.12700,-2495.29000,
-0.09300,-455.87000,,-0.15100,-1535.05000,,-0.12700,-2053.04000,,-0.12700,-2478.35000,
-0.09300,-440.48000,,-0.14900,-1517.52000,,-0.12500,-2082.64000,,-0.12600,-2468.47000,
-0.09200,-428.00000,,-0.14700,-1502.31000,,-0.12400,-2119.29000,,-0.12500,-2471.42000,
-0.09000,-412.08000,,-0.14600,-1498.89000,,-0.12400,-2152.03000,,-0.12300,-2488.98000,
-0.08900,-395.03000,,-0.14500,-1506.51000,,-0.12300,-2165.26000,,-0.12100,-2516.86000,
-0.08600,-383.20000,,-0.14400,-1527.04000,,-0.12200,-2163.94000,,-0.11900,-2547.43000,
-0.08500,-379.18000,,-0.14300,-1564.36000,,-0.12000,-2151.56000,,-0.11600,-2564.45000,
-0.08400,-391.39000,,-0.14200,-1604.52000,,-0.11900,-2136.76000,,-0.11500,-2565.14000,
-0.08200,-418.45000,,-0.14100,-1639.60000,,-0.11800,-2124.35000,,-0.11400,-2558.49000,
-0.08200,-453.14000,,-0.14100,-1653.55000,,-0.11700,-2111.03000,,-0.11300,-2544.92000,
-0.08100,-482.18000,,-0.14000,-1649.43000,,-0.11500,-2096.26000,,-0.11200,-2534.24000,
-0.08000,-490.84000,,-0.14000,-1638.24000,,-0.11500,-2080.71000,,-0.11100,-2517.13000,
-0.07900,-477.08000,,-0.14000,-1619.38000,,-0.11500,-2067.44000,,-0.10900,-2495.37000,
-0.07800,-454.83000,,-0.13900,-1604.24000,,-0.11500,-2056.93000,,-0.10800,-2470.95000,
-0.07600,-434.42000,,-0.13700,-1593.64000,,-0.11500,-2063.26000,,-0.10600,-2452.00000,
-0.07500,-420.23000,,-0.13500,-1577.64000,,-0.11400,-2076.17000,,-0.10500,-2445.91000,
-0.07500,-406.87000,,-0.13300,-1562.39000,,-0.11200,-2102.09000,,-0.10400,-2452.29000,
-0.07400,-390.21000,,-0.13200,-1552.52000,,-0.11000,-2124.29000,,-0.10300,-2470.94000,
-0.07400,-372.99000,,-0.13200,-1547.55000,,-0.10800,-2137.74000,,-0.10300,-2495.76000,
-0.07500,-359.62000,,-0.13100,-1558.06000,,-0.10600,-2135.10000,,-0.10200,-2519.81000,
-0.07600,-363.02000,,-0.13100,-1580.72000,,-0.10400,-2122.73000,,-0.10200,-2534.98000,
-0.07600,-378.79000,,-0.12900,-1615.53000,,-0.10400,-2108.79000,,-0.10100,-2535.94000,
-0.07600,-409.32000,,-0.12700,-1646.97000,,-0.10400,-2097.13000,,-0.10100,-2524.54000,
-0.07400,-442.03000,,-0.12500,-1663.91000,,-0.10400,-2081.56000,,-0.10000,-2506.82000,
-0.07200,-462.43000,,-0.12400,-1663.92000,,-0.10400,-2063.07000,,-0.10000,-2490.35000,
-0.07000,-463.58000,,-0.12200,-1651.00000,,-0.10300,-2040.04000,,-0.09900,-2469.27000,
-0.06800,-446.55000,,-0.12200,-1635.87000,,-0.10100,-2018.59000,,-0.09700,-2445.59000,
-0.06600,-424.88000,,-0.12200,-1623.96000,,-0.10000,-2008.21000,,-0.09600,-2421.28000,
-0.06500,-405.22000,,-0.12200,-1613.90000,,-0.09800,-2009.45000,,-0.09500,-2400.05000,
-0.06400,-391.54000,,-0.12100,-1597.47000,,-0.09600,-2026.17000,,-0.09500,-2392.13000,
-0.06300,-375.01000,,-0.12000,-1577.80000,,-0.09400,-2048.56000,,-0.09400,-2392.10000,
-0.06300,-355.10000,,-0.11900,-1557.62000,,-0.09300,-2071.53000,,-0.09200,-2402.89000,
-0.06200,-339.37000,,-0.11800,-1544.93000,,-0.09300,-2086.31000,,-0.08900,-2417.89000,
-0.06200,-334.82000,,-0.11600,-1546.59000,,-0.09200,-2084.58000,,-0.08800,-2432.25000,
-0.06200,-344.01000,,-0.11400,-1564.76000,,-0.09200,-2070.96000,,-0.08600,-2437.31000,
-0.06000,-366.34000,,-0.11200,-1591.70000,,-0.09100,-2053.65000,,-0.08400,-2434.71000,
-0.05800,-397.36000,,-0.11100,-1621.63000,,-0.09100,-2033.63000,,-0.08400,-2424.27000,
-0.05600,-425.08000,,-0.10900,-1641.87000,,-0.08900,-2008.57000,,-0.08400,-2417.50000,
-0.05500,-435.51000,,-0.10900,-1644.71000,,-0.08600,-1978.14000,,-0.08400,-2400.25000,
-0.05400,-430.94000,,-0.10800,-1634.23000,,-0.08500,-1952.80000,,-0.08300,-2377.99000,
-0.05400,-416.30000,,-0.10800,-1619.15000,,-0.08400,-1937.02000,,-0.08400,-2353.93000,
-0.05400,-399.36000,,-0.10700,-1603.81000,,-0.08300,-1938.19000,,-0.08300,-2333.41000,
-0.05300,-381.57000,,-0.10500,-1589.50000,,-0.08300,-1952.62000,,-0.08300,-2319.62000,
-0.05200,-360.54000,,-0.10400,-1569.15000,,-0.08300,-1972.86000,,-0.08300,-2316.07000,
-0.05000,-335.42000,,-0.10100,-1545.55000,,-0.08200,-1996.29000,,-0.08200,-2321.37000,
-0.04800,-312.54000,,-0.10000,-1527.14000,,-0.08200,-2011.56000,,-0.08000,-2329.21000,
-0.04700,-299.88000,,-0.10000,-1521.88000,,-0.08100,-2011.84000,,-0.07800,-2338.72000,
-0.04500,-306.00000,,-0.10000,-1532.38000,,-0.08100,-2000.73000,,-0.07600,-2346.14000,
-0.04400,-326.62000,,-0.10100,-1553.78000,,-0.08000,-1980.57000,,-0.07500,-2345.50000,
-0.04300,-358.15000,,-0.10100,-1582.99000,,-0.07800,-1956.45000,,-0.07500,-2341.58000,
-0.04200,-388.56000,,-0.10100,-1606.71000,,-0.07700,-1931.13000,,-0.07400,-2332.69000,
-0.04200,-402.28000,,-0.10000,-1617.30000,,-0.07600,-1903.00000,,-0.07400,-2318.02000,
-0.04100,-396.33000,,-0.09900,-1612.52000,,-0.07400,-1876.03000,,-0.07300,-2289.88000,
-0.04000,-380.99000,,-0.09800,-1594.94000,,-0.07400,-1854.36000,,-0.07100,-2251.02000,
-0.03800,-356.64000,,-0.09700,-1573.01000,,-0.07300,-1845.59000,,-0.07000,-2214.10000,
-0.03700,-331.36000,,-0.09500,-1554.31000,,-0.07200,-1847.49000,,-0.06800,-2186.57000,
-0.03600,-305.51000,,-0.09300,-1535.48000,,-0.07100,-1855.86000,,-0.06600,-2173.76000,
-0.03400,-281.03000,,-0.09200,-1514.75000,,-0.06900,-1866.21000,,-0.06500,-2176.40000,
-0.03300,-262.88000,,-0.09000,-1495.02000,,-0.06600,-1871.67000,,-0.06500,-2191.96000,
-0.03300,-259.59000,,-0.08900,-1478.96000,,-0.06500,-1872.84000,,-0.06500,-2213.63000,
-0.03300,-270.04000,,-0.08800,-1472.73000,,-0.06400,-1866.76000,,-0.06400,-2232.29000,
-0.03300,-291.81000,,-0.08700,-1480.07000,,-0.06400,-1858.33000,,-0.06300,-2237.24000,
-0.03300,-322.04000,,-0.08600,-1493.62000,,-0.06300,-1841.05000,,-0.06300,-2232.04000,
-0.03200,-346.47000,,-0.08400,-1510.72000,,-0.06300,-1817.88000,,-0.06200,-2214.59000,
-0.03100,-356.66000,,-0.08200,-1528.70000,,-0.06100,-1783.02000,,-0.06100,-2186.73000,
-0.03000,-349.09000,,-0.08100,-1536.56000,,-0.05900,-1743.40000,,-0.05900,-2151.97000,
-0.02800,-330.10000,,-0.08100,-1532.49000,,-0.05800,-1713.46000,,-0.05800,-2112.89000,
-0.02700,-304.67000,,-0.08100,-1519.43000,,-0.05600,-1699.60000,,-0.05600,-2085.23000,
-0.02500,-277.43000,,-0.08100,-1508.95000,,-0.05500,-1698.51000,,-0.05400,-2066.73000,
-0.02300,-248.10000,,-0.08100,-1495.67000,,-0.05400,-1707.72000,,-0.05400,-2065.49000,
-0.02200,-221.96000,,-0.08100,-1477.04000,,-0.05300,-1723.19000,,-0.05400,-2070.87000,
-0.02100,-204.19000,,-0.07900,-1453.18000,,-0.05300,-1741.39000,,-0.05300,-2081.04000,
-0.02000,-196.93000,,-0.07800,-1429.66000,,-0.05300,-1756.80000,,-0.05300,-2085.96000,
-0.01900,-199.92000,,-0.07600,-1413.69000,,-0.05300,-1761.89000,,-0.05200,-2088.48000,
-0.01800,-207.90000,,-0.07500,-1409.82000,,-0.05300,-1757.45000,,-0.05000,-2078.98000,
-0.01600,-218.02000,,-0.07300,-1418.93000,,-0.05300,-1740.05000,,-0.04800,-2057.26000,
-0.01500,-230.69000,,-0.07100,-1434.36000,,-0.05200,-1707.44000,,-0.04700,-2028.99000,
-0.01400,-236.89000,,-0.06900,-1451.51000,,-0.05000,-1665.59000,,-0.04700,-2003.72000,
-0.01400,-240.37000,,-0.06900,-1464.53000,,-0.04800,-1619.94000,,-0.04600,-1980.09000,
-0.01400,-236.47000,,-0.06800,-1469.28000,,-0.04700,-1586.19000,,-0.04600,-1958.73000,
-0.01400,-220.27000,,-0.06800,-1464.21000,,-0.04600,-1570.92000,,-0.04600,-1938.53000,
-0.01300,-196.88000,,-0.06800,-1449.35000,,-0.04500,-1569.40000,,-0.04600,-1924.88000,
-0.01200,-161.07000,,-0.06800,-1432.00000,,-0.04500,-1570.58000,,-0.04500,-1918.44000,
-0.01100,-120.23000,,-0.06600,-1408.34000,,-0.04300,-1564.56000,,-0.04500,-1912.11000,
-0.00800,-92.12000,,-0.06500,-1377.59000,,-0.04200,-1547.23000,,-0.04300,-1894.36000,
-0.00700,-78.82000,,-0.06300,-1350.72000,,-0.04000,-1516.47000,,-0.04100,-1860.61000,
-0.00600,-80.12000,,-0.06100,-1332.85000,,-0.03800,-1476.24000,,-0.03900,-1817.29000,
-0.00500,-88.62000,,-0.06100,-1333.88000,,-0.03700,-1431.20000,,-0.03700,-1773.75000,
-0.00400,-96.82000,,-0.06000,-1350.91000,,-0.03600,-1391.37000,,-0.03600,-1741.81000,
-0.00300,-104.25000,,-0.05900,-1369.09000,,-0.03500,-1350.09000,,-0.03500,-1720.93000,
-0.00300,-109.13000,,-0.05900,-1388.16000,,-0.03400,-1310.26000,,-0.03500,-1707.53000,
-0.00300,-108.65000,,-0.05700,-1397.93000,,-0.03300,-1278.14000,,-0.03500,-1681.71000,
-0.00200,-97.44000,,-0.05600,-1395.36000,,-0.03300,-1264.09000,,-0.03400,-1631.90000,
-0.00200,-67.35000,,-0.05400,-1381.93000,,-0.03300,-1267.13000,,-0.03200,-1566.59000,
0.00000,-17.90000,,-0.05300,-1359.88000,,-0.03300,-1276.50000,,-0.03100,-1503.18000,
0.00200,41.13000,,-0.05200,-1329.85000,,-0.03200,-1274.63000,,-0.02900,-1454.13000,
0.00400,88.36000,,-0.05100,-1303.82000,,-0.03100,-1252.15000,,-0.02800,-1422.95000,
0.00600,107.75000,,-0.05000,-1279.13000,,-0.02900,-1214.54000,,-0.02700,-1405.75000,
0.00700,100.70000,,-0.05000,-1264.10000,,-0.02800,-1171.56000,,-0.02600,-1385.97000,
0.00600,79.34000,,-0.04900,-1258.64000,,-0.02600,-1138.29000,,-0.02500,-1367.82000,
0.00700,56.37000,,-0.04900,-1259.85000,,-0.02600,-1109.68000,,-0.02400,-1344.00000,
0.00600,38.10000,,-0.04800,-1259.66000,,-0.02500,-1085.09000,,-0.02300,-1305.20000,
0.00600,30.24000,,-0.04700,-1250.70000,,-0.02500,-1050.98000,,-0.02200,-1247.68000,
0.00700,32.76000,,-0.04600,-1240.06000,,-0.02400,-1004.21000,,-0.02100,-1173.66000,
0.00800,49.53000,,-0.04400,-1232.04000,,-0.02300,-956.03000,,-0.01900,-1084.28000,
0.00900,84.61000,,-0.04300,-1223.34000,,-0.02200,-914.35000,,-0.01800,-996.27000,
0.01100,136.82000,,-0.04200,-1212.10000,,-0.02000,-883.72000,,-0.01700,-928.03000,
0.01300,195.40000,,-0.04100,-1193.26000,,-0.01900,-853.74000,,-0.01600,-895.65000,
0.01500,243.90000,,-0.04100,-1166.47000,,-0.01800,-814.81000,,-0.01600,-897.90000,
0.01600,268.14000,,-0.04000,-1134.87000,,-0.01600,-769.01000,,-0.01600,-913.70000,
0.01800,265.48000,,-0.03900,-1101.37000,,-0.01500,-733.19000,,-0.01500,-922.50000,
0.01800,256.48000,,-0.03800,-1068.90000,,-0.01400,-709.82000,,-0.01400,-911.58000,
0.01900,250.77000,,-0.03700,-1043.49000,,-0.01400,-698.00000,,-0.01400,-882.86000,
0.02100,255.13000,,-0.03600,-1025.14000,,-0.01400,-686.92000,,-0.01300,-837.29000,
0.02200,261.96000,,-0.03500,-1012.57000,,-0.01400,-661.63000,,-0.01200,-775.28000,
0.02400,270.06000,,-0.03400,-1005.02000,,-0.01300,-612.12000,,-0.01100,-699.41000,
0.02600,280.54000,,-0.03200,-998.06000,,-0.01100,-534.89000,,-0.01000,-607.48000,
0.02700,298.17000,,-0.03100,-1000.07000,,-0.01000,-451.35000,,-0.00800,-505.89000,
0.02700,323.98000,,-0.03100,-1004.37000,,-0.00800,-378.66000,,-0.00700,-411.91000,
0.02800,355.17000,,-0.03100,-1003.88000,,-0.00700,-329.97000,,-0.00600,-349.54000,
0.02800,377.47000,,-0.03100,-992.18000,,-0.00600,-301.14000,,-0.00600,-329.25000,
0.02900,380.77000,,-0.03000,-964.91000,,-0.00500,-281.35000,,-0.00500,-321.63000,
0.02900,372.72000,,-0.02900,-917.58000,,-0.00500,-271.11000,,-0.00500,-292.02000,
0.02900,360.37000,,-0.02700,-858.82000,,-0.00500,-259.45000,,-0.00300,-224.22000,
0.03100,352.88000,,-0.02600,-805.86000,,-0.00400,-237.89000,,-0.00100,-125.69000,
0.03200,351.59000,,-0.02500,-780.35000,,-0.00300,-197.32000,,0.00000,-17.66000,
0.03400,348.10000,,-0.02400,-781.79000,,-0.00200,-124.19000,,0.00100,78.96000,
0.03500,337.13000,,-0.02400,-797.99000,,0.00000,-14.89000,,0.00200,160.25000,
0.03500,329.40000,,-0.02300,-806.78000,,0.00200,124.02000,,0.00200,231.40000,
0.03500,330.35000,,-0.02200,-805.62000,,0.00300,261.88000,,0.00300,301.22000,
0.03400,343.01000,,-0.02100,-798.54000,,0.00500,370.59000,,0.00300,366.96000,
0.03500,368.53000,,-0.02000,-784.07000,,0.00600,425.98000,,0.00400,411.23000,
0.03500,396.48000,,-0.01900,-758.02000,,0.00600,438.62000,,0.00400,430.82000,
0.03700,410.61000,,-0.01800,-712.60000,,0.00500,428.78000,,0.00500,440.45000,
0.03800,408.84000,,-0.01700,-650.86000,,0.00700,423.95000,,0.00600,472.86000,
0.04000,397.74000,,-0.01600,-577.65000,,0.00700,436.62000,,0.00800,543.48000,
0.04200,387.36000,,-0.01300,-506.81000,,0.00700,472.05000,,0.00900,644.33000,
0.04300,378.96000,,-0.01200,-452.95000,,0.00800,532.56000,,0.01100,750.78000,
0.04500,367.52000,,-0.01100,-425.80000,,0.01000,610.81000,,0.01200,843.30000,
0.04500,349.49000,,-0.01100,-415.80000,,0.01100,709.45000,,0.01200,905.16000,
0.04500,337.58000,,-0.01000,-401.19000,,0.01200,817.95000,,0.01200,939.85000,
0.04500,343.64000,,-0.00700,-368.78000,,0.01300,909.98000,,0.01200,961.73000,
0.04500,365.22000,,-0.00600,-315.69000,,0.01400,968.51000,,0.01200,982.16000,
0.04700,398.16000,,-0.00400,-249.28000,,0.01400,974.03000,,0.01200,1011.04000,
0.04900,427.67000,,-0.00200,-182.43000,,0.01300,944.47000,,0.01300,1042.09000,
0.05100,440.25000,,-0.00100,-119.87000,,0.01300,906.87000,,0.01400,1076.40000,
0.05300,431.09000,,0.00000,-62.20000,,0.01400,887.44000,,0.01500,1113.21000,
0.05400,414.34000,,0.00000,-12.58000,,0.01400,896.36000,,0.01700,1156.67000,
0.05500,399.30000,,0.00000,32.82000,,0.01500,929.53000,,0.01800,1202.26000,
0.05600,384.55000,,0.00000,59.74000,,0.01600,977.35000,,0.01800,1232.51000,
0.05600,367.44000,,-0.00100,54.52000,,0.01700,1029.41000,,0.01800,1244.32000,
0.05700,352.02000,,-0.00100,22.82000,,0.01800,1083.92000,,0.01800,1242.52000,
0.05800,345.66000,,-0.00100,-10.37000,,0.01900,1139.27000,,0.01800,1255.19000,
0.05900,356.17000,,0.00000,-11.42000,,0.01900,1184.40000,,0.01900,1309.31000,
0.06000,385.64000,,0.00100,29.09000,,0.02000,1212.92000,,0.02100,1406.18000,
0.06300,422.68000,,0.00300,102.70000,,0.02000,1221.97000,,0.02300,1523.02000,
0.06500,447.61000,,0.00500,190.85000,,0.02200,1228.05000,,0.02600,1630.28000,
0.06700,451.98000,,0.00600,276.31000,,0.02300,1253.06000,,0.02800,1710.29000,
0.06700,438.14000,,0.00700,348.84000,,0.02600,1307.57000,,0.02900,1758.61000,
0.06800,420.00000,,0.00700,410.14000,,0.02800,1386.17000,,0.03000,1779.25000,
0.06800,404.97000,,0.00800,471.41000,,0.03100,1464.44000,,0.03100,1776.82000,
0.06800,393.91000,,0.01000,540.66000,,0.03300,1528.36000,,0.03000,1762.13000,
0.06900,381.00000,,0.01100,608.67000,,0.03400,1572.89000,,0.03000,1750.43000,
0.06900,364.47000,,0.01300,668.56000,,0.03500,1608.49000,,0.03000,1759.95000,
0.07100,361.02000,,0.01400,714.25000,,0.03500,1645.51000,,0.03100,1804.09000,
0.07100,375.58000,,0.01500,751.15000,,0.03600,1687.38000,,0.03300,1883.20000,
0.07400,407.49000,,0.01600,774.80000,,0.03800,1717.60000,,0.03500,1989.89000,
0.07500,443.52000,,0.01600,780.20000,,0.03900,1738.15000,,0.03800,2093.83000,
0.07800,466.85000,,0.01600,774.82000,,0.04100,1757.90000,,0.04100,2175.03000,
0.07900,469.04000,,0.01600,765.83000,,0.04300,1778.66000,,0.04400,2222.64000,
0.07900,452.00000,,0.01600,769.46000,,0.04500,1797.02000,,0.04500,2247.47000,
0.07900,430.60000,,0.01700,799.23000,,0.04600,1814.00000,,0.04700,2265.51000,
0.07900,417.62000,,0.01800,858.65000,,0.04700,1820.34000,,0.04800,2295.87000,
0.08000,403.55000,,0.02000,933.35000,,0.04700,1821.89000,,0.05000,2330.45000,
0.08100,391.79000,,0.02200,1000.14000,,0.04800,1830.39000,,0.05100,2373.26000,
0.08200,379.74000,,0.02300,1036.09000,,0.04800,1860.01000,,0.05300,2414.62000,
0.08400,378.54000,,0.02400,1041.71000,,0.04900,1912.36000,,0.05300,2455.50000,
0.08500,395.29000,,0.02500,1032.07000,,0.05100,1967.52000,,0.05400,2491.43000,
0.08600,427.85000,,0.02500,1010.93000,,0.05300,2005.92000,,0.05400,2513.27000,
0.08700,457.21000,,0.02500,992.28000,,0.05400,2019.32000,,0.05400,2512.08000,
0.08700,468.75000,,0.02500,975.06000,,0.05600,2014.00000,,0.05300,2482.50000,
0.08600,463.44000,,0.02500,970.50000,,0.05700,2005.11000,,0.05300,2439.92000,
0.08600,449.12000,,0.02500,988.37000,,0.05800,1994.72000,,0.05300,2401.06000,
0.08700,435.53000,,0.02700,1037.54000,,0.05900,1983.80000,,0.05500,2383.83000,
0.08800,426.28000,,0.02900,1115.67000,,0.05800,1970.01000,,0.05600,2388.40000,
0.09000,415.00000,,0.03200,1199.53000,,0.05800,1963.46000,,0.05800,2411.49000,
0.09200,398.51000,,0.03500,1267.05000,,0.05800,1978.90000,,0.06000,2445.64000,
0.09400,387.65000,,0.03700,1301.58000,,0.05800,2019.53000,,0.06100,2483.38000,
0.09600,395.27000,,0.03800,1309.06000,,0.06000,2071.73000,,0.06200,2526.45000,
0.09600,420.61000,,0.03900,1299.34000,,0.06200,2119.54000,,0.06300,2562.27000,
0.09700,450.90000,,0.04000,1287.51000,,0.06300,2140.41000,,0.06300,2584.53000,
0.09700,470.48000,,0.04100,1282.29000,,0.06500,2134.38000,,0.06400,2586.79000,
0.09700,473.98000,,0.04200,1285.63000,,0.06500,2111.76000,,0.06500,2574.68000,
0.09800,462.76000,,0.04300,1301.87000,,0.06600,2086.90000,,0.06600,2564.14000,
0.09900,448.84000,,0.04400,1333.84000,,0.06600,2061.17000,,0.06800,2560.43000,
0.10000,433.51000,,0.04500,1381.23000,,0.06600,2042.88000,,0.07100,2556.23000,
0.10200,419.17000,,0.04700,1435.86000,,0.06600,2040.67000,,0.07300,2545.68000,
0.10400,402.23000,,0.05000,1485.44000,,0.06700,2063.39000,,0.07500,2535.41000,
0.10500,386.64000,,0.05000,1508.77000,,0.06800,2108.15000,,0.07500,2531.44000,
0.10500,382.54000,,0.05200,1504.65000,,0.07000,2162.23000,,0.07400,2544.34000,
0.10600,400.51000,,0.05200,1485.67000,,0.07200,2206.84000,,0.07400,2568.21000,
0.10500,430.98000,,0.05300,1473.05000,,0.07400,2224.95000,,0.07300,2595.40000,
0.10600,461.02000,,0.05500,1473.32000,,0.07500,2215.46000,,0.07300,2604.64000,
0.10800,476.24000,,0.05700,1479.63000,,0.07500,2190.96000,,0.07200,2595.32000,
0.10900,472.19000,,0.05700,1484.81000,,0.07500,2162.80000,,0.07200,2578.81000,
0.11100,458.87000,,0.05800,1482.59000,,0.07500,2136.46000,,0.07400,2566.23000,
0.11300,446.17000,,0.05800,1484.61000,,0.07500,2113.95000,,0.07600,2554.65000,
0.11600,430.28000,,0.05800,1496.48000,,0.07500,2102.12000,,0.07800,2538.37000,
0.11700,413.11000,,0.05800,1518.19000,,0.07600,2104.63000,,0.08000,2517.91000,
0.11800,392.61000,,0.05900,1541.83000,,0.07700,2130.77000,,0.08100,2505.25000,
0.11900,383.67000,,0.05900,1556.12000,,0.07900,2169.35000,,0.08100,2513.56000,
0.11900,393.38000,,0.06100,1557.02000,,0.08200,2205.97000,,0.08100,2542.41000,
0.11900,422.95000,,0.06200,1555.45000,,0.08400,2221.90000,,0.08200,2580.87000,
0.12000,455.08000,,0.06500,1554.65000,,0.08500,2219.45000,,0.08300,2609.56000,
0.12100,476.95000,,0.06600,1553.49000,,0.08600,2203.13000,,0.08500,2615.93000,
0.12400,476.36000,,0.06800,1550.02000,,0.08600,2185.62000,,0.08700,2609.92000,
0.12400,465.03000,,0.06900,1545.53000,,0.08600,2169.72000,,0.08800,2592.63000,
0.12500,445.61000,,0.07000,1549.39000,,0.08800,2149.17000,,0.09100,2568.90000,
0.12600,427.94000,,0.07000,1569.05000,,0.09000,2128.91000,,0.09200,2535.06000,
0.12500,407.15000,,0.07000,1601.92000,,0.09200,2117.36000,,0.09300,2503.57000,
0.12500,383.75000,,0.07000,1638.82000,,0.09300,2125.01000,,0.09300,2486.44000,
0.12400,374.03000,,0.07100,1665.23000,,0.09400,2150.56000,,0.09200,2493.62000,
0.12400,385.17000,,0.07200,1673.88000,,0.09500,2181.07000,,0.09200,2526.35000,
0.12400,409.33000,,0.07400,1667.35000,,0.09500,2201.64000,,0.09300,2567.81000,
0.12600,444.27000,,0.07500,1653.48000,,0.09600,2206.26000,,0.09500,2596.49000,
0.12800,467.04000,,0.07600,1641.82000,,0.09700,2198.21000,,0.09600,2602.89000,
0.13100,471.89000,,0.07700,1625.19000,,0.09800,2183.39000,,0.09900,2591.12000,
0.13200,461.21000,,0.07800,1601.41000,,0.10000,2163.36000,,0.10000,2570.60000,
0.13400,445.42000,,0.07900,1584.55000,,0.10300,2132.20000,,0.10100,2547.63000,
0.13500,429.03000,,0.07800,1582.98000,,0.10500,2096.53000,,0.10100,2518.35000,
0.13600,409.27000,,0.07800,1602.63000,,0.10600,2067.52000,,0.10100,2489.22000,
0.13600,387.58000,,0.07700,1637.23000,,0.10600,2059.51000,,0.10200,2473.54000,
0.13700,373.76000,,0.07700,1667.55000,,0.10600,2078.79000,,0.10400,2481.04000,
0.13700,380.26000,,0.07800,1683.31000,,0.10600,2110.66000,,0.10500,2514.37000,
0.13800,406.36000,,0.07900,1685.47000,,0.10500,2137.46000,,0.10700,2546.14000,
0.14000,439.48000,,0.08000,1677.42000,,0.10500,2147.74000,,0.11000,2563.74000,
0.14100,463.04000,,0.08300,1666.34000,,0.10500,2145.03000,,0.11200,2565.22000,
0.14200,468.15000,,0.08500,1651.56000,,0.10600,2131.98000,,0.11400,2549.61000,
0.14300,458.02000,,0.08600,1625.20000,,0.10700,2113.86000,,0.11400,2527.82000,
0.14400,440.55000,,0.08700,1602.16000,,0.10900,2085.86000,,0.11400,2508.05000,
,,,0.08700,1595.73000,,0.11100,2052.40000,,0.11400,2482.35000,
,,,0.08700,1614.54000,,0.11200,2027.15000,,0.11300,2455.28000,
,,,0.08700,1650.34000,,0.11300,2022.53000,,0.11300,2435.24000,
,,,0.08800,1686.75000,,0.11300,2044.18000,,0.11300,2434.42000,
,,,0.09000,1710.89000,,0.11400,2078.89000,,0.11400,2456.97000,
,,,0.09300,1713.38000,,0.11500,2108.31000,,0.11600,2489.18000,
,,,0.09500,1702.89000,,0.11600,2119.52000,,0.11800,2517.64000,
,,,0.09600,1685.07000,,0.11800,2115.87000,,0.12000,2528.97000,
,,,0.09800,1661.83000,,0.12000,2099.72000,,0.12200,2522.83000,
,,,0.09900,1630.62000,,0.12200,2075.61000,,0.12200,2506.53000,
,,,0.10000,1598.29000,,0.12400,2044.81000,,0.12200,2484.52000,
,,,0.10100,1586.08000,,0.12500,2009.37000,,0.12300,2458.56000,
,,,0.10200,1596.07000,,0.12700,1983.33000,,0.12300,2428.57000,
,,,0.10300,1627.56000,,0.12700,1984.13000,,0.12400,2411.04000,
,,,0.10400,1662.00000,,0.12700,2005.45000,,0.12500,2416.69000,
,,,0.10600,1681.42000,,0.12700,2044.06000,,0.12800,2446.40000,
,,,0.10700,1680.99000,,0.12800,2074.35000,,0.13000,2489.68000,
,,,0.10800,1669.58000,,0.13100,2087.63000,,0.13200,2524.38000,
,,,0.10800,1652.88000,,0.13300,2080.94000,,0.13300,2540.56000,
,,,0.10800,1632.30000,,0.13400,2066.71000,,0.13300,2541.38000,
,,,0.10900,1605.50000,,0.13600,2047.11000,,0.13200,2533.46000,
,,,0.10800,1576.76000,,0.13700,2022.74000,,0.13200,2513.76000,
,,,0.10900,1557.69000,,0.13800,1995.56000,,0.13000,2484.71000,
,,,0.11000,1563.72000,,0.13800,1974.43000,,0.13100,2449.59000,
,,,0.11100,1591.05000,,0.13800,1976.14000,,0.13200,2421.57000,
,,,0.11300,1622.78000,,0.13800,2005.94000,,0.13300,2416.05000,
,,,0.11400,1645.31000,,0.13800,2046.42000,,0.13400,2438.21000,
,,,0.11600,1650.01000,,0.13900,2081.93000,,0.13600,2479.28000,
,,,0.11700,1637.11000,,0.14000,2098.40000,,0.13800,2517.32000,
,,,0.11700,1621.59000,,0.14100,2096.98000,,0.14000,2539.92000,
,,,0.11700,1601.10000,,0.14200,2085.35000,,0.14100,2544.80000,
,,,0.11800,1575.04000,,0.14200,2070.67000,,0.14100,2533.26000,
,,,0.11900,1544.63000,,0.14300,2049.25000,,0.14100,2509.91000,
,,,0.12100,1525.04000,,0.14300,2021.55000,,0.14100,2479.39000,
,,,0.12300,1526.01000,,0.14300,2002.45000,,0.14100,2447.79000,
,,,0.12400,1548.21000,,0.14200,2002.14000,,0.14100,2428.14000,
,,,0.12600,1581.96000,,0.14200,2022.17000,,0.14200,2431.24000,
,,,0.12700,1607.32000,,0.14100,2057.58000,,0.14100,2456.81000,
,,,0.12700,1617.28000,,0.14100,2090.88000,,0.14200,2496.53000,
,,,0.12800,1611.03000,,0.14200,2110.84000,,0.14200,2528.89000,
,,,0.12800,1595.39000,,0.14300,2112.28000,,0.14200,2541.01000,
,,,0.12800,1572.37000,,0.14500,2102.71000,,0.14200,2534.38000,
,,,0.13000,1542.76000,,0.14500,2083.10000,,0.14200,2514.63000,
,,,0.13200,1511.79000,,0.14600,2055.82000,,0.14300,2487.82000,
,,,0.13400,1494.84000,,0.14600,2029.50000,,0.14200,2454.00000,
,,,0.13500,1500.28000,,,,,0.14300,2422.49000,
,,,0.13700,1528.97000,,,,,0.14400,2401.46000,
,,,0.13900,1562.92000,,,,,,,
,,,0.14000,1585.98000,,,,,,,
,,,0.14100,1593.76000,,,,,,,
,,,,,,,,,,,
,,,,,,,,,,,
,,,,,,,,,,,
,,,,,,,,,,,
,,,,,,,,,,,
,,,,,,,,,,,
,,,,,,,,,,,
,,,,,,,,,,,
,,,,,,,,,,,
,,,,,,,,,,,
,,,,,,,,,,,
,,,,,,,,,,,
,,,,,,,,,,,
,,,,,,,,,,,
,,,,,,,,,,,
,,,,,,,,,,,
,,,,,,,,,,,
,,,,,,,,,,,
,,,,,,,,,,,
,,,,,,,,,,,
,,,,,,,,,,,
,,,,,,,,,,,
,,,,,,,,,,,
,,,,,,,,,,,
,,,,,,,,,,,
,,,,,,,,,,,
,,,,,,,,,,,
,,,,,,,,,,,
,,,,,,,,,,,
,,,,,,,,,,,
,,,,,,,,,,,
,,,,,,,,,,,
,,,,,,,,,,,
,,,,,,,,,,,
,,,,,,,,,,,
,,,,,,,,,,,
,,,,,,,,,,,
,,,,,,,,,,,
,,,,,,,,,,,
,,,,,,,,,,,
,,,,,,,,,,,
,,,,,,,,,,,
,,,,,,,,,,,
,,,,,,,,,,,
,,,,,,,,,,,
,,,,,,,,,,,
,,,,,,,,,,,
,,,,,,,,,,,
,,,,,,,,,,,
,,,,,,,,,,,
,,,,,,,,,,,
,,,,,,,,,,,
,,,,,,,,,,,
,,,,,,,,,,,
,,,,,,,,,,,
,,,,,,,,,,,
,,,,,,,,,,,
,,,,,,,,,,,
,,,,,,,,,,,
,,,,,,,,,,,
,,,,,,,,,,,
,,,,,,,,,,,
,,,,,,,,,,,
,,,,,,,,,,,
,,,,,,,,,,,
,,,,,,,,,,,
,,,,,,,,,,,
,,,,,,,,,,,
,,,,,,,,,,,
,,,,,,,,,,,
,,,,,,,,,,,
,,,,,,,,,,,
,,,,,,,,,,,
,,,,,,,,,,,
,,,,,,,,,,,
,,,,,,,,,,,
,,,,,,,,,,,
,,,,,,,,,,,
,,,,,,,,,,,
,,,,,,,,,,,
,,,,,,,,,,,
,,,,,,,,,,,
,,,,,,,,,,,
,,,,,,,,,,,
,,,,,,,,,,,
,,,,,,,,,,,
,,,,,,,,,,,
,,,,,,,,,,,
,,,,,,,,,,,
,,,,,,,,,,,
,,,,,,,,,,,
,,,,,,,,,,,
,,,,,,,,,,,
,,,,,,,,,,,
,,,,,,,,,,,
,,,,,,,,,,,
,,,,,,,,,,,
,,,,,,,,,,,
,,,,,,,,,,,
,,,,,,,,,,,
,,,,,,,,,,,
,,,,,,,,,,,
,,,,,,,,,,,
,,,,,,,,,,,
,,,,,,,,,,,
,,,,,,,,,,,
,,,,,,,,,,,
,,,,,,,,,,,
,,,,,,,,,,,
,,,,,,,,,,,
,,,,,,,,,,,
,,,,,,,,,,,
,,,,,,,,,,,
,,,,,,,,,,,
,,,,,,,,,,,
,,,,,,,,,,,
,,,,,,,,,,,
,,,,,,,,,,,
,,,,,,,,,,,
,,,,,,,,,,,
,,,,,,,,,,,
,,,,,,,,,,,
,,,,,,,,,,,
,,,,,,,,,,,
,,,,,,,,,,,
,,,,,,,,,,,
,,,,,,,,,,,
,,,,,,,,,,,
,,,,,,,,,,,
,,,,,,,,,,,
,,,,,,,,,,,
,,,,,,,,,,,
,,,,,,,,,,,
,,,,,,,,,,,
,,,,,,,,,,,
,,,,,,,,,,,
,,,,,,,,,,,
,,,,,,,,,,,
,,,,,,,,,,,
,,,,,,,,,,,
,,,,,,,,,,,
,,,,,,,,,,,
,,,,,,,,,,,
,,,,,,,,,,,
,,,,,,,,,,,
,,,,,,,,,,,
,,,,,,,,,,,
,,,,,,,,,,,
,,,,,,,,,,,
,,,,,,,,,,,
,,,,,,,,,,,
,,,,,,,,,,,
,,,,,,,,,,,
,,,,,,,,,,,
,,,,,,,,,,,
,,,,,,,,,,,
,,,,,,,,,,,
,,,,,,,,,,,
,,,,,,,,,,,
,,,,,,,,,,,
,,,,,,,,,,,
,,,,,,,,,,,
,,,,,,,,,,,
,,,,,,,,,,,
,,,,,,,,,,,
,,,,,,,,,,,
,,,,,,,,,,,
,,,,,,,,,,,
,,,,,,,,,,,
,,,,,,,,,,,
,,,,,,,,,,,
,,,,,,,,,,,
,,,,,,,,,,,
,,,,,,,,,,,
,,,,,,,,,,,
,,,,,,,,,,,
,,,,,,,,,,,
,,,,,,,,,,,
,,,,,,,,,,,
,,,,,,,,,,,
,,,,,,,,,,,
,,,,,,,,,,,
,,,,,,,,,,,
,,,,,,,,,,,
,,,,,,,,,,,
,,,,,,,,,,,
,,,,,,,,,,,
,,,,,,,,,,,
,,,,,,,,,,,
,,,,,,,,,,,
,,,,,,,,,,,
,,,,,,,,,,,
,,,,,,,,,,,
,,,,,,,,,,,
,,,,,,,,,,,
,,,,,,,,,,,
,,,,,,,,,,,
,,,,,,,,,,,
,,,,,,,,,,,
,,,,,,,,,,,
,,,,,,,,,,,
,,,,,,,,,,,
,,,,,,,,,,,
,,,,,,,,,,,
,,,,,,,,,,,
,,,,,,,,,,,
,,,,,,,,,,,
,,,,,,,,,,,
,,,,,,,,,,,
,,,,,,,,,,,
,,,,,,,,,,,
,,,,,,,,,,,
,,,,,,,,,,,
,,,,,,,,,,,
,,,,,,,,,,,
,,,,,,,,,,,
,,,,,,,,,,,
,,,,,,,,,,,
,,,,,,,,,,,
,,,,,,,,,,,
,,,,,,,,,,,
,,,,,,,,,,,
,,,,,,,,,,,
,,,,,,,,,,,
,,,,,,,,,,,
,,,,,,,,,,,
,,,,,,,,,,,
,,,,,,,,,,,
,,,,,,,,,,,
,,,,,,,,,,,
,,,,,,,,,,,
,,,,,,,,,,,
,,,,,,,,,,,
,,,,,,,,,,,
,,,,,,,,,,,
,,,,,,,,,,,
,,,,,,,,,,,
,,,,,,,,,,,
,,,,,,,,,,,
,,,,,,,,,,,
,,,,,,,,,,,
,,,,,,,,,,,
,,,,,,,,,,,
,,,,,,,,,,,
,,,,,,,,,,,
,,,,,,,,,,,
,,,,,,,,,,,
,,,,,,,,,,,
,,,,,,,,,,,
,,,,,,,,,,,
,,,,,,,,,,,
,,,,,,,,,,,
,,,,,,,,,,,
,,,,,,,,,,,
,,,,,,,,,,,
,,,,,,,,,,,
,,,,,,,,,,,
,,,,,,,,,,,
,,,,,,,,,,,
,,,,,,,,,,,
,,,,,,,,,,,
,,,,,,,,,,,
,,,,,,,,,,,
,,,,,,,,,,,
,,,,,,,,,,,
,,,,,,,,,,,
,,,,,,,,,,,
,,,,,,,,,,,
,,,,,,,,,,,
,,,,,,,,,,,
,,,,,,,,,,,
,,,,,,,,,,,
,,,,,,,,,,,
,,,,,,,,,,,
,,,,,,,,,,,
,,,,,,,,,,,
,,,,,,,,,,,
,,,,,,,,,,,
,,,,,,,,,,,
,,,,,,,,,,,
,,,,,,,,,,,
,,,,,,,,,,,
,,,,,,,,,,,
,,,,,,,,,,,
,,,,,,,,,,,
,,,,,,,,,,,
,,,,,,,,,,,
,,,,,,,,,,,
,,,,,,,,,,,
,,,,,,,,,,,
,,,,,,,,,,,
,,,,,,,,,,,
,,,,,,,,,,,
,,,,,,,,,,,
,,,,,,,,,,,
,,,,,,,,,,,
,,,,,,,,,,,
,,,,,,,,,,,
,,,,,,,,,,,
,,,,,,,,,,,
,,,,,,,,,,,
,,,,,,,,,,,
,,,,,,,,,,,
,,,,,,,,,,,
,,,,,,,,,,,
,,,,,,,,,,,
,,,,,,,,,,,
,,,,,,,,,,,
,,,,,,,,,,,
,,,,,,,,,,,
,,,,,,,,,,,
,,,,,,,,,,,
,,,,,,,,,,,
,,,,,,,,,,,
,,,,,,,,,,,
,,,,,,,,,,,
,,,,,,,,,,,
,,,,,,,,,,,
,,,,,,,,,,,
,,,,,,,,,,,
,,,,,,,,,,,
,,,,,,,,,,,
,,,,,,,,,,,
,,,,,,,,,,,
,,,,,,,,,,,
,,,,,,,,,,,
,,,,,,,,,,,
,,,,,,,,,,,
,,,,,,,,,,,
,,,,,,,,,,,
,,,,,,,,,,,
,,,,,,,,,,,
,,,,,,,,,,,
,,,,,,,,,,,
,,,,,,,,,,,
,,,,,,,,,,,
,,,,,,,,,,,
,,,,,,,,,,,
,,,,,,,,,,,
,,,,,,,,,,,
,,,,,,,,,,,
,,,,,,,,,,,
,,,,,,,,,,,
,,,,,,,,,,,
,,,,,,,,,,,
,,,,,,,,,,,
,,,,,,,,,,,
,,,,,,,,,,,
,,,,,,,,,,,
,,,,,,,,,,,
,,,,,,,,,,,
,,,,,,,,,,,
,,,,,,,,,,,
,,,,,,,,,,,
,,,,,,,,,,,
,,,,,,,,,,,
,,,,,,,,,,,
,,,,,,,,,,,
,,,,,,,,,,,
,,,,,,,,,,,
,,,,,,,,,,,
,,,,,,,,,,,
,,,,,,,,,,,
,,,,,,,,,,,
,,,,,,,,,,,
,,,,,,,,,,,
,,,,,,,,,,,
,,,,,,,,,,,
,,,,,,,,,,,
,,,,,,,,,,,
,,,,,,,,,,,
,,,,,,,,,,,
,,,,,,,,,,,
,,,,,,,,,,,
,,,,,,,,,,,
,,,,,,,,,,,
,,,,,,,,,,,
,,,,,,,,,,,
,,,,,,,,,,,
,,,,,,,,,,,
,,,,,,,,,,,
,,,,,,,,,,,
,,,,,,,,,,,
,,,,,,,,,,,
,,,,,,,,,,,
,,,,,,,,,,,
,,,,,,,,,,,
,,,,,,,,,,,
,,,,,,,,,,,
,,,,,,,,,,,
,,,,,,,,,,,
,,,,,,,,,,,
,,,,,,,,,,,
,,,,,,,,,,,
,,,,,,,,,,,
,,,,,,,,,,,
,,,,,,,,,,,
,,,,,,,,,,,
,,,,,,,,,,,
,,,,,,,,,,,
,,,,,,,,,,,
,,,,,,,,,,,
,,,,,,,,,,,
,,,,,,,,,,,
,,,,,,,,,,,
,,,,,,,,,,,
,,,,,,,,,,,
,,,,,,,,,,,
,,,,,,,,,,,
,,,,,,,,,,,
,,,,,,,,,,,
,,,,,,,,,,,
,,,,,,,,,,,
,,,,,,,,,,,
,,,,,,,,,,,
,,,,,,,,,,,
,,,,,,,,,,,
,,,,,,,,,,,
,,,,,,,,,,,
,,,,,,,,,,,
,,,,,,,,,,,
,,,,,,,,,,,
,,,,,,,,,,,
,,,,,,,,,,,
,,,,,,,,,,,
,,,,,,,,,,,
,,,,,,,,,,,
,,,,,,,,,,,
,,,,,,,,,,,
,,,,,,,,,,,
,,,,,,,,,,,
,,,,,,,,,,,
,,,,,,,,,,,
,,,,,,,,,,,
,,,,,,,,,,,
,,,,,,,,,,,
,,,,,,,,,,,
,,,,,,,,,,,
,,,,,,,,,,,
,,,,,,,,,,,
,,,,,,,,,,,
,,,,,,,,,,,
,,,,,,,,,,,
,,,,,,,,,,,
,,,,,,,,,,,
,,,,,,,,,,,
,,,,,,,,,,,
,,,,,,,,,,,
,,,,,,,,,,,
,,,,,,,,,,,
,,,,,,,,,,,
,,,,,,,,,,,
,,,,,,,,,,,
,,,,,,,,,,,
,,,,,,,,,,,
,,,,,,,,,,,
,,,,,,,,,,,
,,,,,,,,,,,
,,,,,,,,,,,
,,,,,,,,,,,
,,,,,,,,,,,
,,,,,,,,,,,
,,,,,,,,,,,
,,,,,,,,,,,
,,,,,,,,,,,
,,,,,,,,,,,
,,,,,,,,,,,
,,,,,,,,,,,
,,,,,,,,,,,
,,,,,,,,,,,
,,,,,,,,,,,
,,,,,,,,,,,
,,,,,,,,,,,
,,,,,,,,,,,
,,,,,,,,,,,
,,,,,,,,,,,
,,,,,,,,,,,
,,,,,,,,,,,
,,,,,,,,,,,
,,,,,,,,,,,
,,,,,,,,,,,
,,,,,,,,,,,
,,,,,,,,,,,
,,,,,,,,,,,
,,,,,,,,,,,
,,,,,,,,,,,
,,,,,,,,,,,
,,,,,,,,,,,
,,,,,,,,,,,
,,,,,,,,,,,
,,,,,,,,,,,
,,,,,,,,,,,
,,,,,,,,,,,
,,,,,,,,,,,
,,,,,,,,,,,
,,,,,,,,,,,
,,,,,,,,,,,
,,,,,,,,,,,
,,,,,,,,,,,
,,,,,,,,,,,
,,,,,,,,,,,
,,,,,,,,,,,
,,,,,,,,,,,
,,,,,,,,,,,
,,,,,,,,,,,
,,,,,,,,,,,
,,,,,,,,,,,
,,,,,,,,,,,
,,,,,,,,,,,
,,,,,,,,,,,
,,,,,,,,,,,
,,,,,,,,,,,
,,,,,,,,,,,
,,,,,,,,,,,
,,,,,,,,,,,
,,,,,,,,,,,
,,,,,,,,,,,
,,,,,,,,,,,
,,,,,,,,,,,
,,,,,,,,,,,
,,,,,,,,,,,
,,,,,,,,,,,
,,,,,,,,,,,
,,,,,,,,,,,
,,,,,,,,,,,
,,,,,,,,,,,
,,,,,,,,,,,
,,,,,,,,,,,
,,,,,,,,,,,
,,,,,,,,,,,
,,,,,,,,,,,
,,,,,,,,,,,
,,,,,,,,,,,
,,,,,,,,,,,
,,,,,,,,,,,
,,,,,,,,,,,
,,,,,,,,,,,
,,,,,,,,,,,
,,,,,,,,,,,
,,,,,,,,,,,
,,,,,,,,,,,
,,,,,,,,,,,
,,,,,,,,,,,
,,,,,,,,,,,
,,,,,,,,,,,
,,,,,,,,,,,
,,,,,,,,,,,
,,,,,,,,,,,
,,,,,,,,,,,
,,,,,,,,,,,
,,,,,,,,,,,
,,,,,,,,,,,
,,,,,,,,,,,
,,,,,,,,,,,
,,,,,,,,,,,
,,,,,,,,,,,
,,,,,,,,,,,
,,,,,,,,,,,
,,,,,,,,,,,
,,,,,,,,,,,
,,,,,,,,,,,
,,,,,,,,,,,
,,,,,,,,,,,
,,,,,,,,,,,
,,,,,,,,,,,
,,,,,,,,,,,
,,,,,,,,,,,
,,,,,,,,,,,
,,,,,,,,,,,
,,,,,,,,,,,
,,,,,,,,,,,
,,,,,,,,,,,
,,,,,,,,,,,
,,,,,,,,,,,
,,,,,,,,,,,
,,,,,,,,,,,
,,,,,,,,,,,
,,,,,,,,,,,
,,,,,,,,,,,
,,,,,,,,,,,
