Motor Speed [RPM],Continuous Power [kW],Peak Power [kW]
0,0,0
5.005005005,0.077834793,0.116106465
10.01001001,0.155628045,0.231971991
15.01501502,0.233379965,0.347597791
20.02002002,0.311090762,0.462985076
25.02502503,0.388760644,0.578135057
30.03003003,0.466389821,0.693048948
35.03503504,0.543978501,0.80772796
40.04004004,0.621526895,0.922173305
45.04504505,0.699035209,1.036386195
50.05005005,0.776503654,1.150367842
55.05505506,0.853932439,1.264119458
60.06006006,0.931321772,1.377642255
65.06506507,1.008671863,1.490937445
70.07007007,1.08598292,1.604006239
75.07507508,1.163255152,1.716849851
80.08008008,1.240488768,1.829469491
85.08508509,1.317683978,1.941866372
90.09009009,1.39484099,2.054041705
95.0950951,1.471960013,2.165996703
100.1001001,1.549041256,2.277732578
105.1051051,1.626084928,2.389250541
110.1101101,1.703091238,2.500551805
115.1151151,1.780060396,2.611637582
120.1201201,1.856992609,2.722509082
125.1251251,1.933888087,2.83316752
130.1301301,2.010747039,2.943614106
135.1351351,2.087569673,3.053850052
140.1401401,2.1643562,3.16387657
145.1451451,2.241106827,3.273694873
150.1501502,2.317821764,3.383306172
155.1551552,2.39450122,3.492711679
160.1601602,2.471145403,3.601912607
165.1651652,2.547754523,3.710910166
170.1701702,2.624328788,3.81970557
175.1751752,2.700868408,3.92830003
180.1801802,2.777373591,4.036694758
185.1851852,2.853844547,4.144890966
190.1901902,2.930281484,4.252889866
195.1951952,3.006684612,4.36069267
200.2002002,3.083054139,4.46830059
205.2052052,3.159390274,4.575714838
210.2102102,3.235693226,4.682936626
215.2152152,3.311963204,4.789967165
220.2202202,3.388200418,4.896807669
225.2252252,3.464405075,5.003459348
230.2302302,3.540577386,5.109923414
235.2352352,3.616717559,5.216201081
240.2402402,3.692825803,5.322293559
245.2452452,3.768902326,5.428202061
250.2502503,3.844947339,5.533927798
255.2552553,3.920961049,5.639471983
260.2602603,3.996943666,5.744835828
265.2652653,4.072895399,5.850020544
270.2702703,4.148816457,5.955027343
275.2752753,4.224707048,6.059857438
280.2802803,4.300567383,6.16451204
285.2852853,4.376397668,6.268992361
290.2902903,4.452198114,6.373299614
295.2952953,4.52796893,6.47743501
300.3003003,4.603710324,6.581399762
305.3053053,4.679422506,6.68519508
310.3103103,4.755105684,6.788822178
315.3153153,4.830760068,6.892282267
320.3203203,4.906385866,6.995576559
325.3253253,4.981983287,7.098706266
330.3303303,5.05755254,7.2016726
335.3353353,5.133093835,7.304476773
340.3403403,5.208607379,7.407119997
345.3453453,5.284093383,7.509603484
350.3503504,5.359552055,7.611928446
355.3553554,5.434983604,7.714096095
360.3603604,5.510388239,7.816107642
365.3653654,5.585766169,7.917964301
370.3703704,5.661117603,8.019667282
375.3753754,5.73644275,8.121217798
380.3803804,5.811741818,8.22261706
385.3853854,5.887015018,8.323866282
390.3903904,5.962262557,8.424966674
395.3953954,6.037484645,8.525919448
400.4004004,6.11268149,8.626725817
405.4054054,6.187853303,8.727386993
410.4104104,6.26300029,8.827904187
415.4154154,6.338122663,8.928278611
420.4204204,6.413220629,9.028511478
425.4254254,6.488294397,9.128603999
430.4304304,6.563344177,9.228557387
435.4354354,6.638370177,9.328372853
440.4404404,6.713372607,9.428051609
445.4454454,6.788351675,9.527594867
450.4504505,6.86330759,9.62700384
455.4554555,6.938240561,9.726279739
460.4604605,7.013150798,9.825423776
465.4654655,7.088038508,9.924437163
470.4704705,7.162903902,10.02332111
475.4754755,7.237747188,10.12207684
480.4804805,7.312568575,10.22070554
485.4854855,7.387368272,10.31920845
490.4904905,7.462146488,10.41758677
495.4954955,7.536903432,10.51584171
500.5005005,7.611639313,10.61397448
505.5055055,7.686354339,10.7119863
510.5105105,7.761048721,10.80987838
515.5155155,7.835722666,10.90765192
520.5205205,7.910376384,11.00530815
525.5255255,7.985010083,11.10284827
530.5305305,8.059623973,11.2002735
535.5355355,8.134218263,11.29758504
540.5405405,8.208793161,11.39478412
545.5455455,8.283348877,11.49187194
550.5505506,8.357885619,11.58884971
555.5555556,8.432403597,11.68571864
560.5605606,8.506903019,11.78247995
565.5655656,8.581384094,11.87913486
570.5705706,8.655847032,11.97568456
575.5755756,8.730292041,12.07213028
580.5805806,8.80471933,12.16847322
585.5855856,8.879129109,12.2647146
590.5905906,8.953521585,12.36085563
595.5955956,9.027896969,12.45689752
600.6006006,9.102255469,12.55284148
605.6056056,9.176597293,12.64868873
610.6106106,9.250922652,12.74444047
615.6156156,9.325231754,12.84009793
620.6206206,9.399524807,12.9356623
625.6256256,9.473802022,13.03113481
630.6306306,9.548063606,13.12651666
635.6356356,9.622309769,13.22180907
640.6406406,9.69654072,13.31701325
645.6456456,9.770756668,13.41213041
650.6506507,9.844957821,13.50716177
655.6556557,9.919144388,13.60210852
660.6606607,9.99331658,13.6969719
665.6656657,10.0674746,13.7917531
670.6706707,10.14161867,13.88645335
675.6756757,10.21574898,13.98107384
680.6806807,10.28986576,14.0756158
685.6856857,10.3639692,14.17008044
690.6906907,10.43805952,14.26446897
695.6956957,10.51213693,14.35878259
700.7007007,10.58620163,14.45302253
705.7057057,10.66025384,14.54719
710.7107107,10.73429376,14.6412862
715.7157157,10.8083216,14.73531235
720.7207207,10.88233758,14.82926966
725.7257257,10.95634189,14.92315934
730.7307307,11.03033475,15.0169826
735.7357357,11.10431637,15.11074066
740.7407407,11.17828696,15.20443473
745.7457457,11.25224672,15.29806603
750.7507508,11.32619587,15.39163575
755.7557558,11.40013461,15.48514511
760.7607608,11.47406316,15.57859534
765.7657658,11.54798171,15.67198763
770.7707708,11.62189049,15.7653232
775.7757758,11.6957897,15.85860326
780.7807808,11.76967954,15.95182903
785.7857858,11.84356023,16.04500171
790.7907908,11.91743198,16.13812252
795.7957958,11.991295,16.23119267
800.8008008,12.06514949,16.32421337
805.8058058,12.13899566,16.41718584
810.8108108,12.21283372,16.51011128
815.8158158,12.28666389,16.60299091
820.8208208,12.36048637,16.69582594
825.8258258,12.43430136,16.78861758
830.8308308,12.50810909,16.88136704
835.8358358,12.58190975,16.97407554
840.8408408,12.65570356,17.06674429
845.8458458,12.72949072,17.1593745
850.8508509,12.80327145,17.25196737
855.8558559,12.87704594,17.34452414
860.8608609,12.95081443,17.43704599
865.8658659,13.0245771,17.52953416
870.8708709,13.09833417,17.62198984
875.8758759,13.17208585,17.71441426
880.8808809,13.24583235,17.80680861
885.8858859,13.31957388,17.89917413
890.8908909,13.39331064,17.99151201
895.8958959,13.46704284,18.08382347
900.9009009,13.5407707,18.17610972
905.9059059,13.61449443,18.26837197
910.9109109,13.68821422,18.36061144
915.9159159,13.76193029,18.45282934
920.9209209,13.83564286,18.54502687
925.9259259,13.90935212,18.63720526
930.9309309,13.98305829,18.72936571
935.9359359,14.05676158,18.82150943
940.9409409,14.13046219,18.91363764
945.9459459,14.20416033,19.00575155
950.950951,14.27785622,19.09785237
955.955956,14.35155006,19.18994131
960.960961,14.42524206,19.28201959
965.965966,14.49893244,19.37408842
970.970971,14.57262139,19.466149
975.975976,14.64630913,19.55820255
980.980981,14.71999586,19.65025029
985.985986,14.79368181,19.74229342
990.990991,14.86736716,19.83433316
995.995996,14.94105215,19.92637071
1001.001001,15.01473696,20.0184073
1006.006006,15.08842182,20.11044413
1011.011011,15.16210692,20.20248241
1016.016016,15.23579249,20.29452336
1021.021021,15.30947872,20.38656819
1026.026026,15.38316584,20.4786181
1031.031031,15.45685403,20.57067432
1036.036036,15.53054353,20.66273806
1041.041041,15.60423453,20.75481052
1046.046046,15.67792724,20.84689292
1051.051051,15.75162188,20.93898646
1056.056056,15.82531864,21.03109237
1061.061061,15.89901775,21.12321186
1066.066066,15.97271941,21.21534613
1071.071071,16.04642382,21.3074964
1076.076076,16.1201312,21.39966388
1081.081081,16.19384176,21.49184978
1086.086086,16.2675557,21.58405531
1091.091091,16.34127324,21.67628169
1096.096096,16.41499458,21.76853013
1101.101101,16.48871993,21.86080183
1106.106106,16.56244951,21.95309802
1111.111111,16.63618351,22.04541991
1116.116116,16.70992215,22.13776869
1121.121121,16.78366564,22.2301456
1126.126126,16.85741419,22.32255184
1131.131131,16.931168,22.41498861
1136.136136,17.00492729,22.50745714
1141.141141,17.07869226,22.59995864
1146.146146,17.15246312,22.69249431
1151.151151,17.22624009,22.78506537
1156.156156,17.30002336,22.87767304
1161.161161,17.37381316,22.97031852
1166.166166,17.44760968,23.06300302
1171.171171,17.52141314,23.15572776
1176.176176,17.59522375,23.24849395
1181.181181,17.66904171,23.3413028
1186.186186,17.74286724,23.43415552
1191.191191,17.81670054,23.52705333
1196.196196,17.89054182,23.61999744
1201.201201,17.9643913,23.71298905
1206.206206,18.03824917,23.80602939
1211.211211,18.11211566,23.89911966
1216.216216,18.18599096,23.99226107
1221.221221,18.25987529,24.08545484
1226.226226,18.33376885,24.17870218
1231.231231,18.40767186,24.2720043
1236.236236,18.48158452,24.36536241
1241.241241,18.55550705,24.45877773
1246.246246,18.62943965,24.55225147
1251.251251,18.70338253,24.64578483
1256.256256,18.7773359,24.73937903
1261.261261,18.85129996,24.83303529
1266.266266,18.92527494,24.92675481
1271.271271,18.99926103,25.02053881
1276.276276,19.07325845,25.1143885
1281.281281,19.1472674,25.20830508
1286.286286,19.2212881,25.30228978
1291.291291,19.29532075,25.39634381
1296.296296,19.36936556,25.49046837
1301.301301,19.44342274,25.58466468
1306.306306,19.51749249,25.67893395
1311.311311,19.59157504,25.77327739
1316.316316,19.66567059,25.86769621
1321.321321,19.73977934,25.96219163
1326.326326,19.8139015,26.05676486
1331.331331,19.8880373,26.15141711
1336.336336,19.96218692,26.2461496
1341.341341,20.03635058,26.34096352
1346.346346,20.1105285,26.43586011
1351.351351,20.18472088,26.53084056
1356.356356,20.25892792,26.62590609
1361.361361,20.33314985,26.72105791
1366.366366,20.40738686,26.81629723
1371.371371,20.48163917,26.91162528
1376.376376,20.55590698,27.00704325
1381.381381,20.6301905,27.10255236
1386.386386,20.70448995,27.19815382
1391.391391,20.77880553,27.29384884
1396.396396,20.85313745,27.38963864
1401.401401,20.92748592,27.48552443
1406.406406,21.00185115,27.58150742
1411.411411,21.07623334,27.67758882
1416.416416,21.15063271,27.77376984
1421.421421,21.22504947,27.8700517
1426.426426,21.29948382,27.96643561
1431.431431,21.37393598,28.06292278
1436.436436,21.44840615,28.15951441
1441.441441,21.52289454,28.25621173
1446.446446,21.59740136,28.35301595
1451.451451,21.67192681,28.44992827
1456.456456,21.74647112,28.54694992
1461.461461,21.82103448,28.64408209
1466.466466,21.89561711,28.74132601
1471.471471,21.97021922,28.83868288
1476.476476,22.04484101,28.93615392
1481.481481,22.11948269,29.03374034
1486.486486,22.19414447,29.13144335
1491.491491,22.26882657,29.22926416
1496.496496,22.34352918,29.32720399
1501.501502,22.41825253,29.42526405
1506.506507,22.49299681,29.52344554
1511.511512,22.56776223,29.62174968
1516.516517,22.64254902,29.72017769
1521.521522,22.71735736,29.81873077
1526.526527,22.79218749,29.91741014
1531.531532,22.86703959,30.01621701
1536.536537,22.94191389,30.11515259
1541.541542,23.01681058,30.21421809
1546.546547,23.09172989,30.31341473
1551.551552,23.16667201,30.41274371
1556.556557,23.24163716,30.51220625
1561.561562,23.31662555,30.61180357
1566.566567,23.39163738,30.71153686
1571.571572,23.46667287,30.81140735
1576.576577,23.54173222,30.91141625
1581.581582,23.61681564,31.01156476
1586.586587,23.69192335,31.1118541
1591.591592,23.76705554,31.21228549
1596.596597,23.84221243,31.31286013
1601.601602,23.91739423,31.41357924
1606.606607,23.99260115,31.51444403
1611.611612,24.06783339,31.6154557
1616.616617,24.14309117,31.71661548
1621.621622,24.21837469,31.81792457
1626.626627,24.29368417,31.91938419
1631.631632,24.3690198,32.02099555
1636.636637,24.44438181,32.12275985
1641.641642,24.5197704,32.22467832
1646.646647,24.59518577,32.32675216
1651.651652,24.67062815,32.42898259
1656.656657,24.74609773,32.53137082
1661.661662,24.82159472,32.63391806
1666.666667,24.89711934,32.73662551
1671.671672,24.97267179,32.83949441
1676.676677,25.04825229,32.94252594
1681.681682,25.12386104,33.04572134
1686.686687,25.19949824,33.14908181
1691.691692,25.27516412,33.25260855
1696.696697,25.35085887,33.35630279
1701.701702,25.42658272,33.46016574
1706.706707,25.50233585,33.5641986
1711.711712,25.5781185,33.6684026
1716.716717,25.65393085,33.77277893
1721.721722,25.72977313,33.87732882
1726.726727,25.80564555,33.98205347
1731.731732,25.8815483,34.0869541
1736.736737,25.9574816,34.19203192
1741.741742,26.03344566,34.29728815
1746.746747,26.10944069,34.40272398
1751.751752,26.1854669,34.50834064
1756.756757,26.26152449,34.61413934
1761.761762,26.33761368,34.72012129
1766.766767,26.41373467,34.8262877
1771.771772,26.48988767,34.93263978
1776.776777,26.56607289,35.03917874
1781.781782,26.64229055,35.14590581
1786.786787,26.71854084,35.25282218
1791.791792,26.79482399,35.35992907
1796.796797,26.87114019,35.4672277
1801.801802,26.94748965,35.57471927
1806.806807,27.0238726,35.682405
1811.811812,27.10028922,35.79028609
1816.816817,27.17673974,35.89836377
1821.821822,27.25322436,36.00663924
1826.826827,27.3297433,36.11511372
1831.831832,27.40629675,36.22378841
1836.836837,27.48288493,36.33266453
1841.841842,27.55950805,36.44174329
1846.846847,27.63616632,36.55102591
1851.851852,27.71285994,36.66051358
1856.856857,27.78958913,36.77020754
1861.861862,27.86635409,36.88010898
1866.866867,27.94315504,36.99021913
1871.871872,28.01999217,37.10053918
1876.876877,28.09686571,37.21107037
1881.881882,28.17377586,37.32181388
1886.886887,28.25072282,37.43277095
1891.891892,28.32770682,37.54394277
1896.896897,28.40472805,37.65533057
1901.901902,28.48178672,37.76693555
1906.906907,28.55888305,37.87875893
1911.911912,28.63601724,37.99080192
1916.916917,28.71318951,38.10306573
1921.921922,28.79040006,38.21555157
1926.926927,28.8676491,38.32826065
1931.931932,28.94493683,38.44119419
1936.936937,29.02226348,38.5543534
1941.941942,29.09962924,38.66773948
1946.946947,29.17703433,38.78135366
1951.951952,29.25447895,38.89519714
1956.956957,29.33196332,39.00927114
1961.961962,29.40948764,39.12357687
1966.966967,29.48705212,39.23811554
1971.971972,29.56465698,39.35288835
1976.976977,29.64230241,39.46789654
1981.981982,29.71998864,39.58314129
1986.986987,29.79771586,39.69862384
1991.991992,29.87548428,39.81434538
1996.996997,29.95329413,39.93030714
2002.002002,30.03114558,40.04651028
2007.007007,30.10903832,40.16295453
2012.012012,30.18697135,40.27963771
2017.017017,30.26494363,40.39655752
2022.022022,30.34295409,40.51371167
2027.027027,30.42100172,40.63109786
2032.032032,30.49908545,40.74871379
2037.037037,30.57720424,40.86655715
2042.042042,30.65535706,40.98462566
2047.047047,30.73354284,41.10291701
2052.052052,30.81176056,41.2214289
2057.057057,30.89000916,41.34015904
2062.062062,30.9682876,41.45910513
2067.067067,31.04659483,41.57826487
2072.072072,31.12492982,41.69763595
2077.077077,31.2032915,41.81721609
2082.082082,31.28167885,41.93700298
2087.087087,31.36009082,42.05699433
2092.092092,31.43852635,42.17718783
2097.097097,31.51698441,42.29758118
2102.102102,31.59546396,42.4181721
2107.107107,31.67396394,42.53895828
2112.112112,31.75248331,42.65993742
2117.117117,31.83102102,42.78110722
2122.122122,31.90957604,42.90246538
2127.127127,31.98814732,43.02400962
2132.132132,32.0667338,43.14573761
2137.137137,32.14533446,43.26764708
2142.142142,32.22394824,43.38973572
2147.147147,32.30257409,43.51200123
2152.152152,32.38121098,43.63444132
2157.157157,32.45985786,43.75705367
2162.162162,32.53851368,43.87983601
2167.167167,32.6171774,44.00278602
2172.172172,32.69584797,44.12590141
2177.177177,32.77452435,44.24917988
2182.182182,32.8532055,44.37261914
2187.187187,32.93189036,44.49621687
2192.192192,33.0105779,44.61997079
2197.197197,33.08926708,44.7438786
2202.202202,33.16795683,44.867938
2207.207207,33.24664613,44.99214668
2212.212212,33.32533392,45.11650235
2217.217217,33.40401916,45.24100272
2222.222222,33.48270081,45.36564548
2227.227227,33.56137782,45.49042834
2232.232232,33.64004914,45.61534899
2237.237237,33.71871374,45.74040514
2242.242242,33.79737056,45.86559448
2247.247247,33.87601857,45.99091473
2252.252252,33.95465671,46.11636358
2257.257257,34.03328394,46.24193874
2262.262262,34.11189923,46.3676379
2267.267267,34.19050151,46.49345876
2272.272272,34.26908976,46.61939904
2277.277277,34.34766291,46.74545642
2282.282282,34.42621994,46.87162861
2287.287287,34.50475978,46.99791332
2292.292292,34.58328141,47.12430824
2297.297297,34.66178377,47.25081107
2302.302302,34.74026582,47.37741953
2307.307307,34.81872651,47.50413129
2312.312312,34.89716481,47.63094408
2317.317317,34.97557966,47.75785559
2322.322322,35.05397001,47.88486352
2327.327327,35.13233484,48.01196558
2332.332332,35.21067308,48.13915946
2337.337337,35.2889837,48.26644287
2342.342342,35.36726565,48.3938135
2347.347347,35.44551789,48.52126907
2352.352352,35.52373936,48.64880726
2357.357357,35.60192904,48.77642579
2362.362362,35.68008586,48.90412236
2367.367367,35.75820879,49.03189465
2372.372372,35.83629679,49.15974039
2377.377377,35.9143488,49.28765726
2382.382382,35.99236378,49.41564297
2387.387387,36.07034069,49.54369523
2392.392392,36.14827849,49.67181172
2397.397397,36.22617612,49.79999016
2402.402402,36.30403254,49.92822825
2407.407407,36.38184671,50.05652368
2412.412412,36.45961759,50.18487416
2417.417417,36.53734413,50.31327739
2422.422422,36.61502528,50.44173107
2427.427427,36.69265999,50.5702329
2432.432432,36.77024724,50.69878059
2437.437437,36.84778596,50.82737184
2442.442442,36.92527512,50.95600434
2447.447447,37.00271366,51.0846758
2452.452452,37.08010056,51.21338391
2457.457457,37.15743475,51.34212639
2462.462462,37.2347152,51.47090094
2467.467467,37.31194086,51.59970524
2472.472472,37.38911068,51.72853702
2477.477477,37.46622363,51.85739396
2482.482482,37.54327865,51.98627377
2487.487487,37.62027471,52.11517414
2492.492492,37.69721075,52.24409279
2497.497497,37.77408573,52.37302742
2502.502503,37.85089861,52.50197571
2507.507508,37.92764835,52.63093539
2512.512513,38.00433389,52.75990414
2517.517518,38.08095419,52.88887967
2522.522523,38.15750821,53.01785967
2527.527528,38.2339949,53.14684186
2532.532533,38.31041323,53.27582394
2537.537538,38.38676213,53.4048036
2542.542543,38.46304058,53.53377854
2547.547548,38.53924752,53.66274647
2552.552553,38.61538191,53.79170509
2557.557558,38.6914427,53.9206521
2562.562563,38.76742885,54.0495852
2567.567568,38.84333932,54.1785021
2572.572573,38.91917306,54.30740049
2577.577578,38.99492902,54.43627807
2582.582583,39.07060617,54.56513255
2587.587588,39.14620344,54.69396163
2592.592593,39.22171981,54.82276302
2597.597598,39.29715423,54.9515344
2602.602603,39.37250565,55.08027349
2607.607608,39.44777302,55.20897798
2612.612613,39.52295531,55.33764558
2617.617618,39.59805146,55.46627398
2622.622623,39.67306043,55.59486089
2627.627628,39.74798118,55.72340402
2632.632633,39.82281267,55.85190105
2637.637638,39.89755384,55.9803497
2642.642643,39.97220365,56.10874767
2647.647648,40.04676107,56.23709265
2652.652653,40.12122503,56.36538235
2657.657658,40.19559451,56.49361447
2662.662663,40.26986844,56.6217867
2667.667668,40.3440458,56.74989676
2672.672673,40.41812553,56.87794235
2677.677678,40.49210659,57.00592115
2682.682683,40.56598794,57.13383089
2687.687688,40.63976852,57.26166925
2692.692693,40.7134473,57.38943394
2697.697698,40.78702323,57.51712266
2702.702703,40.86049527,57.64473312
2707.707708,40.93386236,57.77226301
2712.712713,41.00712347,57.89971003
2717.717718,41.08027755,58.02707189
2722.722723,41.15332356,58.15434629
2727.727728,41.22626045,58.28153092
2732.732733,41.29908718,58.4086235
2737.737738,41.37180269,58.53562172
2742.742743,41.44440596,58.66252328
2747.747748,41.51689592,58.78932589
2752.752753,41.58927155,58.91602724
2757.757758,41.66153178,59.04262505
2762.762763,41.73367559,59.169117
2767.767768,41.80570191,59.2955008
2772.772773,41.87760972,59.42177416
2777.777778,41.94939796,59.54793477
2782.782783,42.02106558,59.67398033
2787.787788,42.09261156,59.79990855
2792.792793,42.16403482,59.92571713
2797.797798,42.23533435,60.05140377
2802.802803,42.30650908,60.17696617
2807.807808,42.37755798,60.30240203
2812.812813,42.44848,60.42770906
2817.817818,42.51927409,60.55288495
2822.822823,42.58993921,60.67792741
2827.827828,42.66047432,60.80283413
2832.832833,42.73087837,60.92760283
2837.837838,42.80115031,61.05223119
2842.842843,42.87128911,61.17671693
2847.847848,42.94129371,61.30105775
2852.852853,43.01116307,61.42525134
2857.857858,43.08089615,61.5492954
2862.862863,43.1504919,61.67318765
2867.867868,43.21994928,61.79692577
2872.872873,43.28926724,61.92050747
2877.877878,43.35844473,62.04393046
2882.882883,43.42748072,62.16719243
2887.887888,43.49637416,62.29029109
2892.892893,43.565124,62.41322414
2897.897898,43.6337292,62.53598927
2902.902903,43.70218871,62.65858419
2907.907908,43.77050149,62.78100661
2912.912913,43.8386665,62.90325421
2917.917918,43.90668268,63.02532471
2922.922923,43.974549,63.14721581
2927.927928,44.04226441,63.2689252
2932.932933,44.10982786,63.3904506
2937.937938,44.17723831,63.51178969
2942.942943,44.24449471,63.63294018
2947.947948,44.31159603,63.75389978
2952.952953,44.37854121,63.87466618
2957.957958,44.44532922,63.99523709
2962.962963,44.51195899,64.1156102
2967.967968,44.5784295,64.23578322
2972.972973,44.6447397,64.35575385
2977.977978,44.71088854,64.4755198
2982.982983,44.77687497,64.59507876
2987.987988,44.84269796,64.71442843
2992.992993,44.90835645,64.83356652
2997.997998,44.9738494,64.95249072
3003.003003,45.03917582,65.07119884
3008.008008,45.10433538,65.18969017
3013.013013,45.16932826,65.30796513
3018.018018,45.2341547,65.42602419
3023.023023,45.29881488,65.5438678
3028.028028,45.36330903,65.66149643
3033.033033,45.42763734,65.77891053
3038.038038,45.49180003,65.89611056
3043.043043,45.55579731,66.01309698
3048.048048,45.61962939,66.12987026
3053.053053,45.68329647,66.24643085
3058.058058,45.74679877,66.36277922
3063.063063,45.81013649,66.47891581
3068.068068,45.87330984,66.5948411
3073.073073,45.93631904,66.71055554
3078.078078,45.99916428,66.82605959
3083.083083,46.06184579,66.94135371
3088.088088,46.12436376,67.05643836
3093.093093,46.18671841,67.171314
3098.098098,46.24890994,67.28598109
3103.103103,46.31093857,67.40044009
3108.108108,46.37280451,67.51469146
3113.113113,46.43450795,67.62873566
3118.118118,46.49604912,67.74257315
3123.123123,46.55742822,67.85620439
3128.128128,46.61864546,67.96962983
3133.133133,46.67970105,68.08284995
3138.138138,46.7405952,68.19586519
3143.143143,46.80132811,68.30867601
3148.148148,46.8619,68.42128289
3153.153153,46.92231108,68.53368627
3158.158158,46.98256155,68.64588662
3163.163163,47.04265162,68.75788439
3168.168168,47.1025815,68.86968005
3173.173173,47.1623514,68.98127406
3178.178178,47.22196153,69.09266687
3183.183183,47.2814121,69.20385895
3188.188188,47.34070332,69.31485075
3193.193193,47.3998354,69.42564274
3198.198198,47.45880854,69.53623537
3203.203203,47.51762295,69.6466291
3208.208208,47.57627885,69.7568244
3213.213213,47.63477644,69.86682172
3218.218218,47.69311593,69.97662152
3223.223223,47.75129753,70.08622427
3228.228228,47.80932145,70.19563042
3233.233233,47.8671879,70.30484043
3238.238238,47.92489708,70.41385476
3243.243243,47.98244921,70.52267388
3248.248248,48.0398445,70.63129824
3253.253253,48.09708315,70.73972829
3258.258258,48.15416537,70.84796451
3263.263263,48.21109138,70.95600735
3268.268268,48.26786137,71.06385727
3273.273273,48.32447557,71.17151473
3278.278278,48.38093417,71.27898018
3283.283283,48.43723739,71.3862541
3288.288288,48.49338544,71.49333694
3293.293293,48.54937852,71.60022915
3298.298298,48.60521685,71.70693121
3303.303303,48.66090063,71.81344356
3308.308308,48.71643008,71.91976667
3313.313313,48.77180539,72.02590099
3318.318318,48.82702679,72.131847
3323.323323,48.88209447,72.23760514
3328.328328,48.93700866,72.34317588
3333.333333,48.99176955,72.44855967
3338.338338,49.04637735,72.55375698
3343.343343,49.10083229,72.65876827
3348.348348,49.15513455,72.76359399
3353.353353,49.20928436,72.86823461
3358.358358,49.26328192,72.97269058
3363.363363,49.31712745,73.07696236
3368.368368,49.37082114,73.18105043
3373.373373,49.42436321,73.28495522
3378.378378,49.47775387,73.38867721
3383.383383,49.53099332,73.49221685
3388.388388,49.58408179,73.59557461
3393.393393,49.63701946,73.69875094
3398.398398,49.68980656,73.8017463
3403.403403,49.7424433,73.90456115
3408.408408,49.79492987,74.00719596
3413.413413,49.84726649,74.10965117
3418.418418,49.89945338,74.21192726
3423.423423,49.95149073,74.31402468
3428.428428,50.00337876,74.41594389
3433.433433,50.05511768,74.51768535
3438.438438,50.10670769,74.61924953
3443.443443,50.15814901,74.72063687
3448.448448,50.20944184,74.82184784
3453.453453,50.26058639,74.9228829
3458.458458,50.31158288,75.02374251
3463.463463,50.3624315,75.12442713
3468.468468,50.41313247,75.22493722
3473.473473,50.463686,75.32527323
3478.478478,50.5140923,75.42543564
3483.483483,50.56435158,75.52542489
3488.488488,50.61446404,75.62524145
3493.493493,50.66442989,75.72488577
3498.498498,50.71424935,75.82435833
3503.503504,50.76392261,75.92365957
3508.508509,50.8134499,76.02278995
3513.513514,50.86283142,76.12174995
3518.518519,50.91206738,76.22054
3523.523524,50.96115798,76.31916059
3528.528529,51.01010345,76.41761216
3533.533534,51.05890397,76.51589517
3538.538539,51.10755978,76.61401009
3543.543544,51.15607106,76.71195737
3548.548549,51.20443804,76.80973747
3553.553554,51.25266092,76.90735086
3558.558559,51.30073991,77.004798
3563.563564,51.34867522,77.10207933
3568.568569,51.39646706,77.19919533
3573.573574,51.44411563,77.29614645
3578.578579,51.49162115,77.39293316
3583.583584,51.53898383,77.4895559
3588.588589,51.58620387,77.58601515
3593.593594,51.63328148,77.68231136
3598.598599,51.68021688,77.77844499
3603.603604,51.72701027,77.8744165
3608.608609,51.77366185,77.97022635
3613.613614,51.82017185,78.065875
3618.618619,51.86654046,78.16136291
3623.623624,51.9127679,78.25669054
3628.628629,51.95885438,78.35185835
3633.633634,52.0048001,78.4468668
3638.638639,52.05060528,78.54171635
3643.643644,52.09627012,78.63640746
3648.648649,52.14179483,78.73094058
3653.653654,52.18717962,78.82531619
3658.658659,52.2324247,78.91953473
3663.663664,52.27753028,79.01359666
3668.668669,52.32249656,79.10750246
3673.673674,52.36732376,79.20125257
3678.678679,52.41201209,79.29484746
3683.683684,52.45656176,79.38828758
3688.688689,52.50097296,79.4815734
3693.693694,52.54524592,79.57470538
3698.698699,52.58938084,79.66768397
3703.703704,52.63337793,79.76050963
3708.708709,52.6772374,79.85318283
3713.713714,52.72095946,79.94570403
3718.718719,52.76454431,80.03807368
3723.723724,52.80799217,80.13029224
3728.728729,52.85130325,80.22236018
3733.733734,52.89447775,80.31427795
3738.738739,52.93751588,80.40604601
3743.743744,52.98041785,80.49766483
3748.748749,53.02318388,80.58913485
3753.753754,53.06581416,80.68045655
3758.758759,53.10830892,80.77163039
3763.763764,53.15066835,80.86265681
3768.768769,53.19289267,80.95353628
3773.773774,53.23498208,81.04426927
3778.778779,53.2769368,81.13485623
3783.783784,53.31875703,81.22529761
3788.788789,53.36044299,81.31559389
3793.793794,53.40199487,81.40574552
3798.798799,53.4434129,81.49575295
3803.803804,53.48469728,81.58561666
3808.808809,53.52584821,81.67533709
3813.813814,53.56686592,81.76491472
3818.818819,53.60775059,81.85434999
3823.823824,53.64850246,81.94364337
3828.828829,53.68912172,82.03279531
3833.833834,53.72960858,82.12180629
3838.838839,53.76996325,82.21067675
3843.843844,53.81018595,82.29940716
3848.848849,53.85027687,82.38799798
3853.853854,53.89023623,82.47644966
3858.858859,53.93006425,82.56476267
3863.863864,53.96976112,82.65293746
3868.868869,54.00932705,82.7409745
3873.873874,54.04876226,82.82887424
3878.878879,54.08806695,82.91663715
3883.883884,54.12724134,83.00426369
3888.888889,54.16628563,83.09175431
3893.893894,54.20520003,83.17910947
3898.898899,54.24398474,83.26632963
3903.903904,54.28263999,83.35341526
3908.908909,54.32116598,83.44036682
3913.913914,54.35956291,83.52718475
3918.918919,54.39783099,83.61386953
3923.923924,54.43597045,83.70042161
3928.928929,54.47398147,83.78684145
3933.933934,54.51186428,83.87312952
3938.938939,54.54961908,83.95928626
3943.943944,54.58724607,84.04531215
3948.948949,54.62474548,84.13120764
3953.953954,54.66211751,84.21697319
3958.958959,54.69936236,84.30260926
3963.963964,54.73648025,84.3881163
3968.968969,54.77347139,84.47349479
3973.973974,54.81033597,84.55874518
3978.978979,54.84707423,84.64386793
3983.983984,54.88368635,84.72886349
3988.988989,54.92017255,84.81373234
3993.993994,54.95653305,84.89847492
3998.998999,54.99276804,84.9830917
4004.004004,55.02887774,85.06758314
4009.009009,55.06486236,85.15194969
4014.014014,55.10072211,85.23619183
4019.019019,55.13645719,85.32031
4024.024024,55.17206781,85.40430466
4029.029029,55.20755418,85.48817628
4034.034034,55.24291652,85.57192532
4039.039039,55.27815503,85.65555224
4044.044044,55.31326991,85.73905748
4049.049049,55.34826139,85.82244153
4054.054054,55.38312966,85.90570483
4059.059059,55.41787494,85.98884784
4064.064064,55.45249743,86.07187103
4069.069069,55.48699735,86.15477485
4074.074074,55.5213749,86.23755977
4079.079079,55.5556303,86.32022624
4084.084084,55.58976374,86.40277472
4089.089089,55.62377545,86.48520567
4094.094094,55.65766562,86.56751956
4099.099099,55.69143447,86.64971684
4104.104104,55.72508221,86.73179797
4109.109109,55.75860905,86.81376341
4114.114114,55.79201519,86.89561363
4119.119119,55.82530084,86.97734907
4124.124124,55.85846622,87.05897021
4129.129129,55.89151153,87.14047749
4134.134134,55.92443698,87.22187139
4139.139139,55.95724278,87.30315236
4144.144144,55.98992914,87.38432085
4149.149149,56.02249626,87.46537734
4154.154154,56.05494437,87.54632227
4159.159159,56.08727366,87.62715611
4164.164164,56.11948434,87.70787933
4169.169169,56.15157662,87.78849237
4174.174174,56.18355072,87.86899569
4179.179179,56.21540684,87.94938977
4184.184184,56.24714519,88.02967505
4189.189189,56.27876598,88.109852
4194.194194,56.31026942,88.18992108
4199.199199,56.34165572,88.26988274
4204.204204,56.37292508,88.34973745
4209.209209,56.40407771,88.42948566
4214.214214,56.43511384,88.50912784
4219.219219,56.46603365,88.58866445
4224.224224,56.49683737,88.66809594
4229.229229,56.52752519,88.74742277
4234.234234,56.55809734,88.82664541
4239.239239,56.58855402,88.90576431
4244.244244,56.61889543,88.98477994
4249.249249,56.64912179,89.06369275
4254.254254,56.67923331,89.14250321
4259.259259,56.70923019,89.22121176
4264.264264,56.73911264,89.29981888
4269.269269,56.76888088,89.37832502
4274.274274,56.79853511,89.45673065
4279.279279,56.82807554,89.53503621
4284.284284,56.85750238,89.61324218
4289.289289,56.88681584,89.69134901
4294.294294,56.91601612,89.76935716
4299.299299,56.94510344,89.84726709
4304.304304,56.97407801,89.92507926
4309.309309,57.00294003,90.00279413
4314.314314,57.03168972,90.08041216
4319.319319,57.06032728,90.15793381
4324.324324,57.08885291,90.23535954
4329.329329,57.11726684,90.31268981
4334.334334,57.14556927,90.38992507
4339.339339,57.17376041,90.4670658
4344.344344,57.20184046,90.54411244
4349.349349,57.22980964,90.62106546
4354.354354,57.25766815,90.69792532
4359.359359,57.28541621,90.77469247
4364.364364,57.31305402,90.85136739
4369.369369,57.3405818,90.92795051
4374.374374,57.36799974,91.00444232
4379.379379,57.39530806,91.08084326
4384.384384,57.42250698,91.1571538
4389.389389,57.44959669,91.23337439
4394.394394,57.4765774,91.3095055
4399.399399,57.50344934,91.38554758
4404.404404,57.53021269,91.46150109
4409.409409,57.55686768,91.53736651
4414.414414,57.58341452,91.61314427
4419.419419,57.6098534,91.68883485
4424.424424,57.63618455,91.7644387
4429.429429,57.66240816,91.83995629
4434.434434,57.68852445,91.91538806
4439.439439,57.71453363,91.99073449
4444.444444,57.74043591,92.06599604
4449.449449,57.76623149,92.14117315
4454.454454,57.79192059,92.2162663
4459.459459,57.81750341,92.29127594
4464.464464,57.84298016,92.36620253
4469.469469,57.86835105,92.44104652
4474.474474,57.89361629,92.5158084
4479.479479,57.91877609,92.5904886
4484.484484,57.94383066,92.66508759
4489.489489,57.96878021,92.73960583
4494.494494,57.99362494,92.81404378
4499.499499,58.01836507,92.88840189
4504.504505,58.0430008,92.96268064
4509.50951,58.06753234,93.03688048
4514.514515,58.0919599,93.11100186
4519.51952,58.1162837,93.18504525
4524.524525,58.14050394,93.25901111
4529.52953,58.16462082,93.3328999
4534.534535,58.18863456,93.40671207
4539.53954,58.21254537,93.4804481
4544.544545,58.23635345,93.55410842
4549.54955,58.26005902,93.62769352
4554.554555,58.28366228,93.70120384
4559.55956,58.30716344,93.77463984
4564.564565,58.33056272,93.84800199
4569.56957,58.35386031,93.92129075
4574.574575,58.37705644,93.99450657
4579.57958,58.4001513,94.06764991
4584.584585,58.42314511,94.14072124
4589.58959,58.44603808,94.21372101
4594.594595,58.46883041,94.28664969
4599.5996,58.49152231,94.35950773
4604.604605,58.514114,94.43229559
4609.60961,58.53660568,94.50501374
4614.614615,58.55899756,94.57766262
4619.61962,58.58128985,94.65024271
4624.624625,58.60348276,94.72275446
4629.62963,58.6255765,94.79519834
4634.634635,58.64757127,94.86757479
4639.63964,58.66946729,94.93988429
4644.644645,58.69126477,95.01212728
4649.64965,58.7129639,95.08430424
4654.654655,58.73456491,95.15641562
4659.65966,58.75606801,95.22846187
4664.664665,58.77747339,95.30044347
4669.66967,58.79878127,95.37236087
4674.674675,58.81999186,95.44421452
4679.67968,58.84110537,95.51600489
4684.684685,58.862122,95.58773244
4689.68969,58.88304197,95.65939763
4694.694695,58.90386549,95.73100092
4699.6997,58.92459275,95.80254277
4704.704705,58.94522398,95.87402363
4709.70971,58.96575938,95.94544397
4714.714715,58.98619916,96.01680424
4719.71972,59.00654353,96.08810492
4724.724725,59.0267927,96.15934644
4729.72973,59.04694687,96.23052929
4734.734735,59.06700626,96.30165391
4739.73974,59.08697108,96.37272076
4744.744745,59.10684153,96.44373031
4749.74975,59.12661782,96.51468302
4754.754755,59.14630016,96.58557933
4759.75976,59.16588877,96.65641973
4764.764765,59.18538384,96.72720465
4769.76977,59.20478559,96.79793457
4774.774775,59.22409423,96.86860995
4779.77978,59.24330997,96.93923123
4784.784785,59.26243301,97.00979889
4789.78979,59.28146357,97.08031338
4794.794795,59.30040185,97.15077516
4799.7998,59.31924806,97.2211847
4804.804805,59.33800242,97.29154244
4809.80981,59.35666512,97.36184886
4814.814815,59.37523639,97.43210441
4819.81982,59.39371642,97.50230955
4824.824825,59.41210543,97.57246474
4829.82983,59.43040362,97.64257044
4834.834835,59.44861121,97.71262711
4839.83984,59.46672841,97.7826352
4844.844845,59.48475541,97.85259519
4849.84985,59.50269244,97.92250753
4854.854855,59.5205397,97.99237267
4859.85986,59.5382974,98.06219109
4864.864865,59.55596575,98.13196323
4869.86987,59.57354496,98.20168956
4874.874875,59.59103523,98.27137053
4879.87988,59.60843678,98.34100662
4884.884885,59.62574982,98.41059827
4889.88989,59.64297455,98.48014594
4894.894895,59.66011118,98.5496501
4899.8999,59.67715992,98.61911121
4904.904905,59.69412098,98.68852973
4909.90991,59.71099458,98.75790611
4914.914915,59.72778091,98.82724081
4919.91992,59.74448018,98.8965343
4924.924925,59.76109262,98.96578704
4929.92993,59.77761842,99.03499948
4934.934935,59.79405779,99.10417208
4939.93994,59.81041095,99.17330531
4944.944945,59.8266781,99.24239961
4949.94995,59.84285945,99.31145547
4954.954955,59.85895521,99.38047332
4959.95996,59.87496559,99.44945364
4964.964965,59.8908908,99.51839688
4969.96997,59.90673105,99.5873035
4974.974975,59.92248654,99.65617397
4979.97998,59.93815749,99.72500873
4984.984985,59.9537441,99.79380826
4989.98999,59.96924658,99.86257301
4994.994995,59.98466514,99.93130343
5000,60,100
